UF;codigo_ibge;cidade;bairro
AC;1200013;Acrelândia;
AC;1200054;Assis Brasil;Bela Vista
AC;1200054;Assis Brasil;Cascata
AC;1200054;Assis Brasil;Centro
AC;1200054;Assis Brasil;Cidade Nova
AC;1200054;Assis Brasil;Plácido de Castro
AC;1200104;Brasiléia;Alberto Castro
AC;1200104;Brasiléia;Centro
AC;1200104;Brasiléia;Eldorado
AC;1200104;Brasiléia;Ferreira Silva
AC;1200104;Brasiléia;Francisco J. Moreira
AC;1200104;Brasiléia;Leonardo Barbosa
AC;1200104;Brasiléia;Marcos Galvão
AC;1200104;Brasiléia;Raimundo Chaar
AC;1200104;Brasiléia;Samaúma
AC;1200104;Brasiléia;Três Botequins
AC;1200138;Bujari;
AC;1200179;Capixaba;
AC;1200203;Cruzeiro do Sul;
AC;1200252;Epitaciolândia;Aeroporto
AC;1200252;Epitaciolândia;Beira Rio
AC;1200252;Epitaciolândia;Centro
AC;1200252;Epitaciolândia;J.C.Mesquita
AC;1200252;Epitaciolândia;José Hassem
AC;1200252;Epitaciolândia;Liberdade
AC;1200252;Epitaciolândia;Lírio dos Vales
AC;1200252;Epitaciolândia;Por do Sol
AC;1200252;Epitaciolândia;Satel
AC;1200302;Feijó;Aristides
AC;1200302;Feijó;Bela Vista
AC;1200302;Feijó;Centro
AC;1200302;Feijó;Cidade Nova
AC;1200302;Feijó;Cohab
AC;1200302;Feijó;Eletroacre
AC;1200302;Feijó;Esperança
AC;1200302;Feijó;Genir Nunes
AC;1200302;Feijó;Hospital
AC;1200302;Feijó;Nair Araújo
AC;1200302;Feijó;Segundo Distrito
AC;1200302;Feijó;Terminal
AC;1200302;Feijó;Zenaide Paiva
AC;1200328;Jordão;
AC;1200336;Mâncio Lima;
AC;1200344;Manoel Urbano;
AC;1200351;Marechal Thaumaturgo;
AC;1200385;Plácido de Castro;
AC;1200807;Porto Acre;
AC;1200393;Porto Walter;
AC;1200401;Rio Branco;
AC;1200427;Rodrigues Alves;Centro
AC;1200427;Rodrigues Alves;Dario Pereira
AC;1200427;Rodrigues Alves;Manoel Gomes
AC;1200427;Rodrigues Alves;Roberto Leite
AC;1200427;Rodrigues Alves;São Francisco
AC;1200435;Santa Rosa do Purus;
AC;1200500;Sena Madureira;Ana Vieira
AC;1200500;Sena Madureira;Bom Sucesso
AC;1200500;Sena Madureira;Cafezal
AC;1200500;Sena Madureira;Centro
AC;1200500;Sena Madureira;Centro Social Urbano
AC;1200500;Sena Madureira;Cidade Nova
AC;1200500;Sena Madureira;Cohab
AC;1200500;Sena Madureira;Cristo Libertador
AC;1200500;Sena Madureira;Da Pista
AC;1200500;Sena Madureira;Da Vitória
AC;1200500;Sena Madureira;Do Bosque
AC;1200500;Sena Madureira;Eugênio Areal
AC;1200500;Sena Madureira;Florentino
AC;1200500;Sena Madureira;Jardim Primavera
AC;1200500;Sena Madureira;Jorge Alves Júnior
AC;1200500;Sena Madureira;José Nogueira Sobrinho
AC;1200500;Sena Madureira;Nenem das Neves
AC;1200500;Sena Madureira;Niterói
AC;1200500;Sena Madureira;Raimundo Gomes de Freitas
AC;1200500;Sena Madureira;São Felipe
AC;1200500;Sena Madureira;São Francisco
AC;1200500;Sena Madureira;São Gonçalves
AC;1200500;Sena Madureira;Triângulo
AC;1200500;Sena Madureira;Vila Militar
AC;1200450;Senador Guiomard;
AC;1200609;Tarauacá;Avelino Leal
AC;1200609;Tarauacá;Centro
AC;1200609;Tarauacá;Cohab
AC;1200609;Tarauacá;Copacabana
AC;1200609;Tarauacá;Ipepaconha
AC;1200609;Tarauacá;Praia
AC;1200609;Tarauacá;Triângulo
AC;1200708;Xapuri;Bolívia
AC;1200708;Xapuri;Cageacre
AC;1200708;Xapuri;Centro
AC;1200708;Xapuri;Cerâmica
AC;1200708;Xapuri;Constantino
AC;1200708;Xapuri;Laranjal
AC;1200708;Xapuri;Multirão
AC;1200708;Xapuri;Pantanal
AC;1200708;Xapuri;Raimundo H. de Melo
AC;1200708;Xapuri;Sibéria
AL;2700102;Água Branca;
AL;2700201;Anadia;
AL;2700300;Arapiraca;Alazão
AL;2700300;Arapiraca;Alto do Cruzeiro
AL;2700300;Arapiraca;Baixa Grande
AL;2700300;Arapiraca;Baixão
AL;2700300;Arapiraca;Batingas
AL;2700300;Arapiraca;Boa Vista
AL;2700300;Arapiraca;Bom Sucesso
AL;2700300;Arapiraca;Brasília
AL;2700300;Arapiraca;Brasiliana
AL;2700300;Arapiraca;Cacimbas
AL;2700300;Arapiraca;Caititus
AL;2700300;Arapiraca;Canafístula
AL;2700300;Arapiraca;Capiatã
AL;2700300;Arapiraca;Cavaco
AL;2700300;Arapiraca;Centro
AL;2700300;Arapiraca;Deputado Nezinho
AL;2700300;Arapiraca;Eldorado
AL;2700300;Arapiraca;Guaribas
AL;2700300;Arapiraca;Itapoã
AL;2700300;Arapiraca;Jardim de Maria
AL;2700300;Arapiraca;Jardim Esperança
AL;2700300;Arapiraca;Jardim Tropical
AL;2700300;Arapiraca;João Paulo II
AL;2700300;Arapiraca;Manoel Teles
AL;2700300;Arapiraca;Massaranduba
AL;2700300;Arapiraca;Nova Esperança
AL;2700300;Arapiraca;Novo Horizonte
AL;2700300;Arapiraca;Olho D'Água dos Cazuzinhas
AL;2700300;Arapiraca;Olho D'Água dos Cazuzinhos
AL;2700300;Arapiraca;Ouro Preto
AL;2700300;Arapiraca;Padre Antonio Lima Neto
AL;2700300;Arapiraca;Planalto
AL;2700300;Arapiraca;Primavera
AL;2700300;Arapiraca;Santa Edwiges
AL;2700300;Arapiraca;Santa Esmeralda
AL;2700300;Arapiraca;São Luiz
AL;2700300;Arapiraca;São Luiz II
AL;2700300;Arapiraca;Senador Arnon de Melo
AL;2700300;Arapiraca;Senador Nilo Coelho
AL;2700300;Arapiraca;Senador Teotônio Vilela
AL;2700300;Arapiraca;Verdes Campos
AL;2700300;Arapiraca;Zélia Barbosa Rocha
AL;2700409;Atalaia;
AL;2700508;Barra de Santo Antônio;
AL;2700607;Barra de São Miguel;Alto de São Marcos
AL;2700607;Barra de São Miguel;Barra Mar
AL;2700607;Barra de São Miguel;Brejo
AL;2700607;Barra de São Miguel;Centro
AL;2700607;Barra de São Miguel;Piaçavas
AL;2700607;Barra de São Miguel;Porto de Vacas
AL;2700607;Barra de São Miguel;Praia das Conchas
AL;2700607;Barra de São Miguel;Quebra Cachimbo
AL;2700607;Barra de São Miguel;Saquarema
AL;2700706;Batalha;
AL;2700805;Belém;
AL;2700904;Belo Monte;
AL;2701001;Boca da Mata;
AL;2701100;Branquinha;
AL;2701209;Cacimbinhas;
AL;2701308;Cajueiro;
AL;2701357;Campestre;
AL;2701407;Campo Alegre;
AL;2701506;Campo Grande;
AL;2701605;Canapi;
AL;2701704;Capela;
AL;2701803;Carneiros;
AL;2701902;Chã Preta;
AL;2702009;Coité do Nóia;
AL;2702108;Colônia Leopoldina;
AL;2702207;Coqueiro Seco;
AL;2702306;Coruripe;
AL;2702355;Craíbas;
AL;2702405;Delmiro Gouveia;
AL;2702504;Dois Riachos;
AL;2702553;Estrela de Alagoas;
AL;2702603;Feira Grande;
AL;2702702;Feliz Deserto;
AL;2702801;Flexeiras;
AL;2702900;Girau do Ponciano;
AL;2703007;Ibateguara;
AL;2703106;Igaci;
AL;2703205;Igreja Nova;
AL;2703304;Inhapi;
AL;2703403;Jacaré dos Homens;
AL;2703502;Jacuípe;
AL;2703601;Japaratinga;
AL;2703700;Jaramataia;
AL;2703759;Jequiá da Praia;
AL;2703809;Joaquim Gomes;
AL;2703908;Jundiá;
AL;2704005;Junqueiro;
AL;2704104;Lagoa da Canoa;
AL;2704203;Limoeiro de Anadia;
AL;2704302;Maceió;Antares
AL;2704302;Maceió;Barro Duro
AL;2704302;Maceió;Bebedouro
AL;2704302;Maceió;Benedito Bentes
AL;2704302;Maceió;Bom Parto
AL;2704302;Maceió;Canaã
AL;2704302;Maceió;Centro
AL;2704302;Maceió;Chã da Jaqueira
AL;2704302;Maceió;Chã de Bebedouro
AL;2704302;Maceió;Cidade Universitária
AL;2704302;Maceió;Clima Bom
AL;2704302;Maceió;Cruz das Almas
AL;2704302;Maceió;Farol
AL;2704302;Maceió;Feitosa
AL;2704302;Maceió;Fernão Velho
AL;2704302;Maceió;Garça Torta
AL;2704302;Maceió;Gruta de Lourdes
AL;2704302;Maceió;Guaxuma
AL;2704302;Maceió;Guaxumã
AL;2704302;Maceió;Ipioca
AL;2704302;Maceió;Jacarecica
AL;2704302;Maceió;Jacintinho
AL;2704302;Maceió;Jaraguá
AL;2704302;Maceió;Jardim Petrópolis
AL;2704302;Maceió;Jatiúca
AL;2704302;Maceió;Levada
AL;2704302;Maceió;Mangabeiras
AL;2704302;Maceió;Mutange
AL;2704302;Maceió;Ouro Preto
AL;2704302;Maceió;Pajuçara
AL;2704302;Maceió;Pescaria
AL;2704302;Maceió;Petrópolis
AL;2704302;Maceió;Pinheiro
AL;2704302;Maceió;Pitanguinha
AL;2704302;Maceió;Poço
AL;2704302;Maceió;Ponta da Terra
AL;2704302;Maceió;Ponta Grossa
AL;2704302;Maceió;Ponta Verde
AL;2704302;Maceió;Pontal da Barra
AL;2704302;Maceió;Prado
AL;2704302;Maceió;Riacho Doce
AL;2704302;Maceió;Rio Novo
AL;2704302;Maceió;Santa Amélia
AL;2704302;Maceió;Santa Lúcia
AL;2704302;Maceió;Santo Amaro
AL;2704302;Maceió;Santos Dumont
AL;2704302;Maceió;São Jorge
AL;2704302;Maceió;Serraria
AL;2704302;Maceió;Tabuleiro do Martins
AL;2704302;Maceió;Trapiche da Barra
AL;2704302;Maceió;Vergel do Lago
AL;2704401;Major Isidoro;
AL;2704906;Mar Vermelho;
AL;2704500;Maragogi;
AL;2704609;Maravilha;
AL;2704708;Marechal Deodoro;
AL;2704807;Maribondo;
AL;2705002;Mata Grande;
AL;2705101;Matriz de Camaragibe;
AL;2705200;Messias;
AL;2705309;Minador do Negrão;
AL;2705408;Monteirópolis;
AL;2705507;Murici;
AL;2705606;Novo Lino;
AL;2705705;Olho d'Água das Flores;Pedro Sales de Barros
AL;2705804;Olho d'Água do Casado;
AL;2705903;Olho d'Água Grande;
AL;2706000;Olivença;
AL;2706109;Ouro Branco;
AL;2706208;Palestina;
AL;2706307;Palmeira dos Índios;Alto do Cruzeiro
AL;2706307;Palmeira dos Índios;Centro
AL;2706307;Palmeira dos Índios;Goiti
AL;2706307;Palmeira dos Índios;Jardim Brasil
AL;2706307;Palmeira dos Índios;José Maia Costa
AL;2706307;Palmeira dos Índios;Juca Sampaio
AL;2706307;Palmeira dos Índios;Palmeira de Fora
AL;2706307;Palmeira dos Índios;Paraíso
AL;2706307;Palmeira dos Índios;Ribeira
AL;2706307;Palmeira dos Índios;São Cristóvão
AL;2706307;Palmeira dos Índios;São Francisco
AL;2706307;Palmeira dos Índios;São Luiz
AL;2706307;Palmeira dos Índios;Sonho Verde
AL;2706307;Palmeira dos Índios;Tenório Cavalcanti
AL;2706307;Palmeira dos Índios;Vila Maria
AL;2706307;Palmeira dos Índios;Xucurus
AL;2706406;Pão de Açúcar;
AL;2706422;Pariconha;
AL;2706448;Paripueira;
AL;2706505;Passo de Camaragibe;
AL;2706604;Paulo Jacinto;
AL;2706703;Penedo;Centro
AL;2706703;Penedo;Centro Histórico
AL;2706703;Penedo;Dom Constantino
AL;2706703;Penedo;Raimundo Marinho
AL;2706703;Penedo;Santa Izabel
AL;2706703;Penedo;Santa Luzia
AL;2706703;Penedo;Santo Antônio
AL;2706703;Penedo;Senhor do Bonfim
AL;2706802;Piaçabuçu;
AL;2706901;Pilar;
AL;2707008;Pindoba;
AL;2707107;Piranhas;
AL;2707206;Poço das Trincheiras;
AL;2707305;Porto Calvo;
AL;2707404;Porto de Pedras;
AL;2707503;Porto Real do Colégio;
AL;2707602;Quebrangulo;
AL;2707701;Rio Largo;
AL;2707800;Roteiro;
AL;2707909;Santa Luzia do Norte;
AL;2708006;Santana do Ipanema;
AL;2708105;Santana do Mundaú;
AL;2708204;São Brás;
AL;2708303;São José da Laje;
AL;2708402;São José da Tapera;
AL;2708501;São Luís do Quitunde;
AL;2708600;São Miguel dos Campos;
AL;2708709;São Miguel dos Milagres;
AL;2708808;São Sebastião;
AL;2708907;Satuba;
AL;2708956;Senador Rui Palmeira;
AL;2709004;Tanque d'Arca;
AL;2709103;Taquarana;
AL;2709152;Teotônio Vilela;
AL;2709202;Traipu;
AL;2709301;União dos Palmares;
AL;2709400;Viçosa;
AM;1300029;Alvarães;
AM;1300060;Amaturá;Centro
AM;1300060;Amaturá;Santa Etelvina
AM;1300060;Amaturá;São Francisco
AM;1300086;Anamã;Centro
AM;1300086;Anamã;Esmeralda Moura
AM;1300086;Anamã;João Pinheiro
AM;1300102;Anori;Centro
AM;1300102;Anori;Japão
AM;1300102;Anori;São Carlos
AM;1300102;Anori;São João
AM;1300102;Anori;São Sebastião
AM;1300144;Apuí;Cachoeirinha
AM;1300144;Apuí;Centro
AM;1300144;Apuí;Comunicação
AM;1300144;Apuí;Liberdade
AM;1300144;Apuí;Morena
AM;1300144;Apuí;São Sebastião
AM;1300144;Apuí;Setor Industrial
AM;1300144;Apuí;Vila Nova
AM;1300144;Apuí;Vila Rica
AM;1300201;Atalaia do Norte;
AM;1300300;Autazes;Centro
AM;1300300;Autazes;Cidade Nova
AM;1300300;Autazes;Cidade Nova II
AM;1300300;Autazes;De Olinda
AM;1300300;Autazes;De Santa Luzia
AM;1300300;Autazes;De São José
AM;1300300;Autazes;Do Engenho
AM;1300300;Autazes;Do Mutirão
AM;1300300;Autazes;Dr. Alberto Simonet
AM;1300300;Autazes;Governador Gilberto Mestrinho
AM;1300300;Autazes;Jair Tupinambá
AM;1300300;Autazes;Nossa Senhora de Aparecida
AM;1300300;Autazes;Osvaldo Cruz Braga
AM;1300300;Autazes;Waldomiro Sampaio
AM;1300409;Barcelos;Centro
AM;1300409;Barcelos;Marivá
AM;1300409;Barcelos;Morara
AM;1300409;Barcelos;Nossa Senhora Aparecida
AM;1300409;Barcelos;Nossa Senhora de Nazaré
AM;1300409;Barcelos;Santo Antônio
AM;1300409;Barcelos;São Francisco
AM;1300409;Barcelos;São Sebastião
AM;1300508;Barreirinha;Beira Rio
AM;1300508;Barreirinha;Centro
AM;1300508;Barreirinha;São Benedito
AM;1300508;Barreirinha;São Judas Tadeu
AM;1300508;Barreirinha;Urbano Novo
AM;1300607;Benjamin Constant;Bom Jardim
AM;1300607;Benjamin Constant;Castanhal
AM;1300607;Benjamin Constant;Centro
AM;1300607;Benjamin Constant;Cidade Nova
AM;1300607;Benjamin Constant;Cohabam
AM;1300607;Benjamin Constant;Coimbra
AM;1300607;Benjamin Constant;Colônia
AM;1300607;Benjamin Constant;Javarizinho
AM;1300607;Benjamin Constant;Umarizal
AM;1300631;Beruri;
AM;1300680;Boa Vista do Ramos;Boiúna
AM;1300680;Boa Vista do Ramos;Carlos Matos
AM;1300680;Boa Vista do Ramos;Da Liberdade
AM;1300680;Boa Vista do Ramos;Esperança
AM;1300680;Boa Vista do Ramos;Jardim Vitória Régia
AM;1300680;Boa Vista do Ramos;Monte Sião
AM;1300680;Boa Vista do Ramos;Nossa Senhora de Fátima
AM;1300680;Boa Vista do Ramos;Santa Luzia
AM;1300680;Boa Vista do Ramos;São Sebastião
AM;1300680;Boa Vista do Ramos;Zona Centro Oeste
AM;1300706;Boca do Acre;Fortaleza
AM;1300706;Boca do Acre;Lago Novo
AM;1300706;Boca do Acre;Macaxeiral
AM;1300706;Boca do Acre;Platô do Piquiá
AM;1300706;Boca do Acre;Praia do Gado
AM;1300805;Borba;Centro
AM;1300805;Borba;Cristo Rei
AM;1300805;Borba;Ipiranga
AM;1300805;Borba;Recreio
AM;1300805;Borba;São Sebastião
AM;1300839;Caapiranga;
AM;1300904;Canutama;
AM;1301001;Carauari;14 Bis
AM;1301001;Carauari;Centro
AM;1301001;Carauari;Da Caixa
AM;1301001;Carauari;Da Luz
AM;1301001;Carauari;Da Memória
AM;1301001;Carauari;Do Flamengo
AM;1301001;Carauari;Do Sapatão
AM;1301001;Carauari;Eduardo Braga
AM;1301001;Carauari;Fátima
AM;1301001;Carauari;Morumbi
AM;1301001;Carauari;Nossa Senhora de Fátima
AM;1301001;Carauari;Nova República
AM;1301001;Carauari;Ramalhão
AM;1301001;Carauari;Samuel Amaral
AM;1301001;Carauari;Severino Serafim de Melo
AM;1301100;Careiro;Urbano Centro
AM;1301100;Careiro;Urbano Horizonte
AM;1301100;Careiro;Urbano Industrial
AM;1301100;Careiro;Urbano Sebastião Borges
AM;1301100;Careiro;Urbano Vista Alegre
AM;1301159;Careiro da Várzea;Antõnio Diniz de Carvalho
AM;1301159;Careiro da Várzea;Cambixe
AM;1301159;Careiro da Várzea;Centro
AM;1301159;Careiro da Várzea;Morada Nova
AM;1301209;Coari;Centro
AM;1301209;Coari;Chagas Aguiar
AM;1301209;Coari;Do Pera
AM;1301209;Coari;do Pera
AM;1301209;Coari;Duque de Caxias
AM;1301209;Coari;Espírito Santo
AM;1301209;Coari;Itamarati
AM;1301209;Coari;Santa Efigênia
AM;1301209;Coari;Santa Helena
AM;1301209;Coari;Tauá Mirim
AM;1301209;Coari;União
AM;1301209;Coari;Urucu
AM;1301308;Codajás;
AM;1301407;Eirunepé;Centro
AM;1301407;Eirunepé;Nossa Senhora Aparecida
AM;1301407;Eirunepé;Nossa Senhora de Fátima
AM;1301407;Eirunepé;Nossa Senhora do Perpétuo Socorro
AM;1301407;Eirunepé;Santo Antônio
AM;1301407;Eirunepé;São José
AM;1301506;Envira;Centro
AM;1301506;Envira;Concórdia
AM;1301506;Envira;Nova Esperança
AM;1301506;Envira;Rodoviário
AM;1301506;Envira;Santa Rita
AM;1301506;Envira;São Francisco
AM;1301506;Envira;Várzea
AM;1301605;Fonte Boa;
AM;1301654;Guajará;Cean
AM;1301654;Guajará;Centro
AM;1301654;Guajará;Centro Cultural
AM;1301654;Guajará;Davis
AM;1301654;Guajará;Floresta
AM;1301654;Guajará;Nova Guajará
AM;1301654;Guajará;Saborá
AM;1301704;Humaitá;Centro
AM;1301704;Humaitá;Divino Pranto
AM;1301704;Humaitá;Nossa Senhora do Carmo
AM;1301704;Humaitá;Nova Esperança
AM;1301704;Humaitá;Nova Humaitá
AM;1301704;Humaitá;Novo Centenário
AM;1301704;Humaitá;Santo Antônio
AM;1301704;Humaitá;São Cristóvão
AM;1301704;Humaitá;São Domingos Sávio
AM;1301704;Humaitá;São Francisco
AM;1301704;Humaitá;São José
AM;1301704;Humaitá;São Pedro
AM;1301704;Humaitá;São Sebastião
AM;1301803;Ipixuna;Centro
AM;1301803;Ipixuna;Da Creche
AM;1301803;Ipixuna;Da Liberdade
AM;1301803;Ipixuna;Da Várzea
AM;1301803;Ipixuna;Do Hospital
AM;1301803;Ipixuna;Estrada José de Lemos
AM;1301803;Ipixuna;Iolanda Regina da Silva
AM;1301803;Ipixuna;João Herculano Neto
AM;1301803;Ipixuna;Mutirão Novo
AM;1301803;Ipixuna;Peru
AM;1301803;Ipixuna;Telemar
AM;1301852;Iranduba;
AM;1301902;Itacoatiara;Araújo Costa
AM;1301902;Itacoatiara;Centenário
AM;1301902;Itacoatiara;Centro
AM;1301902;Itacoatiara;Colônia
AM;1301902;Itacoatiara;da Paz
AM;1301902;Itacoatiara;Da Paz
AM;1301902;Itacoatiara;Do Iracy
AM;1301902;Itacoatiara;Eduardo Braga I
AM;1301902;Itacoatiara;Eduardo Braga II
AM;1301902;Itacoatiara;Florestal
AM;1301902;Itacoatiara;Iraci
AM;1301902;Itacoatiara;Jacarezinho
AM;1301902;Itacoatiara;Jardim Adriana
AM;1301902;Itacoatiara;Jardim Lorena
AM;1301902;Itacoatiara;jauari
AM;1301902;Itacoatiara;Jauari II
AM;1301902;Itacoatiara;Jauary
AM;1301902;Itacoatiara;Jauary II
AM;1301902;Itacoatiara;Mamoud Amed
AM;1301902;Itacoatiara;Mutirão
AM;1301902;Itacoatiara;Nogueira Junior
AM;1301902;Itacoatiara;Pedreiras
AM;1301902;Itacoatiara;Poranga
AM;1301902;Itacoatiara;Prainha
AM;1301902;Itacoatiara;Santa Luzia
AM;1301902;Itacoatiara;Santo Antônio
AM;1301902;Itacoatiara;São Cristóvão
AM;1301902;Itacoatiara;São Francisco
AM;1301902;Itacoatiara;São Jorge
AM;1301902;Itacoatiara;Tiradentes
AM;1301951;Itamarati;Centro
AM;1301951;Itamarati;João Medeiros Campelo
AM;1301951;Itamarati;São José
AM;1301951;Itamarati;São Pedro
AM;1302009;Itapiranga;
AM;1302108;Japurá;
AM;1302207;Juruá;Centro
AM;1302207;Juruá;Chico Lázaro
AM;1302207;Juruá;Nova Esperança
AM;1302207;Juruá;São Francisco
AM;1302207;Juruá;Tancredo Neves
AM;1302306;Jutaí;Centro
AM;1302306;Jutaí;Da Vila Sônia
AM;1302306;Jutaí;Mariano
AM;1302306;Jutaí;Plínio Coelho
AM;1302306;Jutaí;Santo Antônio
AM;1302306;Jutaí;São Francisco
AM;1302306;Jutaí;São José I
AM;1302306;Jutaí;São Pedro
AM;1302405;Lábrea;Bairro da Fonte
AM;1302405;Lábrea;Bairro Novo
AM;1302405;Lábrea;Barra Limpa
AM;1302405;Lábrea;Centro
AM;1302405;Lábrea;Nossa Senhora de Fátima
AM;1302405;Lábrea;Pantanal
AM;1302405;Lábrea;São José
AM;1302405;Lábrea;Vila Falcão
AM;1302504;Manacapuru;Aparecida
AM;1302504;Manacapuru;Biribiri
AM;1302504;Manacapuru;Centro
AM;1302504;Manacapuru;Correnteza
AM;1302504;Manacapuru;Liberdade
AM;1302504;Manacapuru;Morada do Sol
AM;1302504;Manacapuru;Nova Manacá
AM;1302504;Manacapuru;São Francisco
AM;1302504;Manacapuru;São José
AM;1302504;Manacapuru;Terra Preta
AM;1302504;Manacapuru;União
AM;1302553;Manaquiri;Ajuricaba
AM;1302553;Manaquiri;Centro
AM;1302553;Manaquiri;Conjunto Novo
AM;1302553;Manaquiri;Das Laranjeiras
AM;1302553;Manaquiri;Do Areal
AM;1302553;Manaquiri;Novo
AM;1302553;Manaquiri;Osmar Freire
AM;1302603;Manaus;Adrianópolis
AM;1302603;Manaus;Aleixo
AM;1302603;Manaus;Alvorada
AM;1302603;Manaus;Armando Mendes
AM;1302603;Manaus;Betânia
AM;1302603;Manaus;Cachoeirinha
AM;1302603;Manaus;Centro
AM;1302603;Manaus;Chapada
AM;1302603;Manaus;Cidade de Deus
AM;1302603;Manaus;Cidade Nova
AM;1302603;Manaus;Colônia Antônio Aleixo
AM;1302603;Manaus;Colônia Oliveira Machado
AM;1302603;Manaus;Colônia Santo Antônio
AM;1302603;Manaus;Colônia Terra Nova
AM;1302603;Manaus;Compensa
AM;1302603;Manaus;Coroado
AM;1302603;Manaus;Crespo
AM;1302603;Manaus;Da Paz
AM;1302603;Manaus;Distrito Industrial I
AM;1302603;Manaus;Distrito Industrial II
AM;1302603;Manaus;Dom Pedro I
AM;1302603;Manaus;Educandos
AM;1302603;Manaus;Flores
AM;1302603;Manaus;Gilberto Mestrinho
AM;1302603;Manaus;Glória
AM;1302603;Manaus;Japiim
AM;1302603;Manaus;Jorge Teixeira
AM;1302603;Manaus;Lago Azul
AM;1302603;Manaus;Lírio do Vale
AM;1302603;Manaus;Mauazinho
AM;1302603;Manaus;Monte das Oliveiras
AM;1302603;Manaus;Morro da Liberdade
AM;1302603;Manaus;Nossa Senhora Aparecida
AM;1302603;Manaus;Nossa Senhora das Graças
AM;1302603;Manaus;Nova Cidade
AM;1302603;Manaus;Nova Esperança
AM;1302603;Manaus;Novo Aleixo
AM;1302603;Manaus;Novo Israel
AM;1302603;Manaus;Parque 10 de Novembro
AM;1302603;Manaus;Petrópolis
AM;1302603;Manaus;Planalto
AM;1302603;Manaus;Ponta Negra
AM;1302603;Manaus;Praça 14 de Janeiro
AM;1302603;Manaus;Presidente Vargas
AM;1302603;Manaus;Puraquequara
AM;1302603;Manaus;Raiz
AM;1302603;Manaus;Redenção
AM;1302603;Manaus;Santa Etelvina
AM;1302603;Manaus;Santa Luzia
AM;1302603;Manaus;Santo Agostinho
AM;1302603;Manaus;Santo Antônio
AM;1302603;Manaus;São Francisco
AM;1302603;Manaus;São Geraldo
AM;1302603;Manaus;São Jorge
AM;1302603;Manaus;São José Operário
AM;1302603;Manaus;São Lázaro
AM;1302603;Manaus;São Raimundo
AM;1302603;Manaus;Tancredo Neves
AM;1302603;Manaus;Tarumã
AM;1302603;Manaus;Tarumã-Açu
AM;1302603;Manaus;Vila Buriti
AM;1302603;Manaus;Vila da Prata
AM;1302603;Manaus;Zumbi dos Palmares
AM;1302702;Manicoré;Andaraí
AM;1302702;Manicoré;Auxiliadora
AM;1302702;Manicoré;Centro
AM;1302702;Manicoré;Colônia da Ribeira
AM;1302702;Manicoré;Dom Bosco
AM;1302702;Manicoré;Ipasea
AM;1302702;Manicoré;Laura Vicuña
AM;1302702;Manicoré;Manicorezinho
AM;1302702;Manicoré;Mazzarelo
AM;1302702;Manicoré;Nossa Senhora Auxiliadora
AM;1302702;Manicoré;Nossa Senhora do Rosário
AM;1302702;Manicoré;Rocinha
AM;1302702;Manicoré;Santa Luzia
AM;1302702;Manicoré;Santa Maria Domingas Mazzarello
AM;1302702;Manicoré;Santo Antônio
AM;1302702;Manicoré;São Domingos Sávio
AM;1302702;Manicoré;São Sebastião
AM;1302801;Maraã;
AM;1302900;Maués;Centro
AM;1302900;Maués;Do eden
AM;1302900;Maués;do Éden
AM;1302900;Maués;Donga Michiles
AM;1302900;Maués;Maresia
AM;1302900;Maués;Mário Fonseca
AM;1302900;Maués;Novo Bairro
AM;1302900;Maués;Ramalho Júnior
AM;1302900;Maués;Santa Luzia
AM;1302900;Maués;Santa Tereza
AM;1303007;Nhamundá;
AM;1303106;Nova Olinda do Norte;Aerolândia
AM;1303106;Nova Olinda do Norte;Centro
AM;1303106;Nova Olinda do Norte;Chicolândia
AM;1303106;Nova Olinda do Norte;Nossa Senhora de Fátima
AM;1303106;Nova Olinda do Norte;Santa Luzia
AM;1303106;Nova Olinda do Norte;Santa Maria
AM;1303106;Nova Olinda do Norte;Vale do Sol
AM;1303205;Novo Airão;Anavilhanas I
AM;1303205;Novo Airão;Anavilhanas II
AM;1303205;Novo Airão;Centro
AM;1303205;Novo Airão;Chicó
AM;1303205;Novo Airão;Conjunto Bandeirantes
AM;1303205;Novo Airão;Conjunto Eduardo Braga
AM;1303205;Novo Airão;Conjunto Habitacional Peixe-Boi
AM;1303205;Novo Airão;Jardim Primavera
AM;1303205;Novo Airão;Murici
AM;1303205;Novo Airão;Nossa Senhora Auxiliadora
AM;1303205;Novo Airão;Nova Esperança
AM;1303205;Novo Airão;Novo Horizonte
AM;1303205;Novo Airão;Remanso
AM;1303205;Novo Airão;Santo Antônio
AM;1303205;Novo Airão;Santo Elias
AM;1303304;Novo Aripuanã;Centro
AM;1303304;Novo Aripuanã;dos Trabalhadores
AM;1303304;Novo Aripuanã;Dos Trabalhadores
AM;1303304;Novo Aripuanã;Japiim
AM;1303304;Novo Aripuanã;Nossa Senhora da Conceição
AM;1303304;Novo Aripuanã;Tv
AM;1303403;Parintins;Castanheira
AM;1303403;Parintins;Centro
AM;1303403;Parintins;Dejard Vieira
AM;1303403;Parintins;Distrito Industrial
AM;1303403;Parintins;Emílio Moreira
AM;1303403;Parintins;Francesa
AM;1303403;Parintins;Itaúna I
AM;1303403;Parintins;Itaúna II
AM;1303403;Parintins;Jacareacanga
AM;1303403;Parintins;João Novo
AM;1303403;Parintins;Nossa Senhora de Nazaré
AM;1303403;Parintins;Palmares
AM;1303403;Parintins;Paulo Corrêa
AM;1303403;Parintins;Raimundo Muniz
AM;1303403;Parintins;Santa Clara
AM;1303403;Parintins;Santa Rita
AM;1303403;Parintins;São Benedito
AM;1303403;Parintins;São José
AM;1303403;Parintins;São Vicente de Paula
AM;1303403;Parintins;Vitória Régia
AM;1303502;Pauini;
AM;1303536;Presidente Figueiredo;Aida Mendonça
AM;1303536;Presidente Figueiredo;Atroari
AM;1303536;Presidente Figueiredo;Centro
AM;1303536;Presidente Figueiredo;Galo da Serra
AM;1303536;Presidente Figueiredo;Honório Roldão
AM;1303536;Presidente Figueiredo;José Dutra
AM;1303536;Presidente Figueiredo;Maruaga
AM;1303536;Presidente Figueiredo;Morada do Sol
AM;1303536;Presidente Figueiredo;Orquídeas
AM;1303536;Presidente Figueiredo;Sol Nascente
AM;1303536;Presidente Figueiredo;Tancredo Neves
AM;1303536;Presidente Figueiredo;Urubuí
AM;1303536;Presidente Figueiredo;Waimiri
AM;1303569;Rio Preto da Eva;
AM;1303601;Santa Isabel do Rio Negro;
AM;1303700;Santo Antônio do Içá;Alvaro Maia
AM;1303700;Santo Antônio do Içá;Campina
AM;1303700;Santo Antônio do Içá;Centro
AM;1303700;Santo Antônio do Içá;Franco
AM;1303700;Santo Antônio do Içá;Independência
AM;1303700;Santo Antônio do Içá;Pataquira
AM;1303700;Santo Antônio do Içá;Planalto
AM;1303700;Santo Antônio do Içá;Presidente Vargas
AM;1303700;Santo Antônio do Içá;Santa Etelvina
AM;1303700;Santo Antônio do Içá;São Francisco
AM;1303700;Santo Antônio do Içá;Taboca
AM;1303700;Santo Antônio do Içá;Tarauacá
AM;1303809;São Gabriel da Cachoeira;
AM;1303908;São Paulo de Olivença;Benjamin Constant
AM;1303908;São Paulo de Olivença;Centro
AM;1303908;São Paulo de Olivença;Colônia São Sebastião
AM;1303908;São Paulo de Olivença;De Campinas
AM;1303908;São Paulo de Olivença;de Campinas
AM;1303908;São Paulo de Olivença;José Carlos Mestrinho
AM;1303908;São Paulo de Olivença;Nosso Senhor do Bonfim
AM;1303908;São Paulo de Olivença;Nosso Senhor do Bonfin
AM;1303908;São Paulo de Olivença;Santa Terezinha
AM;1303908;São Paulo de Olivença;São João
AM;1303908;São Paulo de Olivença;União
AM;1303957;São Sebastião do Uatumã;Arumanzal
AM;1303957;São Sebastião do Uatumã;Centro
AM;1303957;São Sebastião do Uatumã;Colônia
AM;1303957;São Sebastião do Uatumã;De São Francisco
AM;1303957;São Sebastião do Uatumã;Gavião
AM;1303957;São Sebastião do Uatumã;Paz
AM;1303957;São Sebastião do Uatumã;Pólo Industrial Moveleiro
AM;1303957;São Sebastião do Uatumã;Trindade
AM;1304005;Silves;Castanheira
AM;1304005;Silves;Centro
AM;1304005;Silves;Governador Plinio Coelho
AM;1304005;Silves;Macajatuba
AM;1304005;Silves;Panorama
AM;1304005;Silves;Vila Costa
AM;1304062;Tabatinga;Brilhante
AM;1304062;Tabatinga;Centro
AM;1304062;Tabatinga;D. Pedro I
AM;1304062;Tabatinga;Da Comara
AM;1304062;Tabatinga;Das Comunicações
AM;1304062;Tabatinga;GM 3
AM;1304062;Tabatinga;Ibirapuera
AM;1304062;Tabatinga;Nova Esperança
AM;1304062;Tabatinga;Novo Progresso
AM;1304062;Tabatinga;Portobrás
AM;1304062;Tabatinga;Rui Barbosa
AM;1304062;Tabatinga;Santa Rosa
AM;1304062;Tabatinga;São Francisco
AM;1304062;Tabatinga;Tancredo Neves
AM;1304062;Tabatinga;Vila Nobre
AM;1304062;Tabatinga;Vila Paraíso
AM;1304062;Tabatinga;Vila Verde
AM;1304104;Tapauá;Açaí
AM;1304104;Tapauá;Armando Mendes-Mutirão
AM;1304104;Tapauá;Centro
AM;1304104;Tapauá;Manoel Costa
AM;1304104;Tapauá;Rio Ipixuna-Em Implantação
AM;1304104;Tapauá;Rio Purus
AM;1304104;Tapauá;São João
AM;1304203;Tefé;Abial
AM;1304203;Tefé;Centro
AM;1304203;Tefé;Colônia Ventura
AM;1304203;Tefé;Fonte Boa
AM;1304203;Tefé;Jardim Lara
AM;1304203;Tefé;Jerusalém
AM;1304203;Tefé;Juruá
AM;1304203;Tefé;Monte Castelo
AM;1304203;Tefé;Mutirão
AM;1304203;Tefé;Nossa Senhora de Fátima
AM;1304203;Tefé;Nova Esperança
AM;1304203;Tefé;Olaria
AM;1304203;Tefé;Santa Luzia
AM;1304203;Tefé;Santa Rosa
AM;1304203;Tefé;Santa Tereza
AM;1304203;Tefé;Santo Antônio
AM;1304203;Tefé;São Francisco
AM;1304203;Tefé;São João
AM;1304203;Tefé;São José
AM;1304203;Tefé;São Raimundo
AM;1304203;Tefé;Vila Nova
AM;1304203;Tefé;Zona Militar
AM;1304237;Tonantins;
AM;1304260;Uarini;
AM;1304302;Urucará;Cafezal
AM;1304302;Urucará;Centro
AM;1304302;Urucará;Da Glória
AM;1304302;Urucará;Divino dos Inocentes
AM;1304302;Urucará;Do Castanhal
AM;1304302;Urucará;Nossa Senhora de Aparecida
AM;1304302;Urucará;Novo Paraíso
AM;1304302;Urucará;Santa Luzia
AM;1304302;Urucará;São Jorge
AM;1304302;Urucará;São José
AM;1304302;Urucará;São Pedro
AM;1304401;Urucurituba;Aparecida
AM;1304401;Urucurituba;Centro
AM;1304401;Urucurituba;Liberdade
AM;1304401;Urucurituba;Livramento
AM;1304401;Urucurituba;Pedreiras
AM;1304401;Urucurituba;São Lázaro
AM;1304401;Urucurituba;Tabocal
AP;1600105;Amapá;
AP;1600204;Calçoene;CEA
AP;1600204;Calçoene;Das Palmeiras
AP;1600204;Calçoene;Parque dos Buritis
AP;1600212;Cutias;
AP;1600238;Ferreira Gomes;Centro
AP;1600238;Ferreira Gomes;Portelinha
AP;1600253;Itaubal;
AP;1600279;Laranjal do Jari;
AP;1600303;Macapá;Açaí
AP;1600303;Macapá;Alvorada
AP;1600303;Macapá;Amazonas
AP;1600303;Macapá;Araxá
AP;1600303;Macapá;Beirol
AP;1600303;Macapá;Bella Ville
AP;1600303;Macapá;Boné Azul
AP;1600303;Macapá;Brasil Novo
AP;1600303;Macapá;Buritis
AP;1600303;Macapá;Buritizal
AP;1600303;Macapá;Cabralzinho
AP;1600303;Macapá;Cajari
AP;1600303;Macapá;Central
AP;1600303;Macapá;Chefe Clodoaldo
AP;1600303;Macapá;Cidade Nova
AP;1600303;Macapá;Congos
AP;1600303;Macapá;Congós
AP;1600303;Macapá;Coração
AP;1600303;Macapá;Fazendinha
AP;1600303;Macapá;Goiabal
AP;1600303;Macapá;Igarapé de Fortaleza
AP;1600303;Macapá;Ilha Mirim
AP;1600303;Macapá;Infraero
AP;1600303;Macapá;Infraero I
AP;1600303;Macapá;Infraero II
AP;1600303;Macapá;Ipê
AP;1600303;Macapá;Jardim América
AP;1600303;Macapá;Jardim das Acácias
AP;1600303;Macapá;Jardim Equatorial
AP;1600303;Macapá;Jardim Felicidade
AP;1600303;Macapá;Jardim Felicidade I
AP;1600303;Macapá;Jardim Felicidade II
AP;1600303;Macapá;Jardim Marco Zero
AP;1600303;Macapá;Jesus de Nazaré
AP;1600303;Macapá;KM 9
AP;1600303;Macapá;Lago da Vaca
AP;1600303;Macapá;Lagoa Azul
AP;1600303;Macapá;Laguinho
AP;1600303;Macapá;Macapaba
AP;1600303;Macapá;Marabaixo I
AP;1600303;Macapá;Marabaixo II
AP;1600303;Macapá;Marabaixo III
AP;1600303;Macapá;Marco Zero
AP;1600303;Macapá;Morada das Palmeiras
AP;1600303;Macapá;Muca
AP;1600303;Macapá;Murici
AP;1600303;Macapá;Nova Esperança
AP;1600303;Macapá;Novo Buritizal
AP;1600303;Macapá;Novo Horizonte
AP;1600303;Macapá;Pacoval
AP;1600303;Macapá;Pantanal
AP;1600303;Macapá;Parque Aeroportuário
AP;1600303;Macapá;Parque dos Jardins
AP;1600303;Macapá;Pedrinhas
AP;1600303;Macapá;Perpétuo Socorro
AP;1600303;Macapá;Renascer
AP;1600303;Macapá;Santa Inês
AP;1600303;Macapá;Santa Rita
AP;1600303;Macapá;São José
AP;1600303;Macapá;São Lázaro
AP;1600303;Macapá;Sol Nascente
AP;1600303;Macapá;Trem
AP;1600303;Macapá;Universidade
AP;1600303;Macapá;Vale Verde
AP;1600303;Macapá;Zerão
AP;1600402;Mazagão;
AP;1600501;Oiapoque;
AP;1600154;Pedra Branca do Amapari;
AP;1600535;Porto Grande;
AP;1600550;Pracuúba;
AP;1600600;Santana;Acquaville
AP;1600600;Santana;Central
AP;1600600;Santana;Comercial
AP;1600600;Santana;Daniel
AP;1600600;Santana;Distrito Industrial
AP;1600600;Santana;Dos Remédios
AP;1600600;Santana;Elesbão
AP;1600600;Santana;Equador
AP;1600600;Santana;Fé em Deus
AP;1600600;Santana;Fonte Nova
AP;1600600;Santana;Fortaleza
AP;1600600;Santana;Hospitalidade
AP;1600600;Santana;Igarapé da Fortaleza
AP;1600600;Santana;Jardim de Deus
AP;1600600;Santana;Jardim Floresta
AP;1600600;Santana;Matapi Mirim
AP;1600600;Santana;Monte das Oliveiras
AP;1600600;Santana;Mutirão
AP;1600600;Santana;Nova Brasília
AP;1600600;Santana;Nova União
AP;1600600;Santana;Novo Horizonte
AP;1600600;Santana;Paraíso
AP;1600600;Santana;Parque das Laranjeiras
AP;1600600;Santana;Piçarreira
AP;1600600;Santana;Provedor
AP;1600600;Santana;Provedor I
AP;1600600;Santana;Provedor II
AP;1600600;Santana;Remédios I
AP;1600600;Santana;Remédios II
AP;1600600;Santana;Vila Amazonas
AP;1600055;Serra do Navio;
AP;1600709;Tartarugalzinho;
AP;1600808;Vitória do Jari;
BA;2900108;Abaíra;
BA;2900207;Abaré;
BA;2900306;Acajutiba;
BA;2900355;Adustina;
BA;2900405;Água Fria;
BA;2900603;Aiquara;
BA;2900702;Alagoinhas;
BA;2900801;Alcobaça;
BA;2900900;Almadina;
BA;2901007;Amargosa;
BA;2901106;Amélia Rodrigues;
BA;2901155;América Dourada;
BA;2901205;Anagé;
BA;2901304;Andaraí;
BA;2901353;Andorinha;
BA;2901403;Angical;
BA;2901502;Anguera;
BA;2901601;Antas;
BA;2901700;Antônio Cardoso;
BA;2901809;Antônio Gonçalves;
BA;2901908;Aporá;
BA;2901957;Apuarema;
BA;2902054;Araçás;
BA;2902005;Aracatu;
BA;2902104;Araci;
BA;2902203;Aramari;
BA;2902252;Arataca;
BA;2902302;Aratuípe;
BA;2902401;Aurelino Leal;
BA;2902500;Baianópolis;
BA;2902609;Baixa Grande;
BA;2902658;Banzaê;
BA;2902708;Barra;
BA;2902807;Barra da Estiva;
BA;2902906;Barra do Choça;
BA;2903003;Barra do Mendes;
BA;2903102;Barra do Rocha;
BA;2903201;Barreiras;
BA;2903235;Barro Alto;
BA;2903300;Barro Preto;
BA;2903276;Barrocas;
BA;2903409;Belmonte;
BA;2903508;Belo Campo;
BA;2903607;Biritinga;
BA;2903706;Boa Nova;
BA;2903805;Boa Vista do Tupim;
BA;2903904;Bom Jesus da Lapa;
BA;2903953;Bom Jesus da Serra;
BA;2904001;Boninal;
BA;2904050;Bonito;
BA;2904100;Boquira;
BA;2904209;Botuporã;
BA;2904308;Brejões;
BA;2904407;Brejolândia;
BA;2904506;Brotas de Macaúbas;
BA;2904605;Brumado;
BA;2904704;Buerarema;
BA;2904753;Buritirama;
BA;2904803;Caatiba;
BA;2904852;Cabaceiras do Paraguaçu;
BA;2904902;Cachoeira;
BA;2905008;Caculé;
BA;2905107;Caém;
BA;2905156;Caetanos;
BA;2905206;Caetité;
BA;2905305;Cafarnaum;
BA;2905404;Cairu;
BA;2905503;Caldeirão Grande;
BA;2905602;Camacan;
BA;2905701;Camaçari;
BA;2905800;Camamu;
BA;2905909;Campo Alegre de Lourdes;
BA;2906006;Campo Formoso;
BA;2906105;Canápolis;
BA;2906204;Canarana;
BA;2906303;Canavieiras;
BA;2906402;Candeal;
BA;2906501;Candeias;
BA;2906600;Candiba;
BA;2906709;Cândido Sales;
BA;2906808;Cansanção;
BA;2906824;Canudos;
BA;2906857;Capela do Alto Alegre;
BA;2906873;Capim Grosso;
BA;2906899;Caraíbas;
BA;2906907;Caravelas;
BA;2907004;Cardeal da Silva;
BA;2907103;Carinhanha;
BA;2907202;Casa Nova;
BA;2907301;Castro Alves;
BA;2907400;Catolândia;
BA;2907509;Catu;
BA;2907558;Caturama;
BA;2907608;Central;
BA;2907707;Chorrochó;
BA;2907806;Cícero Dantas;
BA;2907905;Cipó;
BA;2908002;Coaraci;
BA;2908101;Cocos;
BA;2908200;Conceição da Feira;
BA;2908309;Conceição do Almeida;
BA;2908408;Conceição do Coité;
BA;2908507;Conceição do Jacuípe;
BA;2908606;Conde;
BA;2908705;Condeúba;
BA;2908804;Contendas do Sincorá;
BA;2908903;Coração de Maria;
BA;2909000;Cordeiros;
BA;2909109;Coribe;
BA;2909208;Coronel João Sá;
BA;2909307;Correntina;
BA;2909406;Cotegipe;
BA;2909505;Cravolândia;
BA;2909604;Crisópolis;
BA;2909703;Cristópolis;
BA;2909802;Cruz das Almas;
BA;2909901;Curaçá;
BA;2910008;Dário Meira;
BA;2910057;Dias d'Ávila;
BA;2910107;Dom Basílio;
BA;2910206;Dom Macedo Costa;
BA;2910305;Elísio Medrado;
BA;2910404;Encruzilhada;
BA;2910503;Entre Rios;
BA;2900504;Érico Cardoso;
BA;2910602;Esplanada;
BA;2910701;Euclides da Cunha;Bela Vista
BA;2910701;Euclides da Cunha;Caixa D'água
BA;2910701;Euclides da Cunha;Centro
BA;2910701;Euclides da Cunha;Duda Macário
BA;2910701;Euclides da Cunha;Jeremias
BA;2910701;Euclides da Cunha;Nossa Senhora da Conceição
BA;2910701;Euclides da Cunha;Nossa Senhora de Fátima
BA;2910701;Euclides da Cunha;Nova América
BA;2910701;Euclides da Cunha;Pau Miúdo
BA;2910727;Eunápolis;
BA;2910750;Fátima;
BA;2910776;Feira da Mata;
BA;2910800;Feira de Santana;35º BI
BA;2910800;Feira de Santana;Aeroporto
BA;2910800;Feira de Santana;Asa Branca
BA;2910800;Feira de Santana;Aviário
BA;2910800;Feira de Santana;Baraúna
BA;2910800;Feira de Santana;Brasília
BA;2910800;Feira de Santana;Calumbi
BA;2910800;Feira de Santana;Campo do Gado Novo
BA;2910800;Feira de Santana;Campo Limpo
BA;2910800;Feira de Santana;Capuchinhos
BA;2910800;Feira de Santana;CASEB
BA;2910800;Feira de Santana;Centro
BA;2910800;Feira de Santana;Chácara São Cosme
BA;2910800;Feira de Santana;Chaparral
BA;2910800;Feira de Santana;Cidade Nova
BA;2910800;Feira de Santana;CIS
BA;2910800;Feira de Santana;Cis Norte
BA;2910800;Feira de Santana;Conceição
BA;2910800;Feira de Santana;Cruzeiro
BA;2910800;Feira de Santana;Gabriela
BA;2910800;Feira de Santana;Jardim Acácia
BA;2910800;Feira de Santana;Jardim Cruzeiro
BA;2910800;Feira de Santana;Lagoa Grande
BA;2910800;Feira de Santana;Lagoa Salgada
BA;2910800;Feira de Santana;Limoeiro
BA;2910800;Feira de Santana;Mangabeira
BA;2910800;Feira de Santana;Mantiba
BA;2910800;Feira de Santana;Muchila
BA;2910800;Feira de Santana;Nova Esperança
BA;2910800;Feira de Santana;Novo Horizonte
BA;2910800;Feira de Santana;Olhos D'Água
BA;2910800;Feira de Santana;Pampalona
BA;2910800;Feira de Santana;Papagaio
BA;2910800;Feira de Santana;Parque Getúlio Vargas
BA;2910800;Feira de Santana;Parque Ipê
BA;2910800;Feira de Santana;Pedra do Descanso
BA;2910800;Feira de Santana;Pedra Ferrada
BA;2910800;Feira de Santana;Ponto Central
BA;2910800;Feira de Santana;Queimadinha
BA;2910800;Feira de Santana;Registro
BA;2910800;Feira de Santana;Rua Nova
BA;2910800;Feira de Santana;Santa Monica
BA;2910800;Feira de Santana;Santa Mônica
BA;2910800;Feira de Santana;Santo Antônio dos Prazeres
BA;2910800;Feira de Santana;São João (antigo Campo do Gado Velho)
BA;2910800;Feira de Santana;São João - antigo Campo do Gado Velho
BA;2910800;Feira de Santana;Serraria Brasil
BA;2910800;Feira de Santana;Sim
BA;2910800;Feira de Santana;Sobradinho
BA;2910800;Feira de Santana;Subaé
BA;2910800;Feira de Santana;Tomba
BA;2910800;Feira de Santana;Vale do Jacuípe
BA;2910859;Filadélfia;
BA;2910909;Firmino Alves;
BA;2911006;Floresta Azul;
BA;2911105;Formosa do Rio Preto;
BA;2911204;Gandu;
BA;2911253;Gavião;
BA;2911303;Gentio do Ouro;
BA;2911402;Glória;
BA;2911501;Gongogi;
BA;2911600;Governador Mangabeira;
BA;2911659;Guajeru;
BA;2911709;Guanambi;
BA;2911808;Guaratinga;
BA;2911857;Heliópolis;
BA;2911907;Iaçu;
BA;2912004;Ibiassucê;
BA;2912103;Ibicaraí;
BA;2912202;Ibicoara;
BA;2912301;Ibicuí;
BA;2912400;Ibipeba;
BA;2912509;Ibipitanga;
BA;2912608;Ibiquera;
BA;2912707;Ibirapitanga;
BA;2912806;Ibirapuã;
BA;2912905;Ibirataia;
BA;2913002;Ibitiara;
BA;2913101;Ibititá;
BA;2913200;Ibotirama;
BA;2913309;Ichu;
BA;2913408;Igaporã;
BA;2913457;Igrapiúna;
BA;2913507;Iguaí;
BA;2913606;Ilhéus;Banco da Vitória
BA;2913606;Ilhéus;Barra do Itaípe
BA;2913606;Ilhéus;Basílio
BA;2913606;Ilhéus;Boa Vista
BA;2913606;Ilhéus;Centro
BA;2913606;Ilhéus;Cidade Nova
BA;2913606;Ilhéus;Conquista
BA;2913606;Ilhéus;Esperança
BA;2913606;Ilhéus;Hernani Sá
BA;2913606;Ilhéus;Iguape
BA;2913606;Ilhéus;Ilhéus II
BA;2913606;Ilhéus;Jardim Atlântico
BA;2913606;Ilhéus;Jardim Savóia
BA;2913606;Ilhéus;Malhado
BA;2913606;Ilhéus;Nelson Costa
BA;2913606;Ilhéus;Nossa Senhora da Vitoria
BA;2913606;Ilhéus;Pontal
BA;2913606;Ilhéus;Salobrinho
BA;2913606;Ilhéus;São Domingos
BA;2913606;Ilhéus;São Francisco
BA;2913606;Ilhéus;São Miguel
BA;2913606;Ilhéus;São Sebastião
BA;2913606;Ilhéus;Tapera
BA;2913606;Ilhéus;Teotônio Vilela
BA;2913606;Ilhéus;Teresópolis
BA;2913606;Ilhéus;Vila Cachoeira
BA;2913606;Ilhéus;Vila Nazaré
BA;2913705;Inhambupe;
BA;2913804;Ipecaetá;
BA;2913903;Ipiaú;
BA;2914000;Ipirá;
BA;2914109;Ipupiara;
BA;2914208;Irajuba;
BA;2914307;Iramaia;
BA;2914406;Iraquara;
BA;2914505;Irará;
BA;2914604;Irecê;
BA;2914653;Itabela;
BA;2914703;Itaberaba;
BA;2914802;Itabuna;Alto Maron
BA;2914802;Itabuna;Bananeira
BA;2914802;Itabuna;Banco Raso
BA;2914802;Itabuna;Califórnia
BA;2914802;Itabuna;Castália
BA;2914802;Itabuna;Centro
BA;2914802;Itabuna;Centro Industrial
BA;2914802;Itabuna;Conceição
BA;2914802;Itabuna;Ferradas
BA;2914802;Itabuna;Fonseca
BA;2914802;Itabuna;Goes Calmon
BA;2914802;Itabuna;Jaçanã
BA;2914802;Itabuna;Jardim Grapiúna
BA;2914802;Itabuna;Jardim Jaçanã
BA;2914802;Itabuna;Jardim Primavera
BA;2914802;Itabuna;Jardim Vitória
BA;2914802;Itabuna;João Soares
BA;2914802;Itabuna;Jorge Amado
BA;2914802;Itabuna;Lomanto Júnior
BA;2914802;Itabuna;Mangabinha
BA;2914802;Itabuna;Manoel Leão
BA;2914802;Itabuna;Maria Matos
BA;2914802;Itabuna;Maria Pinheiro
BA;2914802;Itabuna;Monte Cristo
BA;2914802;Itabuna;Nossa Senhora das Graças
BA;2914802;Itabuna;Nossa Senhora de Fátima
BA;2914802;Itabuna;Nova Califórnia
BA;2914802;Itabuna;Nova Esperança
BA;2914802;Itabuna;Nova Itabuna
BA;2914802;Itabuna;Novo São Caetano
BA;2914802;Itabuna;Novo São Lourenço
BA;2914802;Itabuna;Parque Boa Vista
BA;2914802;Itabuna;Parque Santa Clara
BA;2914802;Itabuna;Parque São João
BA;2914802;Itabuna;Parque Verde
BA;2914802;Itabuna;Pedro Jerônimo
BA;2914802;Itabuna;Pontalzinho
BA;2914802;Itabuna;Roça do Povo
BA;2914802;Itabuna;Santa Catarina
BA;2914802;Itabuna;Santa Inês
BA;2914802;Itabuna;Santo Antônio
BA;2914802;Itabuna;São Caetano
BA;2914802;Itabuna;São Judas
BA;2914802;Itabuna;São Lourenço
BA;2914802;Itabuna;São Pedro
BA;2914802;Itabuna;São Roque
BA;2914802;Itabuna;Sarinha Alcântara
BA;2914802;Itabuna;Sinval Palmeira
BA;2914802;Itabuna;Top Park
BA;2914802;Itabuna;Urbis IV
BA;2914802;Itabuna;Vale do Sol
BA;2914802;Itabuna;Vila Anália
BA;2914802;Itabuna;Villa Maria
BA;2914802;Itabuna;Zildolândia
BA;2914802;Itabuna;Zizo
BA;2914901;Itacaré;
BA;2915007;Itaeté;
BA;2915106;Itagi;
BA;2915205;Itagibá;
BA;2915304;Itagimirim;
BA;2915353;Itaguaçu da Bahia;
BA;2915403;Itaju do Colônia;
BA;2915502;Itajuípe;
BA;2915601;Itamaraju;
BA;2915700;Itamari;
BA;2915809;Itambé;
BA;2915908;Itanagra;
BA;2916005;Itanhém;
BA;2916104;Itaparica;
BA;2916203;Itapé;
BA;2916302;Itapebi;
BA;2916401;Itapetinga;
BA;2916500;Itapicuru;
BA;2916609;Itapitanga;
BA;2916708;Itaquara;
BA;2916807;Itarantim;
BA;2916856;Itatim;
BA;2916906;Itiruçu;
BA;2917003;Itiúba;
BA;2917102;Itororó;
BA;2917201;Ituaçu;
BA;2917300;Ituberá;
BA;2917334;Iuiu;
BA;2917359;Jaborandi;
BA;2917409;Jacaraci;
BA;2917508;Jacobina;
BA;2917607;Jaguaquara;
BA;2917706;Jaguarari;
BA;2917805;Jaguaripe;
BA;2917904;Jandaíra;
BA;2918001;Jequié;
BA;2918100;Jeremoabo;
BA;2918209;Jiquiriçá;
BA;2918308;Jitaúna;
BA;2918357;João Dourado;
BA;2918407;Juazeiro;Água Bela
BA;2918407;Juazeiro;Alagadiço
BA;2918407;Juazeiro;Alto da Aliança
BA;2918407;Juazeiro;Alto da Maravilha
BA;2918407;Juazeiro;Alto do Alencar
BA;2918407;Juazeiro;Alto do Cruzeiro
BA;2918407;Juazeiro;Antônio Conselheiro
BA;2918407;Juazeiro;Antônio Guilhermino
BA;2918407;Juazeiro;Argemiro
BA;2918407;Juazeiro;Cajueiro
BA;2918407;Juazeiro;Campus Universitário
BA;2918407;Juazeiro;Castelo Branco
BA;2918407;Juazeiro;Centenário
BA;2918407;Juazeiro;Centro
BA;2918407;Juazeiro;Coreia
BA;2918407;Juazeiro;Country Club
BA;2918407;Juazeiro;Distrito Industrial
BA;2918407;Juazeiro;Dom José Rodrigues
BA;2918407;Juazeiro;Dom Tomaz
BA;2918407;Juazeiro;Itaberaba
BA;2918407;Juazeiro;Jardim dos Universitários
BA;2918407;Juazeiro;Jardim Flórida
BA;2918407;Juazeiro;Jardim Novo Encontro
BA;2918407;Juazeiro;Jardim Primavera
BA;2918407;Juazeiro;Jardim São Paulo
BA;2918407;Juazeiro;Jardim Vitória
BA;2918407;Juazeiro;João Paulo II
BA;2918407;Juazeiro;João XXIII
BA;2918407;Juazeiro;Lomanto Júnior
BA;2918407;Juazeiro;Malhada da Areia
BA;2918407;Juazeiro;Maringá
BA;2918407;Juazeiro;Monte Castelo
BA;2918407;Juazeiro;Mussambê
BA;2918407;Juazeiro;Nossa Senhora da Penha
BA;2918407;Juazeiro;Nossa Senhora das Grotas
BA;2918407;Juazeiro;Nova Esperança
BA;2918407;Juazeiro;Padre Vicente
BA;2918407;Juazeiro;Palmares
BA;2918407;Juazeiro;Parque do Centenário
BA;2918407;Juazeiro;Parque Residencial Juazeiro
BA;2918407;Juazeiro;Pedra do Lord
BA;2918407;Juazeiro;Pedro Raimundo
BA;2918407;Juazeiro;Piranga
BA;2918407;Juazeiro;Quidé
BA;2918407;Juazeiro;Santa Maria Goretti
BA;2918407;Juazeiro;Santo Antônio
BA;2918407;Juazeiro;São Geraldo
BA;2918407;Juazeiro;Sol Levante
BA;2918407;Juazeiro;Tabuleiro
BA;2918407;Juazeiro;Tancredo Neves
BA;2918407;Juazeiro;Usina Aliança
BA;2918407;Juazeiro;Vila Santa Fé
BA;2918407;Juazeiro;Vila Tiradentes
BA;2918456;Jucuruçu;
BA;2918506;Jussara;
BA;2918555;Jussari;
BA;2918605;Jussiape;
BA;2918704;Lafaiete Coutinho;
BA;2918753;Lagoa Real;
BA;2918803;Laje;
BA;2918902;Lajedão;
BA;2919009;Lajedinho;
BA;2919058;Lajedo do Tabocal;
BA;2919108;Lamarão;
BA;2919157;Lapão;
BA;2919207;Lauro de Freitas;Aracuí
BA;2919207;Lauro de Freitas;Areia Branca
BA;2919207;Lauro de Freitas;Barro Duro
BA;2919207;Lauro de Freitas;Buraquinho
BA;2919207;Lauro de Freitas;Caixa D'água
BA;2919207;Lauro de Freitas;Caji
BA;2919207;Lauro de Freitas;Capelão
BA;2919207;Lauro de Freitas;Centro
BA;2919207;Lauro de Freitas;Ipitanga
BA;2919207;Lauro de Freitas;Itinga
BA;2919207;Lauro de Freitas;Jambeiro
BA;2919207;Lauro de Freitas;Parque São Paulo
BA;2919207;Lauro de Freitas;Pitangueiras
BA;2919207;Lauro de Freitas;Portão
BA;2919207;Lauro de Freitas;Quingoma
BA;2919207;Lauro de Freitas;Recreio Ipitanga
BA;2919207;Lauro de Freitas;Vida Nova
BA;2919207;Lauro de Freitas;Vila Praiana
BA;2919207;Lauro de Freitas;Vilas do Atlântico
BA;2919306;Lençóis;
BA;2919405;Licínio de Almeida;
BA;2919504;Livramento de Nossa Senhora;
BA;2919553;Luís Eduardo Magalhães;
BA;2919603;Macajuba;
BA;2919702;Macarani;
BA;2919801;Macaúbas;
BA;2919900;Macururé;
BA;2919926;Madre de Deus;
BA;2919959;Maetinga;
BA;2920007;Maiquinique;
BA;2920106;Mairi;
BA;2920205;Malhada;
BA;2920304;Malhada de Pedras;
BA;2920403;Manoel Vitorino;
BA;2920452;Mansidão;
BA;2920502;Maracás;
BA;2920601;Maragogipe;
BA;2920700;Maraú;
BA;2920809;Marcionílio Souza;
BA;2920908;Mascote;
BA;2921005;Mata de São João;
BA;2921054;Matina;
BA;2921104;Medeiros Neto;
BA;2921203;Miguel Calmon;
BA;2921302;Milagres;
BA;2921401;Mirangaba;
BA;2921450;Mirante;
BA;2921500;Monte Santo;
BA;2921609;Morpará;
BA;2921708;Morro do Chapéu;
BA;2921807;Mortugaba;
BA;2921906;Mucugê;
BA;2922003;Mucuri;
BA;2922052;Mulungu do Morro;
BA;2922102;Mundo Novo;
BA;2922201;Muniz Ferreira;
BA;2922250;Muquém do São Francisco;
BA;2922300;Muritiba;
BA;2922409;Mutuípe;
BA;2922508;Nazaré;
BA;2922607;Nilo Peçanha;
BA;2922656;Nordestina;
BA;2922706;Nova Canaã;
BA;2922730;Nova Fátima;
BA;2922755;Nova Ibiá;
BA;2922805;Nova Itarana;
BA;2922854;Nova Redenção;
BA;2922904;Nova Soure;
BA;2923001;Nova Viçosa;
BA;2923035;Novo Horizonte;
BA;2923050;Novo Triunfo;
BA;2923100;Olindina;
BA;2923209;Oliveira dos Brejinhos;
BA;2923308;Ouriçangas;
BA;2923357;Ourolândia;
BA;2923407;Palmas de Monte Alto;
BA;2923506;Palmeiras;
BA;2923605;Paramirim;
BA;2923704;Paratinga;
BA;2923803;Paripiranga;
BA;2923902;Pau Brasil;
BA;2924009;Paulo Afonso;
BA;2924058;Pé de Serra;
BA;2924108;Pedrão;
BA;2924207;Pedro Alexandre;
BA;2924306;Piatã;
BA;2924405;Pilão Arcado;
BA;2924504;Pindaí;
BA;2924603;Pindobaçu;
BA;2924652;Pintadas;
BA;2924678;Piraí do Norte;
BA;2924702;Piripá;
BA;2924801;Piritiba;
BA;2924900;Planaltino;
BA;2925006;Planalto;
BA;2925105;Poções;
BA;2925204;Pojuca;
BA;2925253;Ponto Novo;
BA;2925303;Porto Seguro;
BA;2925402;Potiraguá;
BA;2925501;Prado;
BA;2925600;Presidente Dutra;
BA;2925709;Presidente Jânio Quadros;
BA;2925758;Presidente Tancredo Neves;
BA;2925808;Queimadas;
BA;2925907;Quijingue;
BA;2925931;Quixabeira;
BA;2925956;Rafael Jambeiro;
BA;2926004;Remanso;
BA;2926103;Retirolândia;
BA;2926202;Riachão das Neves;
BA;2926301;Riachão do Jacuípe;
BA;2926400;Riacho de Santana;
BA;2926509;Ribeira do Amparo;
BA;2926608;Ribeira do Pombal;
BA;2926657;Ribeirão do Largo;
BA;2926707;Rio de Contas;
BA;2926806;Rio do Antônio;
BA;2926905;Rio do Pires;
BA;2927002;Rio Real;
BA;2927101;Rodelas;
BA;2927200;Ruy Barbosa;Boa Vista
BA;2927200;Ruy Barbosa;Centro
BA;2927200;Ruy Barbosa;Cruzeiro do Rocha
BA;2927200;Ruy Barbosa;das Populares
BA;2927200;Ruy Barbosa;Das Populares
BA;2927200;Ruy Barbosa;Dois de Julho
BA;2927200;Ruy Barbosa;Flores
BA;2927200;Ruy Barbosa;Folga
BA;2927200;Ruy Barbosa;Jardim Alvorada
BA;2927200;Ruy Barbosa;Jardim do Cedro
BA;2927200;Ruy Barbosa;Nova Brasília
BA;2927200;Ruy Barbosa;Nova Brasilia
BA;2927200;Ruy Barbosa;Orobozinho
BA;2927200;Ruy Barbosa;Otto Alencar
BA;2927200;Ruy Barbosa;São Francisco
BA;2927200;Ruy Barbosa;Tapiraípe
BA;2927200;Ruy Barbosa;Tapiraipe
BA;2927200;Ruy Barbosa;Vila Nova
BA;2927200;Ruy Barbosa;Vila Progresso
BA;2927309;Salinas da Margarida;
BA;2927408;Salvador;Acupe
BA;2927408;Salvador;Aeroporto
BA;2927408;Salvador;Águas Claras
BA;2927408;Salvador;Alto da Terezinha
BA;2927408;Salvador;Alto das Pombas
BA;2927408;Salvador;Alto do Cabrito
BA;2927408;Salvador;Alto do Coqueirinho
BA;2927408;Salvador;Amaralina
BA;2927408;Salvador;Areia Branca
BA;2927408;Salvador;Arenoso
BA;2927408;Salvador;Arraial do Retiro
BA;2927408;Salvador;Bairro da Paz
BA;2927408;Salvador;Baixa de Quintas
BA;2927408;Salvador;Barbalho
BA;2927408;Salvador;Barra
BA;2927408;Salvador;Barreiras
BA;2927408;Salvador;Barris
BA;2927408;Salvador;Beiru / Tancredo Neves
BA;2927408;Salvador;Boa Viagem
BA;2927408;Salvador;Boa Vista de Brotas
BA;2927408;Salvador;Boa Vista de São Caetano
BA;2927408;Salvador;Boca da Mata
BA;2927408;Salvador;Boca do Rio
BA;2927408;Salvador;Bom Juá
BA;2927408;Salvador;Bonfim
BA;2927408;Salvador;Brotas
BA;2927408;Salvador;Cabula
BA;2927408;Salvador;Cabula VI
BA;2927408;Salvador;Caixa D'água
BA;2927408;Salvador;Cajazeiras II
BA;2927408;Salvador;Cajazeiras IV
BA;2927408;Salvador;Cajazeiras V
BA;2927408;Salvador;Cajazeiras VI
BA;2927408;Salvador;Cajazeiras VII
BA;2927408;Salvador;Cajazeiras VIII
BA;2927408;Salvador;Cajazeiras X
BA;2927408;Salvador;Cajazeiras XI
BA;2927408;Salvador;Calabar
BA;2927408;Salvador;Calabetão
BA;2927408;Salvador;Calçada
BA;2927408;Salvador;Caminho das Árvores
BA;2927408;Salvador;Caminho de Areia
BA;2927408;Salvador;Campinas de Pirajá
BA;2927408;Salvador;Canabrava
BA;2927408;Salvador;Candeal
BA;2927408;Salvador;Canela
BA;2927408;Salvador;Capelinha
BA;2927408;Salvador;Cassange
BA;2927408;Salvador;Castelo Branco
BA;2927408;Salvador;Centro
BA;2927408;Salvador;Centro Administrativo da Bahia - CAB
BA;2927408;Salvador;Centro Histórico
BA;2927408;Salvador;Chame-Chame
BA;2927408;Salvador;Chapada do Rio Vermelho
BA;2927408;Salvador;Cidade Nova
BA;2927408;Salvador;Colinas de Periperi
BA;2927408;Salvador;Comércio
BA;2927408;Salvador;Cosme de Farias
BA;2927408;Salvador;Costa Azul
BA;2927408;Salvador;Coutos
BA;2927408;Salvador;Curuzu
BA;2927408;Salvador;Dois de Julho
BA;2927408;Salvador;Dom Avelar
BA;2927408;Salvador;Doron
BA;2927408;Salvador;Engenho Velho da Federação
BA;2927408;Salvador;Engenho Velho de Brotas
BA;2927408;Salvador;Engomadeira
BA;2927408;Salvador;Fazenda Coutos
BA;2927408;Salvador;Fazenda Grande do Retiro
BA;2927408;Salvador;Fazenda Grande I
BA;2927408;Salvador;Fazenda Grande II
BA;2927408;Salvador;Fazenda Grande III
BA;2927408;Salvador;Fazenda Grande IV
BA;2927408;Salvador;Federação
BA;2927408;Salvador;Garcia
BA;2927408;Salvador;Graça
BA;2927408;Salvador;Granjas Rurais Presidente Vargas
BA;2927408;Salvador;Horto Florestal
BA;2927408;Salvador;IAPI
BA;2927408;Salvador;Ilha Amarela
BA;2927408;Salvador;Ilha Bom Jesus dos Passos
BA;2927408;Salvador;Ilha de Maré
BA;2927408;Salvador;Ilha dos Frades / Ilha de Santo Antônio
BA;2927408;Salvador;Imbuí
BA;2927408;Salvador;Itacaranha
BA;2927408;Salvador;Itaigara
BA;2927408;Salvador;Itapuã
BA;2927408;Salvador;Itinga
BA;2927408;Salvador;Jaguaripe I
BA;2927408;Salvador;Jardim Armação
BA;2927408;Salvador;Jardim Cajazeiras
BA;2927408;Salvador;Jardim das Margaridas
BA;2927408;Salvador;Jardim Nova Esperança
BA;2927408;Salvador;Jardim Santo Inácio
BA;2927408;Salvador;Lapinha
BA;2927408;Salvador;Liberdade
BA;2927408;Salvador;Lobato
BA;2927408;Salvador;Luiz Anselmo
BA;2927408;Salvador;Macaúbas
BA;2927408;Salvador;Mangueira
BA;2927408;Salvador;Marechal Rondon
BA;2927408;Salvador;Mares
BA;2927408;Salvador;Massaranduba
BA;2927408;Salvador;Mata Escura
BA;2927408;Salvador;Matatu
BA;2927408;Salvador;Mirantes de Periperi
BA;2927408;Salvador;Monte Serrat
BA;2927408;Salvador;Moradas da Lagoa
BA;2927408;Salvador;Mussurunga
BA;2927408;Salvador;Narandiba
BA;2927408;Salvador;Nazaré
BA;2927408;Salvador;Nordeste do Amaralina
BA;2927408;Salvador;Nova Brasília
BA;2927408;Salvador;Nova Constituinte
BA;2927408;Salvador;Nova Esperança
BA;2927408;Salvador;Nova Sussuarana
BA;2927408;Salvador;Novo Horizonte
BA;2927408;Salvador;Novo Marotinho
BA;2927408;Salvador;Ondina
BA;2927408;Salvador;Palestina
BA;2927408;Salvador;Paripe
BA;2927408;Salvador;Patamares
BA;2927408;Salvador;Pau da Lima
BA;2927408;Salvador;Pau Miúdo
BA;2927408;Salvador;Periperi
BA;2927408;Salvador;Pernambués
BA;2927408;Salvador;Pero Vaz
BA;2927408;Salvador;Piatã
BA;2927408;Salvador;Pirajá
BA;2927408;Salvador;Pituaçu
BA;2927408;Salvador;Pituba
BA;2927408;Salvador;Plataforma
BA;2927408;Salvador;Porto Seco Pirajá
BA;2927408;Salvador;Praia Grande
BA;2927408;Salvador;Resgate
BA;2927408;Salvador;Retiro
BA;2927408;Salvador;Ribeira
BA;2927408;Salvador;Rio Sena
BA;2927408;Salvador;Rio Vermelho
BA;2927408;Salvador;Roma
BA;2927408;Salvador;Saboeiro
BA;2927408;Salvador;Santa Cruz
BA;2927408;Salvador;Santa Luzia
BA;2927408;Salvador;Santa Mônica
BA;2927408;Salvador;Santo Agostinho
BA;2927408;Salvador;Santo Antônio
BA;2927408;Salvador;São Caetano
BA;2927408;Salvador;São Cristóvão
BA;2927408;Salvador;São Gonçalo
BA;2927408;Salvador;São João do Cabrito
BA;2927408;Salvador;São Marcos
BA;2927408;Salvador;São Rafael
BA;2927408;Salvador;São Tomé
BA;2927408;Salvador;Saramandaia
BA;2927408;Salvador;Saúde
BA;2927408;Salvador;Sete de Abril
BA;2927408;Salvador;Stella Maris
BA;2927408;Salvador;STIEP
BA;2927408;Salvador;Sussuarana
BA;2927408;Salvador;Tororó
BA;2927408;Salvador;Trobogy
BA;2927408;Salvador;Uruguai
BA;2927408;Salvador;Vale das Pedrinhas
BA;2927408;Salvador;Vale dos Lagos
BA;2927408;Salvador;Valéria
BA;2927408;Salvador;Vila Canária
BA;2927408;Salvador;Vila Laura
BA;2927408;Salvador;Vila Ruy Barbosa / Jardim Cruzeiro
BA;2927408;Salvador;Vista Alegre
BA;2927408;Salvador;Vitória
BA;2927507;Santa Bárbara;
BA;2927606;Santa Brígida;
BA;2927705;Santa Cruz Cabrália;
BA;2927804;Santa Cruz da Vitória;
BA;2927903;Santa Inês;
BA;2928059;Santa Luzia;
BA;2928109;Santa Maria da Vitória;
BA;2928406;Santa Rita de Cássia;
BA;2928505;Santa Terezinha;
BA;2928000;Santaluz;
BA;2928208;Santana;
BA;2928307;Santanópolis;
BA;2928604;Santo Amaro;
BA;2928703;Santo Antônio de Jesus;Amparo
BA;2928703;Santo Antônio de Jesus;Andaiá
BA;2928703;Santo Antônio de Jesus;Barro Vermelho
BA;2928703;Santo Antônio de Jesus;Cajueiro
BA;2928703;Santo Antônio de Jesus;Calabar
BA;2928703;Santo Antônio de Jesus;Campo do Governo
BA;2928703;Santo Antônio de Jesus;Casco
BA;2928703;Santo Antônio de Jesus;Centro
BA;2928703;Santo Antônio de Jesus;Distrito Industrial
BA;2928703;Santo Antônio de Jesus;Ernesto Melo
BA;2928703;Santo Antônio de Jesus;Irmã Dulce
BA;2928703;Santo Antônio de Jesus;Maria Preta
BA;2928703;Santo Antônio de Jesus;Nossa Senhora das Graças
BA;2928703;Santo Antônio de Jesus;Praia do Dendê
BA;2928703;Santo Antônio de Jesus;Quitandinha
BA;2928703;Santo Antônio de Jesus;Renato Machado
BA;2928703;Santo Antônio de Jesus;Salgadeira
BA;2928703;Santo Antônio de Jesus;Santa Madalena
BA;2928703;Santo Antônio de Jesus;Santa Rita
BA;2928703;Santo Antônio de Jesus;Santa Terezinha
BA;2928703;Santo Antônio de Jesus;São Benedito
BA;2928703;Santo Antônio de Jesus;São Cristóvão
BA;2928703;Santo Antônio de Jesus;São Paulo
BA;2928703;Santo Antônio de Jesus;Sobradinho
BA;2928802;Santo Estêvão;
BA;2928901;São Desidério;
BA;2928950;São Domingos;
BA;2929107;São Felipe;
BA;2929008;São Félix;
BA;2929057;São Félix do Coribe;
BA;2929206;São Francisco do Conde;
BA;2929255;São Gabriel;
BA;2929305;São Gonçalo dos Campos;
BA;2929354;São José da Vitória;
BA;2929370;São José do Jacuípe;
BA;2929404;São Miguel das Matas;
BA;2929503;São Sebastião do Passé;
BA;2929602;Sapeaçu;
BA;2929701;Sátiro Dias;
BA;2929750;Saubara;
BA;2929800;Saúde;
BA;2929909;Seabra;
BA;2930006;Sebastião Laranjeiras;
BA;2930105;Senhor do Bonfim;
BA;2930204;Sento Sé;
BA;2930154;Serra do Ramalho;
BA;2930303;Serra Dourada;
BA;2930402;Serra Preta;
BA;2930501;Serrinha;
BA;2930600;Serrolândia;
BA;2930709;Simões Filho;
BA;2930758;Sítio do Mato;
BA;2930766;Sítio do Quinto;
BA;2930774;Sobradinho;
BA;2930808;Souto Soares;
BA;2930907;Tabocas do Brejo Velho;
BA;2931004;Tanhaçu;
BA;2931053;Tanque Novo;
BA;2931103;Tanquinho;
BA;2931202;Taperoá;
BA;2931301;Tapiramutá;
BA;2931350;Teixeira de Freitas;
BA;2931400;Teodoro Sampaio;
BA;2931509;Teofilândia;
BA;2931608;Teolândia;
BA;2931707;Terra Nova;
BA;2931806;Tremedal;
BA;2931905;Tucano;
BA;2932002;Uauá;
BA;2932101;Ubaíra;
BA;2932200;Ubaitaba;
BA;2932309;Ubatã;
BA;2932408;Uibaí;
BA;2932457;Umburanas;
BA;2932507;Una;
BA;2932606;Urandi;
BA;2932705;Uruçuca;Anfrísio Góes
BA;2932705;Uruçuca;Antônio Carlos Magalhães
BA;2932705;Uruçuca;Centro
BA;2932705;Uruçuca;Everaldo Argolo
BA;2932705;Uruçuca;Independência
BA;2932705;Uruçuca;Irmã Dulce
BA;2932705;Uruçuca;Nova Esperança
BA;2932705;Uruçuca;Venina Almeida
BA;2932804;Utinga;
BA;2932903;Valença;
BA;2933000;Valente;
BA;2933059;Várzea da Roça;
BA;2933109;Várzea do Poço;
BA;2933158;Várzea Nova;
BA;2933174;Varzedo;
BA;2933208;Vera Cruz;
BA;2933257;Vereda;
BA;2933307;Vitória da Conquista;Aírton Senna
BA;2933307;Vitória da Conquista;Alto Maron
BA;2933307;Vitória da Conquista;Bateias
BA;2933307;Vitória da Conquista;Boa Vista
BA;2933307;Vitória da Conquista;Brasil
BA;2933307;Vitória da Conquista;Campinhos
BA;2933307;Vitória da Conquista;Candeias
BA;2933307;Vitória da Conquista;Centro
BA;2933307;Vitória da Conquista;Cruzeiro
BA;2933307;Vitória da Conquista;Distrito Industrial
BA;2933307;Vitória da Conquista;Espírito Santo
BA;2933307;Vitória da Conquista;Felícia
BA;2933307;Vitória da Conquista;Guarani
BA;2933307;Vitória da Conquista;Ibirapuera
BA;2933307;Vitória da Conquista;Jatobá
BA;2933307;Vitória da Conquista;Jurema
BA;2933307;Vitória da Conquista;Lagoa das Flores
BA;2933307;Vitória da Conquista;Nossa Senhora Aparecida
BA;2933307;Vitória da Conquista;Patagônia
BA;2933307;Vitória da Conquista;Primavera
BA;2933307;Vitória da Conquista;Recreio
BA;2933307;Vitória da Conquista;São Pedro
BA;2933307;Vitória da Conquista;Universidade
BA;2933307;Vitória da Conquista;Zabelê
BA;2933406;Wagner;
BA;2933455;Wanderley;
BA;2933505;Wenceslau Guimarães;
BA;2933604;Xique-Xique;
CE;2300101;Abaiara;Alto da Alegria
CE;2300101;Abaiara;Bela Vista
CE;2300101;Abaiara;Capoeiras
CE;2300101;Abaiara;Centro
CE;2300101;Abaiara;Populares
CE;2300150;Acarape;
CE;2300200;Acaraú;
CE;2300309;Acopiara;Bom Sucesso
CE;2300309;Acopiara;Centro
CE;2300309;Acopiara;Moreiras
CE;2300309;Acopiara;Nossa Senhora Aparecida
CE;2300309;Acopiara;Nova Acopiara
CE;2300309;Acopiara;São Francisco
CE;2300309;Acopiara;Vila Esperança
CE;2300309;Acopiara;Vila Palmeira
CE;2300309;Acopiara;Vila São João
CE;2300408;Aiuaba;
CE;2300507;Alcântaras;Bela Vista
CE;2300507;Alcântaras;Caldeirão
CE;2300507;Alcântaras;Centro
CE;2300507;Alcântaras;Junco
CE;2300507;Alcântaras;São José
CE;2300606;Altaneira;Centro
CE;2300606;Altaneira;COHAB
CE;2300606;Altaneira;Cruzeiro
CE;2300606;Altaneira;José Romão Pereira
CE;2300606;Altaneira;Maniçoba
CE;2300606;Altaneira;Mutirão
CE;2300606;Altaneira;Padre Cícero
CE;2300606;Altaneira;Santa Tereza
CE;2300606;Altaneira;Zé Rael
CE;2300705;Alto Santo;Alípios
CE;2300705;Alto Santo;Centro
CE;2300705;Alto Santo;Dom Pompeu
CE;2300705;Alto Santo;Jardim
CE;2300705;Alto Santo;Menino Deus
CE;2300705;Alto Santo;Pão de Açúcar
CE;2300705;Alto Santo;Tibolo
CE;2300754;Amontada;
CE;2300804;Antonina do Norte;
CE;2300903;Apuiarés;
CE;2301000;Aquiraz;
CE;2301109;Aracati;Aterro
CE;2301109;Aracati;Campo Verde
CE;2301109;Aracati;Centro
CE;2301109;Aracati;Córrego dos Rodrigues
CE;2301109;Aracati;Farias Brito
CE;2301109;Aracati;Nossa Senhora de Fátima
CE;2301109;Aracati;Nossa Senhora de Lourdes
CE;2301109;Aracati;Pedregal
CE;2301109;Aracati;Várzea da Matriz
CE;2301208;Aracoiaba;
CE;2301257;Ararendá;Beira Rio
CE;2301257;Ararendá;Centro
CE;2301257;Ararendá;Ferreirão
CE;2301257;Ararendá;Planalto
CE;2301257;Ararendá;Varjota
CE;2301307;Araripe;
CE;2301406;Aratuba;
CE;2301505;Arneiroz;Arneirozinho
CE;2301505;Arneiroz;Cecília Alves Bezerra
CE;2301505;Arneiroz;Centro
CE;2301505;Arneiroz;Dr. Lanes Leal Petrola
CE;2301505;Arneiroz;Santo Antônio
CE;2301505;Arneiroz;Silva Bezerra
CE;2301604;Assaré;Barreiro dos Alcântaras
CE;2301604;Assaré;Canto Alegre
CE;2301604;Assaré;Centro
CE;2301604;Assaré;Centro - Cajazeiras dos Simiões
CE;2301604;Assaré;Cohab
CE;2301604;Assaré;Coruja
CE;2301604;Assaré;José Brandão
CE;2301604;Assaré;José Dodô
CE;2301604;Assaré;Laranjeiras
CE;2301604;Assaré;Moeda
CE;2301604;Assaré;Pedra de Fogo
CE;2301604;Assaré;Serra da Ema
CE;2301604;Assaré;Serragem
CE;2301604;Assaré;Vila Mota
CE;2301604;Assaré;Vila Nildária
CE;2301703;Aurora;Araçá
CE;2301703;Aurora;Centro
CE;2301703;Aurora;José Fernandes Campos
CE;2301703;Aurora;José Freire do Amaral
CE;2301703;Aurora;José Leite Figueiredo (Zezé da Cruz)
CE;2301703;Aurora;José Leite Figueiredo - Zezé da Cruz
CE;2301703;Aurora;Mororó
CE;2301703;Aurora;Recreio
CE;2301703;Aurora;São Benedito
CE;2301703;Aurora;Vila Paulo Gonçalves
CE;2301802;Baixio;
CE;2301851;Banabuiú;
CE;2301901;Barbalha;Alto da Alegria
CE;2301901;Barbalha;Alto do Rosário
CE;2301901;Barbalha;Bela Vista
CE;2301901;Barbalha;Bulandeira
CE;2301901;Barbalha;Buriti
CE;2301901;Barbalha;Centro
CE;2301901;Barbalha;Cidade Kariris
CE;2301901;Barbalha;Cirolândia
CE;2301901;Barbalha;Conjunto Nassau
CE;2301901;Barbalha;Malvinas
CE;2301901;Barbalha;Mata dos Dudas
CE;2301901;Barbalha;Mata dos Limas
CE;2301901;Barbalha;Nossa Senhora de Fátima
CE;2301901;Barbalha;Novo Araçás
CE;2301901;Barbalha;Rosário
CE;2301901;Barbalha;Santo André
CE;2301901;Barbalha;Santo Antônio
CE;2301901;Barbalha;Tupinambá
CE;2301950;Barreira;
CE;2302008;Barro;Aurílio Cardoso
CE;2302008;Barro;Baixio Velho
CE;2302008;Barro;Bela Vista
CE;2302008;Barro;Centro
CE;2302008;Barro;Gangorra
CE;2302008;Barro;Jardim Raimundo Inácio
CE;2302008;Barro;Muquém
CE;2302008;Barro;Pedro Silveira
CE;2302008;Barro;Poço da Pedra
CE;2302008;Barro;São Francisco
CE;2302008;Barro;São José
CE;2302008;Barro;Trajano Nogueira
CE;2302008;Barro;Xique-Xique
CE;2302057;Barroquinha;Carmelita Veras
CE;2302057;Barroquinha;Caucaia
CE;2302057;Barroquinha;Centro
CE;2302057;Barroquinha;Jaime Laurindo
CE;2302057;Barroquinha;Nossa Senhora dos Navegantes
CE;2302057;Barroquinha;Poço Imperial
CE;2302107;Baturité;Beira Rio
CE;2302107;Baturité;Centro
CE;2302107;Baturité;Coió
CE;2302107;Baturité;Comendador Ananias Arruda
CE;2302107;Baturité;Conjunto Habitacional Maria José Viana
CE;2302107;Baturité;Conselheiro Estelita
CE;2302107;Baturité;Feira do Gado
CE;2302107;Baturité;Gustavo Sampaio
CE;2302107;Baturité;Jesuítas
CE;2302107;Baturité;Manga
CE;2302107;Baturité;Mondego
CE;2302107;Baturité;Mucunã
CE;2302107;Baturité;Nossa Senhora Auxiliadora
CE;2302107;Baturité;Putiú
CE;2302107;Baturité;Sanharão
CE;2302107;Baturité;São Francisco
CE;2302107;Baturité;Vila Nova
CE;2302206;Beberibe;
CE;2302305;Bela Cruz;
CE;2302404;Boa Viagem;Alto da Queiroz
CE;2302404;Boa Viagem;Alto do Motor
CE;2302404;Boa Viagem;Boaviaginha
CE;2302404;Boa Viagem;Centro
CE;2302404;Boa Viagem;Fátima
CE;2302404;Boa Viagem;Floresta
CE;2302404;Boa Viagem;José Rosa
CE;2302404;Boa Viagem;Ponte Nova
CE;2302404;Boa Viagem;Recreio
CE;2302404;Boa Viagem;Tibiquari
CE;2302404;Boa Viagem;Várzea do Canto
CE;2302404;Boa Viagem;Vila Azul
CE;2302404;Boa Viagem;Vila Holanda
CE;2302503;Brejo Santo;Aldeota
CE;2302503;Brejo Santo;Araujão
CE;2302503;Brejo Santo;Bela Vista
CE;2302503;Brejo Santo;Cabaceiras
CE;2302503;Brejo Santo;Capilé
CE;2302503;Brejo Santo;Centro
CE;2302503;Brejo Santo;Eliseu Gomes de Lucena
CE;2302503;Brejo Santo;Luzia Leite
CE;2302503;Brejo Santo;Morro Dourado
CE;2302503;Brejo Santo;Raimundo Fernandes
CE;2302503;Brejo Santo;Renê Lucena
CE;2302503;Brejo Santo;São Francisco
CE;2302503;Brejo Santo;Sol Nascente
CE;2302503;Brejo Santo;Taboqueiras
CE;2302602;Camocim;
CE;2302701;Campos Sales;Alto Alegre
CE;2302701;Campos Sales;Aparecida
CE;2302701;Campos Sales;Barragem
CE;2302701;Campos Sales;Batalhão
CE;2302701;Campos Sales;Centenário
CE;2302701;Campos Sales;Centro
CE;2302701;Campos Sales;Expansão
CE;2302701;Campos Sales;Guarani
CE;2302701;Campos Sales;Novo Centro
CE;2302701;Campos Sales;Padre Nobre
CE;2302701;Campos Sales;Planalto
CE;2302701;Campos Sales;Santa Rita
CE;2302800;Canindé;Alto Guaramiranga
CE;2302800;Canindé;Bela Vista
CE;2302800;Canindé;Boa Vista
CE;2302800;Canindé;Campinas
CE;2302800;Canindé;Canindezinho
CE;2302800;Canindé;Capitão Pedro Sampaio
CE;2302800;Canindé;Centro
CE;2302800;Canindé;Imaculada Conceição
CE;2302800;Canindé;João Paulo II
CE;2302800;Canindé;Jubaia
CE;2302800;Canindé;Nossa Senhora das Graças
CE;2302800;Canindé;Palestina
CE;2302800;Canindé;Riacho São Francisco
CE;2302800;Canindé;Santa Clara
CE;2302800;Canindé;Santa Luzia
CE;2302800;Canindé;São Mateus
CE;2302909;Capistrano;
CE;2303006;Caridade;Açude Novo
CE;2303006;Caridade;Açudinho
CE;2303006;Caridade;Alto da Bela Vista
CE;2303006;Caridade;Alto da Delegacia
CE;2303006;Caridade;Centro
CE;2303006;Caridade;Centro - do distrito de Campos Belos
CE;2303006;Caridade;Centro - do distrito de Caridade
CE;2303006;Caridade;Centro de Campos Belos
CE;2303006;Caridade;Conjunto
CE;2303006;Caridade;Coração de Jesus
CE;2303006;Caridade;Estrada Vila Nova
CE;2303006;Caridade;Pé do Serrote
CE;2303006;Caridade;Três Bocas
CE;2303006;Caridade;Vila Beta
CE;2303105;Cariré;
CE;2303204;Caririaçu;Abílio Unias
CE;2303204;Caririaçu;Bico da Arara
CE;2303204;Caririaçu;Cedron
CE;2303204;Caririaçu;Centro
CE;2303204;Caririaçu;José Agostinho
CE;2303204;Caririaçu;Mestre Neco
CE;2303204;Caririaçu;Nossa Senhora do Carmo
CE;2303204;Caririaçu;Padre Cícero
CE;2303204;Caririaçu;Palestina
CE;2303204;Caririaçu;Paraíso
CE;2303204;Caririaçu;Pernambuquinho
CE;2303204;Caririaçu;Umari
CE;2303303;Cariús;Acampamento
CE;2303303;Cariús;Centro
CE;2303303;Cariús;Esplanada
CE;2303303;Cariús;São Vicente
CE;2303303;Cariús;Vila Nova
CE;2303402;Carnaubal;
CE;2303501;Cascavel;
CE;2303600;Catarina;
CE;2303659;Catunda;Açude
CE;2303659;Catunda;Beira Rio
CE;2303659;Catunda;Bela Vista
CE;2303659;Catunda;Caixa d'Água
CE;2303659;Catunda;Centro
CE;2303659;Catunda;Passagem
CE;2303709;Caucaia;Açude
CE;2303709;Caucaia;Alto do Garrote
CE;2303709;Caucaia;Araturi
CE;2303709;Caucaia;Arianópolis
CE;2303709;Caucaia;Barra Nova
CE;2303709;Caucaia;Bom Jesus
CE;2303709;Caucaia;Cabatan
CE;2303709;Caucaia;Campo Grande
CE;2303709;Caucaia;Camurupim
CE;2303709;Caucaia;Capuan
CE;2303709;Caucaia;Caraúbas
CE;2303709;Caucaia;Centro
CE;2303709;Caucaia;Cigana
CE;2303709;Caucaia;Cipó
CE;2303709;Caucaia;Conjunto Metropolitano
CE;2303709;Caucaia;Cumbuco
CE;2303709;Caucaia;Curicaca
CE;2303709;Caucaia;Garrote
CE;2303709;Caucaia;Genipabu
CE;2303709;Caucaia;Grilo
CE;2303709;Caucaia;Guagiru
CE;2303709;Caucaia;Icaraí
CE;2303709;Caucaia;Iparana
CE;2303709;Caucaia;Itambé
CE;2303709;Caucaia;Itapoã
CE;2303709;Caucaia;Jandaiguaba
CE;2303709;Caucaia;Jardim Icaraí
CE;2303709;Caucaia;Lago Verde
CE;2303709;Caucaia;Lagoa do Banana
CE;2303709;Caucaia;Lagoa dos Porcos
CE;2303709;Caucaia;Marechal Rondon
CE;2303709;Caucaia;Mestre Antônio
CE;2303709;Caucaia;Nova Cigana
CE;2303709;Caucaia;Nova Metrópole
CE;2303709;Caucaia;Novo Pabussu
CE;2303709;Caucaia;Pabussu
CE;2303709;Caucaia;Pacheco
CE;2303709;Caucaia;Padre Júlio Maria
CE;2303709;Caucaia;Padre Romualdo
CE;2303709;Caucaia;Parque Albano
CE;2303709;Caucaia;Parque das Nações
CE;2303709;Caucaia;Parque Guadalajara
CE;2303709;Caucaia;Parque Leblon
CE;2303709;Caucaia;Parque Potira
CE;2303709;Caucaia;Parque Soledade
CE;2303709;Caucaia;Patricia Gomes
CE;2303709;Caucaia;Paumirim
CE;2303709;Caucaia;Planalto Caucaia
CE;2303709;Caucaia;São Miguel
CE;2303709;Caucaia;Sobradinho
CE;2303709;Caucaia;Tabapuá
CE;2303709;Caucaia;Tabapuá - Brasília
CE;2303709;Caucaia;Tabapuá - Brasília II
CE;2303709;Caucaia;Tabapuá Brasília
CE;2303709;Caucaia;Tabuba
CE;2303709;Caucaia;Toco
CE;2303709;Caucaia;Urucutuba
CE;2303808;Cedro;Açude Novo
CE;2303808;Cedro;Açude Velho
CE;2303808;Cedro;Alto da Floresta
CE;2303808;Cedro;Alto do Padeiro
CE;2303808;Cedro;Centro
CE;2303808;Cedro;Conjunto Habitacional
CE;2303808;Cedro;Divisão
CE;2303808;Cedro;Fátima
CE;2303808;Cedro;Jardim Afonso Celso
CE;2303808;Cedro;Montevidéu
CE;2303808;Cedro;Montividéu
CE;2303808;Cedro;Pega Avoante
CE;2303808;Cedro;Planalto do Cadeiras
CE;2303808;Cedro;Planalto dos lemos
CE;2303808;Cedro;Prado
CE;2303808;Cedro;Vila Operária
CE;2303907;Chaval;
CE;2303931;Choró;
CE;2303956;Chorozinho;
CE;2304004;Coreaú;Centro
CE;2304004;Coreaú;Dom Benedito
CE;2304004;Coreaú;José Gomes Damasceno
CE;2304004;Coreaú;Padre José Maria Aguiar
CE;2304004;Coreaú;São Miguel
CE;2304103;Crateús;Altamira
CE;2304103;Crateús;Cajás
CE;2304103;Crateús;Campo Velho
CE;2304103;Crateús;Centro
CE;2304103;Crateús;Cidade 2000
CE;2304103;Crateús;Cidade Nova
CE;2304103;Crateús;Fátima I
CE;2304103;Crateús;Fátima II
CE;2304103;Crateús;Ipase
CE;2304103;Crateús;José Rosa
CE;2304103;Crateús;Maratoan
CE;2304103;Crateús;Nova Terra
CE;2304103;Crateús;Patriarcas
CE;2304103;Crateús;Planalto
CE;2304103;Crateús;Ponte Preta
CE;2304103;Crateús;Santa Luzia
CE;2304103;Crateús;São José
CE;2304103;Crateús;São Vicente
CE;2304103;Crateús;Venâncio
CE;2304202;Crato;Alto da Penha
CE;2304202;Crato;Barro Branco
CE;2304202;Crato;Cacimbas
CE;2304202;Crato;Centro
CE;2304202;Crato;Coqueiro
CE;2304202;Crato;França Alencar
CE;2304202;Crato;Gizélia Pinheiro (Batateiras)
CE;2304202;Crato;Gizélia Pinheiro - Batateiras
CE;2304202;Crato;Granjeiro
CE;2304202;Crato;José Araújo (Novo Lameiro)
CE;2304202;Crato;José Araújo - Novo Lameiro
CE;2304202;Crato;Lameiro
CE;2304202;Crato;Lobo (Vila Lobo)
CE;2304202;Crato;Lobo - Vila Lobo
CE;2304202;Crato;Mirandão
CE;2304202;Crato;Muriti
CE;2304202;Crato;Novo Crato
CE;2304202;Crato;Novo Horizonte
CE;2304202;Crato;Ossian Araripe (Caixa D'Água)
CE;2304202;Crato;Ossian Araripe - Caixa D'Água
CE;2304202;Crato;Palmeiral
CE;2304202;Crato;Parque Granjeiro
CE;2304202;Crato;Parque Recreio
CE;2304202;Crato;Pimenta
CE;2304202;Crato;Pinto Madeira (Barro Vermelho)
CE;2304202;Crato;Pinto Madeira - Barro Vermelho
CE;2304202;Crato;Santa Luzia
CE;2304202;Crato;São Bento
CE;2304202;Crato;São Gonçalo
CE;2304202;Crato;São José
CE;2304202;Crato;São Miguel
CE;2304202;Crato;Seminário
CE;2304202;Crato;Sossego
CE;2304202;Crato;Vila Alta
CE;2304202;Crato;Zacarias Gonçalves
CE;2304236;Croatá;Caroba
CE;2304236;Croatá;Centro
CE;2304251;Cruz;
CE;2304269;Deputado Irapuan Pinheiro;
CE;2304277;Ereré;Bom Jesus
CE;2304277;Ereré;Centro
CE;2304277;Ereré;Francisco Nogueira de Queiroz
CE;2304277;Ereré;Ipiranga
CE;2304277;Ereré;José Pessoa de Queiroz Moura (José Moura)
CE;2304277;Ereré;José Pessoa de Queiroz Moura - José Moura
CE;2304285;Eusébio;Amador
CE;2304285;Eusébio;Autódromo
CE;2304285;Eusébio;Cararu
CE;2304285;Eusébio;Centro
CE;2304285;Eusébio;Cidade Nova
CE;2304285;Eusébio;Coaçu
CE;2304285;Eusébio;Coité
CE;2304285;Eusébio;Encantada
CE;2304285;Eusébio;Guaribas
CE;2304285;Eusébio;Jabuti
CE;2304285;Eusébio;Lagoinha
CE;2304285;Eusébio;Mangabeira
CE;2304285;Eusébio;Novo Portugal
CE;2304285;Eusébio;Olho D'água
CE;2304285;Eusébio;Parque Havaí
CE;2304285;Eusébio;Pires Façanha
CE;2304285;Eusébio;Precabura
CE;2304285;Eusébio;Santa Clara
CE;2304285;Eusébio;Santo Antônio
CE;2304285;Eusébio;Tamatanduba
CE;2304285;Eusébio;Timbu
CE;2304285;Eusébio;Urucunema
CE;2304285;Eusébio;Vereda Tropical
CE;2304301;Farias Brito;Boa Vista
CE;2304301;Farias Brito;Centro
CE;2304301;Farias Brito;Nova Esperança
CE;2304350;Forquilha;Alto Alegre
CE;2304350;Forquilha;Antonio Ferreira Gomes Martins
CE;2304350;Forquilha;Centro
CE;2304350;Forquilha;Edmundo Rodrigues
CE;2304350;Forquilha;Francisco Martins Viana
CE;2304350;Forquilha;Gerardo José Dias De Loiola
CE;2304350;Forquilha;João Jerônimo da Costa
CE;2304350;Forquilha;José Raimundo de Loiola
CE;2304350;Forquilha;Mesquita Jerônimo
CE;2304350;Forquilha;Odorico Paulo Braga
CE;2304350;Forquilha;Padre Edson
CE;2304400;Fortaleza;Aerolândia
CE;2304400;Fortaleza;Aeroporto
CE;2304400;Fortaleza;Aeroporto - Base Aérea
CE;2304400;Fortaleza;Alagadiço
CE;2304400;Fortaleza;Aldeota
CE;2304400;Fortaleza;Alto da Balança
CE;2304400;Fortaleza;Álvaro Weyne
CE;2304400;Fortaleza;Amadeo Furtado
CE;2304400;Fortaleza;Amadeu Furtado
CE;2304400;Fortaleza;Ancuri
CE;2304400;Fortaleza;Antônio Bezerra
CE;2304400;Fortaleza;Aracapé
CE;2304400;Fortaleza;Arraial Moura Brasil
CE;2304400;Fortaleza;Autran Nunes
CE;2304400;Fortaleza;Barra do Ceará
CE;2304400;Fortaleza;Barroso
CE;2304400;Fortaleza;Bela Vista
CE;2304400;Fortaleza;Benfica
CE;2304400;Fortaleza;Boa Vista / Castelão
CE;2304400;Fortaleza;Bom Futuro
CE;2304400;Fortaleza;Bom Jardim
CE;2304400;Fortaleza;Bonsucesso
CE;2304400;Fortaleza;Cais do Porto
CE;2304400;Fortaleza;Cajazeiras
CE;2304400;Fortaleza;Cambeba
CE;2304400;Fortaleza;Canindezinho
CE;2304400;Fortaleza;Carlito Pamplona
CE;2304400;Fortaleza;Castelão
CE;2304400;Fortaleza;Centro
CE;2304400;Fortaleza;Cidade 2000
CE;2304400;Fortaleza;Cidade dos Funcionários
CE;2304400;Fortaleza;Coaçu
CE;2304400;Fortaleza;Cocó
CE;2304400;Fortaleza;Coco
CE;2304400;Fortaleza;Conjunto Ceará I
CE;2304400;Fortaleza;Conjunto Ceará II
CE;2304400;Fortaleza;Conjunto Esperança
CE;2304400;Fortaleza;Conjunto Palmeiras
CE;2304400;Fortaleza;Couto Fernades
CE;2304400;Fortaleza;Couto Fernandes
CE;2304400;Fortaleza;Cristo Redentor
CE;2304400;Fortaleza;Curió
CE;2304400;Fortaleza;Damas
CE;2304400;Fortaleza;De Lourdes
CE;2304400;Fortaleza;Demócrito Rocha
CE;2304400;Fortaleza;Dendê
CE;2304400;Fortaleza;Dias Macedo
CE;2304400;Fortaleza;Dionísio Torres
CE;2304400;Fortaleza;Dom Lustosa
CE;2304400;Fortaleza;Edson Queiroz
CE;2304400;Fortaleza;Ellery
CE;2304400;Fortaleza;Engenheiro Luciano Cavalcante
CE;2304400;Fortaleza;Estância - Dionísio Torres
CE;2304400;Fortaleza;Farias Brito
CE;2304400;Fortaleza;Fátima
CE;2304400;Fortaleza;Floresta
CE;2304400;Fortaleza;Genibaú
CE;2304400;Fortaleza;Genibau
CE;2304400;Fortaleza;Gentilândia
CE;2304400;Fortaleza;Granja Lisboa
CE;2304400;Fortaleza;Granja Portugal
CE;2304400;Fortaleza;Guajeru
CE;2304400;Fortaleza;Guarapes
CE;2304400;Fortaleza;Guararapes
CE;2304400;Fortaleza;Henrique Jorge
CE;2304400;Fortaleza;Itaóca
CE;2304400;Fortaleza;Itaoca
CE;2304400;Fortaleza;Itaperi
CE;2304400;Fortaleza;Jacarecanga
CE;2304400;Fortaleza;Jangurussu
CE;2304400;Fortaleza;Jardim América
CE;2304400;Fortaleza;Jardim Cearense
CE;2304400;Fortaleza;Jardim das Oliveiras
CE;2304400;Fortaleza;Jardim Guanabara
CE;2304400;Fortaleza;Jardim Iracema
CE;2304400;Fortaleza;João XXIII
CE;2304400;Fortaleza;Joaquim Távora
CE;2304400;Fortaleza;Jóquei Club - São Cristóvão
CE;2304400;Fortaleza;Jóquei Clube
CE;2304400;Fortaleza;José Bonifácio
CE;2304400;Fortaleza;José de Alencar
CE;2304400;Fortaleza;Lagoa Redonda
CE;2304400;Fortaleza;Lagoa Sapiranga - Coité
CE;2304400;Fortaleza;Manoel Sátiro
CE;2304400;Fortaleza;Manuel Dias Branco
CE;2304400;Fortaleza;Maraponga
CE;2304400;Fortaleza;Mata Galinha
CE;2304400;Fortaleza;Meireles
CE;2304400;Fortaleza;Messejana
CE;2304400;Fortaleza;Messejana - sede
CE;2304400;Fortaleza;Mondubim
CE;2304400;Fortaleza;Mondubim - Sede
CE;2304400;Fortaleza;Monte Castelo
CE;2304400;Fortaleza;Montese
CE;2304400;Fortaleza;Moura Brasil
CE;2304400;Fortaleza;Mucuripe
CE;2304400;Fortaleza;Novo Mondubim
CE;2304400;Fortaleza;Olavo Oliveira
CE;2304400;Fortaleza;Padre Andrade
CE;2304400;Fortaleza;Padre Andrade - Cachoeirinha
CE;2304400;Fortaleza;Pan-Americano
CE;2304400;Fortaleza;Panamericano
CE;2304400;Fortaleza;Papicu
CE;2304400;Fortaleza;Parangaba
CE;2304400;Fortaleza;Parque Araxá
CE;2304400;Fortaleza;Parque Dois Irmãos
CE;2304400;Fortaleza;Parque Iracema
CE;2304400;Fortaleza;Parque Manibura
CE;2304400;Fortaleza;Parque Presidente Vargas
CE;2304400;Fortaleza;Parque Santa Maria
CE;2304400;Fortaleza;Parque Santa Rosa
CE;2304400;Fortaleza;Parque Santa Rosa - Apolo XI
CE;2304400;Fortaleza;Parque São José
CE;2304400;Fortaleza;Parquelândia
CE;2304400;Fortaleza;Parreão
CE;2304400;Fortaleza;Passaré
CE;2304400;Fortaleza;Paupina
CE;2304400;Fortaleza;Pedras
CE;2304400;Fortaleza;Pici
CE;2304400;Fortaleza;Pici - Parque Universitário
CE;2304400;Fortaleza;Pirambu
CE;2304400;Fortaleza;Pirambú
CE;2304400;Fortaleza;Planalto Ayrton Senna
CE;2304400;Fortaleza;Praia de Iracema
CE;2304400;Fortaleza;Praia do Futuro I
CE;2304400;Fortaleza;Praia do Futuro II
CE;2304400;Fortaleza;Prefeito José Walter
CE;2304400;Fortaleza;Presidente Kennedy
CE;2304400;Fortaleza;Quintino Cunha
CE;2304400;Fortaleza;Rodolfo Teófilo
CE;2304400;Fortaleza;Sabiaguaba
CE;2304400;Fortaleza;Salinas
CE;2304400;Fortaleza;São Bento
CE;2304400;Fortaleza;São Gerardo
CE;2304400;Fortaleza;São João do Tauape
CE;2304400;Fortaleza;São João do Tauapé
CE;2304400;Fortaleza;Sapiranga / Coité
CE;2304400;Fortaleza;Serrinha
CE;2304400;Fortaleza;Siqueira
CE;2304400;Fortaleza;Varjota
CE;2304400;Fortaleza;Vicente Pinzon
CE;2304400;Fortaleza;Vicente Pinzón
CE;2304400;Fortaleza;Vila Ellery
CE;2304400;Fortaleza;Vila Peri
CE;2304400;Fortaleza;Vila Pery
CE;2304400;Fortaleza;Vila União
CE;2304400;Fortaleza;Vila Velha
CE;2304459;Fortim;
CE;2304509;Frecheirinha;Antônio Campos Pontes
CE;2304509;Frecheirinha;Caieiral
CE;2304509;Frecheirinha;Centro
CE;2304509;Frecheirinha;Edvar Ferreira Ponte
CE;2304509;Frecheirinha;Frei Anastácio
CE;2304509;Frecheirinha;Lapa
CE;2304509;Frecheirinha;Luís Antônio da Sila
CE;2304509;Frecheirinha;Nossa Senhora de Fátima
CE;2304509;Frecheirinha;Vazante
CE;2304608;General Sampaio;Nossa Senhora das Graças
CE;2304608;General Sampaio;Nossa Senhora do Rosário
CE;2304608;General Sampaio;Sagrado Coração de Jesus
CE;2304608;General Sampaio;São José
CE;2304657;Graça;
CE;2304707;Granja;
CE;2304806;Granjeiro;Centro
CE;2304806;Granjeiro;Joaquim Ferreira
CE;2304806;Granjeiro;Miguel Saraiva
CE;2304806;Granjeiro;Salomé
CE;2304905;Groaíras;Capitão José Linhares
CE;2304905;Groaíras;Centro
CE;2304905;Groaíras;Chico Jerônimo
CE;2304905;Groaíras;José Cassiano
CE;2304905;Groaíras;Padre Mororó
CE;2304905;Groaíras;Paulo Malaquias
CE;2304905;Groaíras;Paulo Ximenes do Prado
CE;2304954;Guaiúba;Accioly
CE;2304954;Guaiúba;Centro
CE;2304954;Guaiúba;Dezessete de Março
CE;2304954;Guaiúba;Francisco de Góes
CE;2304954;Guaiúba;Francisco de Goes
CE;2304954;Guaiúba;Helder Eduardo Bezerra
CE;2304954;Guaiúba;Maria de Jesus
CE;2304954;Guaiúba;Miguel de Sousa Martins
CE;2304954;Guaiúba;Pinheiro
CE;2304954;Guaiúba;São José
CE;2305001;Guaraciaba do Norte;Bela Vista
CE;2305001;Guaraciaba do Norte;Belo Horizonte
CE;2305001;Guaraciaba do Norte;Canto
CE;2305001;Guaraciaba do Norte;Centro
CE;2305001;Guaraciaba do Norte;Conceição
CE;2305001;Guaraciaba do Norte;Cruz
CE;2305001;Guaraciaba do Norte;Lagoinha
CE;2305001;Guaraciaba do Norte;Lameirão
CE;2305001;Guaraciaba do Norte;Passagem das Pedras
CE;2305001;Guaraciaba do Norte;Santa Luzia
CE;2305001;Guaraciaba do Norte;Tambuatá
CE;2305100;Guaramiranga;
CE;2305209;Hidrolândia;Beira Rio
CE;2305209;Hidrolândia;Centro
CE;2305209;Hidrolândia;Marinho
CE;2305209;Hidrolândia;Mororó
CE;2305209;Hidrolândia;Nova Hidrolândia
CE;2305209;Hidrolândia;Professora Mirian Ferreira
CE;2305209;Hidrolândia;Progresso
CE;2305233;Horizonte;
CE;2305266;Ibaretama;Alto da Bela Vista
CE;2305266;Ibaretama;Campo Velho
CE;2305266;Ibaretama;Centro
CE;2305266;Ibaretama;Nossa Senhora Auxiliadora
CE;2305266;Ibaretama;Nova Ibaretama
CE;2305266;Ibaretama;Raimunda Emilia
CE;2305308;Ibiapina;Centro
CE;2305308;Ibiapina;Francisco Custodio de Azevedo
CE;2305308;Ibiapina;José Avelino Portela
CE;2305308;Ibiapina;Padre Pontes
CE;2305308;Ibiapina;Raimundo Linhares
CE;2305308;Ibiapina;São João
CE;2305308;Ibiapina;Vicente Aragão
CE;2305332;Ibicuitinga;
CE;2305357;Icapuí;
CE;2305407;Icó;
CE;2305506;Iguatu;Altiplano
CE;2305506;Iguatu;Alto do Jucá
CE;2305506;Iguatu;Alvorada
CE;2305506;Iguatu;Areias I
CE;2305506;Iguatu;Areias II
CE;2305506;Iguatu;Bastiana
CE;2305506;Iguatu;Bugi
CE;2305506;Iguatu;Cajazeiras
CE;2305506;Iguatu;Cajueiro
CE;2305506;Iguatu;Centro
CE;2305506;Iguatu;Cerâmica
CE;2305506;Iguatu;Chapadinha
CE;2305506;Iguatu;Cocobó
CE;2305506;Iguatu;Cohab
CE;2305506;Iguatu;Conjunto Industrial
CE;2305506;Iguatu;Cruiri
CE;2305506;Iguatu;Das Flores
CE;2305506;Iguatu;Esplanada I
CE;2305506;Iguatu;Esplanada II
CE;2305506;Iguatu;Fomento
CE;2305506;Iguatu;Gameleira
CE;2305506;Iguatu;Jardim Iguatu
CE;2305506;Iguatu;Jardim Oásis
CE;2305506;Iguatu;João Paulo
CE;2305506;Iguatu;Lagoa Seca
CE;2305506;Iguatu;Novo Iguatu
CE;2305506;Iguatu;Paraná
CE;2305506;Iguatu;Planalto
CE;2305506;Iguatu;Poço Comprido
CE;2305506;Iguatu;Prado
CE;2305506;Iguatu;São Sebastião
CE;2305506;Iguatu;Sete de Setembro
CE;2305506;Iguatu;Taboleiro
CE;2305506;Iguatu;Varjota
CE;2305506;Iguatu;Veneza
CE;2305506;Iguatu;Vila Brasília
CE;2305506;Iguatu;Vila Centenário
CE;2305506;Iguatu;Vila Cidão
CE;2305506;Iguatu;Vila Coqueiros
CE;2305506;Iguatu;Vila Moura
CE;2305506;Iguatu;Vila Neuma
CE;2305506;Iguatu;Vila Santo Antônio
CE;2305605;Independência;Boa Esperança
CE;2305605;Independência;Centro
CE;2305605;Independência;Cohab I
CE;2305605;Independência;Cohab II
CE;2305605;Independência;Liberdade
CE;2305605;Independência;Liberdade II
CE;2305605;Independência;Pelo Sinal
CE;2305605;Independência;Placa
CE;2305605;Independência;São Vicente
CE;2305654;Ipaporanga;Águas Belas
CE;2305654;Ipaporanga;Alto do Bom Princípio
CE;2305654;Ipaporanga;Central
CE;2305654;Ipaporanga;Centro
CE;2305654;Ipaporanga;São José
CE;2305704;Ipaumirim;
CE;2305803;Ipu;Aldeota
CE;2305803;Ipu;Alto dos Quatorze
CE;2305803;Ipu;Berguedorf
CE;2305803;Ipu;Boa Vista
CE;2305803;Ipu;Cafute
CE;2305803;Ipu;Canudos
CE;2305803;Ipu;Centro
CE;2305803;Ipu;Escondido
CE;2305803;Ipu;Macaco
CE;2305803;Ipu;Mina
CE;2305803;Ipu;Monsenhor Francisco Ferreira de Moraes
CE;2305803;Ipu;Pedrinhas
CE;2305803;Ipu;Pereiros
CE;2305803;Ipu;Reino de França
CE;2305902;Ipueiras;
CE;2306009;Iracema;Beira Rio
CE;2306009;Iracema;Caixa D'Água
CE;2306009;Iracema;Centro
CE;2306009;Iracema;da Paz
CE;2306009;Iracema;Da Paz
CE;2306009;Iracema;Holandino
CE;2306009;Iracema;Jatobá
CE;2306009;Iracema;Pedra Bola
CE;2306009;Iracema;São José
CE;2306108;Irauçuba;
CE;2306207;Itaiçaba;Centro
CE;2306207;Itaiçaba;São Francisco
CE;2306207;Itaiçaba;São José
CE;2306256;Itaitinga;Ancuri
CE;2306256;Itaitinga;Angorá
CE;2306256;Itaitinga;Antônio Miguel
CE;2306256;Itaitinga;Barrocão
CE;2306256;Itaitinga;Caracanga
CE;2306256;Itaitinga;Carapió
CE;2306256;Itaitinga;Centro
CE;2306256;Itaitinga;Genezaré
CE;2306256;Itaitinga;Gereraú
CE;2306256;Itaitinga;Jabuti
CE;2306256;Itaitinga;Jibóia
CE;2306256;Itaitinga;Laje dos Gatos
CE;2306256;Itaitinga;Ocupação
CE;2306256;Itaitinga;Parque Dom Pedro
CE;2306256;Itaitinga;Parque Recreio
CE;2306256;Itaitinga;Pedras
CE;2306256;Itaitinga;Ponta da Serra
CE;2306256;Itaitinga;Riachão
CE;2306256;Itaitinga;Santo Antônio
CE;2306256;Itaitinga;Vila Machado
CE;2306256;Itaitinga;Vila Nova
CE;2306306;Itapajé;
CE;2306405;Itapipoca;Alto Alegre
CE;2306405;Itapipoca;Área Nobre
CE;2306405;Itapipoca;Boa Vista
CE;2306405;Itapipoca;Cacimbas
CE;2306405;Itapipoca;Centro
CE;2306405;Itapipoca;Coqueiro
CE;2306405;Itapipoca;Cruzeiro
CE;2306405;Itapipoca;Das Flores
CE;2306405;Itapipoca;Estação
CE;2306405;Itapipoca;Fazendinha
CE;2306405;Itapipoca;Julho
CE;2306405;Itapipoca;Ladeira
CE;2306405;Itapipoca;Madalenas
CE;2306405;Itapipoca;Maranhão
CE;2306405;Itapipoca;Mourão
CE;2306405;Itapipoca;Nova Aldeota
CE;2306405;Itapipoca;Picos
CE;2306405;Itapipoca;São Francisco
CE;2306405;Itapipoca;São Sebastião
CE;2306405;Itapipoca;Senharão
CE;2306405;Itapipoca;Urbano Teixeira
CE;2306405;Itapipoca;Violete
CE;2306504;Itapiúna;
CE;2306553;Itarema;
CE;2306603;Itatira;Centro
CE;2306702;Jaguaretama;Beira Rio
CE;2306702;Jaguaretama;Centro
CE;2306702;Jaguaretama;Jaime Costa Pinheiro
CE;2306702;Jaguaretama;Nossa Senhora da Conceição
CE;2306702;Jaguaretama;Padre Sebastião Marleno
CE;2306801;Jaguaribara;
CE;2306900;Jaguaribe;Aloísio Diógenes
CE;2306900;Jaguaribe;Antônio Duarte
CE;2306900;Jaguaribe;Celso Barreira Filho
CE;2306900;Jaguaribe;Centro
CE;2306900;Jaguaribe;Luiz Pinto
CE;2307007;Jaguaruana;
CE;2307106;Jardim;Bela Vista
CE;2307106;Jardim;Centro
CE;2307106;Jardim;Clodoaldo Xavier Sampaio
CE;2307106;Jardim;Décio Sampaio Couto
CE;2307106;Jardim;Frei Damião
CE;2307106;Jardim;João Neves da Luz (João da Luz)
CE;2307106;Jardim;João Neves da Luz - João da Luz
CE;2307106;Jardim;João Pereira de Sousa
CE;2307106;Jardim;José Couto
CE;2307106;Jardim;José Franco Neves (Zé Neves)
CE;2307106;Jardim;José Franco Neves - Zé Neves
CE;2307106;Jardim;Lourival Gondim
CE;2307106;Jardim;Nossa Senhora de Fátima
CE;2307106;Jardim;Olavo Napoleão de Araújo
CE;2307106;Jardim;Otoni de Sá Roriz
CE;2307106;Jardim;Pedro Antônio da Silva
CE;2307106;Jardim;Santa Terezinha
CE;2307106;Jardim;Urias Novais
CE;2307205;Jati;Bela Vista
CE;2307205;Jati;Centro
CE;2307205;Jati;Matulão
CE;2307205;Jati;Portal de Santana
CE;2307254;Jijoca de Jericoacoara;
CE;2307304;Juazeiro do Norte;Aeroporto
CE;2307304;Juazeiro do Norte;Antônio Vieira
CE;2307304;Juazeiro do Norte;Beanora Gondim Pereira
CE;2307304;Juazeiro do Norte;Betolândia
CE;2307304;Juazeiro do Norte;Brejo Seco
CE;2307304;Juazeiro do Norte;Cajuína São Geraldo
CE;2307304;Juazeiro do Norte;Campo Alegre
CE;2307304;Juazeiro do Norte;Carité
CE;2307304;Juazeiro do Norte;Centro
CE;2307304;Juazeiro do Norte;Cidade Universitária
CE;2307304;Juazeiro do Norte;Fátima
CE;2307304;Juazeiro do Norte;Franciscanos
CE;2307304;Juazeiro do Norte;Frei Damião
CE;2307304;Juazeiro do Norte;Horto
CE;2307304;Juazeiro do Norte;Jardim Gonzaga
CE;2307304;Juazeiro do Norte;João Cabral
CE;2307304;Juazeiro do Norte;José Geraldo da Cruz
CE;2307304;Juazeiro do Norte;Juvêncio Santana
CE;2307304;Juazeiro do Norte;Lagoa Seca
CE;2307304;Juazeiro do Norte;Leandro Bezerra de Menezes
CE;2307304;Juazeiro do Norte;Limoeiro
CE;2307304;Juazeiro do Norte;Logradouro
CE;2307304;Juazeiro do Norte;Monsenhor Francisco de Sá Barreto
CE;2307304;Juazeiro do Norte;Novo Juazeiro
CE;2307304;Juazeiro do Norte;Pedrinhas
CE;2307304;Juazeiro do Norte;Pio XII
CE;2307304;Juazeiro do Norte;Pirajá
CE;2307304;Juazeiro do Norte;Planalto
CE;2307304;Juazeiro do Norte;Prefeito Mauro Sampaio
CE;2307304;Juazeiro do Norte;Professora Maria Geli SPA Barreto
CE;2307304;Juazeiro do Norte;Romeirão
CE;2307304;Juazeiro do Norte;Romeiro Aureliano Pereira
CE;2307304;Juazeiro do Norte;Salesianos
CE;2307304;Juazeiro do Norte;Salgadinho
CE;2307304;Juazeiro do Norte;Santa Teresa
CE;2307304;Juazeiro do Norte;Santo Antônio
CE;2307304;Juazeiro do Norte;Santo Antonio
CE;2307304;Juazeiro do Norte;São José
CE;2307304;Juazeiro do Norte;São Miguel
CE;2307304;Juazeiro do Norte;Socorro
CE;2307304;Juazeiro do Norte;Timbaúba
CE;2307304;Juazeiro do Norte;Tiradentes
CE;2307304;Juazeiro do Norte;Três-Marias
CE;2307304;Juazeiro do Norte;Triângulo
CE;2307304;Juazeiro do Norte;Vila Real
CE;2307403;Jucás;Alto da Paz
CE;2307403;Jucás;Alto do Tó
CE;2307403;Jucás;Centro
CE;2307403;Jucás;Côco Verde
CE;2307403;Jucás;Nossa Senhora de Fátima
CE;2307403;Jucás;Padre Manoel Lemos Braga
CE;2307403;Jucás;Planalto
CE;2307403;Jucás;Sagrada Família
CE;2307403;Jucás;São José
CE;2307403;Jucás;São Mateus
CE;2307502;Lavras da Mangabeira;Coronel Francisco Correia Lima
CE;2307502;Lavras da Mangabeira;Coronel Raimundo Augusto Lima
CE;2307601;Limoeiro do Norte;Antônio Holanda
CE;2307601;Limoeiro do Norte;Boa Fé
CE;2307601;Limoeiro do Norte;Bom Jesus
CE;2307601;Limoeiro do Norte;Bom Jesus do Cruzeiro
CE;2307601;Limoeiro do Norte;Bom Nome
CE;2307601;Limoeiro do Norte;Brotolândia
CE;2307601;Limoeiro do Norte;Centro
CE;2307601;Limoeiro do Norte;Doutor José Simões
CE;2307601;Limoeiro do Norte;Ilha
CE;2307601;Limoeiro do Norte;João XXIII
CE;2307601;Limoeiro do Norte;Limoeirinho
CE;2307601;Limoeiro do Norte;Luiz Alves de Freitas
CE;2307601;Limoeiro do Norte;Monsenhor Otávio
CE;2307601;Limoeiro do Norte;Pitombeira
CE;2307601;Limoeiro do Norte;Santa Luzia
CE;2307601;Limoeiro do Norte;Socorro
CE;2307635;Madalena;Antônio Firmino de Pinho
CE;2307635;Madalena;Boa Vista
CE;2307635;Madalena;Centro
CE;2307635;Madalena;Henrique Jorge
CE;2307635;Madalena;Nova Madalena
CE;2307635;Madalena;Pinhos
CE;2307635;Madalena;Santa Terezinha
CE;2307635;Madalena;Santana
CE;2307635;Madalena;São José
CE;2307650;Maracanaú;Acaracuzinho I
CE;2307650;Maracanaú;Acaracuzinho II
CE;2307650;Maracanaú;Alto Alegre
CE;2307650;Maracanaú;Alto Alegre I
CE;2307650;Maracanaú;Alto Alegre II
CE;2307650;Maracanaú;Alto da Bonança
CE;2307650;Maracanaú;Alto da Mangueira
CE;2307650;Maracanaú;Antônio Justa
CE;2307650;Maracanaú;Arronches
CE;2307650;Maracanaú;Boa Esperança
CE;2307650;Maracanaú;Boa Vista
CE;2307650;Maracanaú;Cágado
CE;2307650;Maracanaú;Carneiro de Mendonça
CE;2307650;Maracanaú;Centro
CE;2307650;Maracanaú;Conjunto Timbó
CE;2307650;Maracanaú;Coqueiral
CE;2307650;Maracanaú;Distrito Industrial do Ceará
CE;2307650;Maracanaú;Esplanada do Mondubim
CE;2307650;Maracanaú;Furna da Onça
CE;2307650;Maracanaú;Independência
CE;2307650;Maracanaú;Jaçanau
CE;2307650;Maracanaú;Jaçanaú
CE;2307650;Maracanaú;Jardim Bandeirante
CE;2307650;Maracanaú;Jardim Paraíso
CE;2307650;Maracanaú;Jari
CE;2307650;Maracanaú;Jatobá
CE;2307650;Maracanaú;Jereissati Setor A
CE;2307650;Maracanaú;Jereissati Setor B
CE;2307650;Maracanaú;Jereissati Setor C
CE;2307650;Maracanaú;Jereissati Setor D
CE;2307650;Maracanaú;Jereissati Setor E
CE;2307650;Maracanaú;Mucunã
CE;2307650;Maracanaú;Novo Maracanaú
CE;2307650;Maracanaú;Novo Mondubim
CE;2307650;Maracanaú;Novo Oriente
CE;2307650;Maracanaú;Olho D'Água do Pitaguari
CE;2307650;Maracanaú;Olho-D'Água do Pitaguari
CE;2307650;Maracanaú;Pajuçara
CE;2307650;Maracanaú;Parque Luzardo Viana
CE;2307650;Maracanaú;Parque Piratininga
CE;2307650;Maracanaú;Parque Progresso
CE;2307650;Maracanaú;Parque Santa Maria
CE;2307650;Maracanaú;Parque Tropical
CE;2307650;Maracanaú;Pau Serrado
CE;2307650;Maracanaú;Picada
CE;2307650;Maracanaú;Siqueira
CE;2307650;Maracanaú;Tijuca
CE;2307700;Maranguape;Aldeoma
CE;2307700;Maranguape;Centro
CE;2307700;Maranguape;Coité
CE;2307700;Maranguape;Cônego Raimundo Pinto
CE;2307700;Maranguape;Gavião
CE;2307700;Maranguape;Guabiraba
CE;2307700;Maranguape;Lameirão
CE;2307700;Maranguape;Novo Maranguape I
CE;2307700;Maranguape;Novo Maranguape II
CE;2307700;Maranguape;Novo Parque Iracema
CE;2307700;Maranguape;Outra Banda
CE;2307700;Maranguape;Parque Iracema
CE;2307700;Maranguape;Parque Santa Fé
CE;2307700;Maranguape;Parque São João
CE;2307700;Maranguape;Pirapora
CE;2307700;Maranguape;Preguiça
CE;2307700;Maranguape;Santos Dumont
CE;2307700;Maranguape;Tangueira
CE;2307700;Maranguape;Urucara
CE;2307700;Maranguape;Urucará
CE;2307809;Marco;Alemães
CE;2307809;Marco;Barro Vermelho
CE;2307809;Marco;Centro
CE;2307809;Marco;Coqueirinho
CE;2307809;Marco;Coração de Jesus
CE;2307809;Marco;Professor Geraldo Neves
CE;2307809;Marco;Raimundo Jovino
CE;2307809;Marco;Santa Rosa
CE;2307809;Marco;São Roque
CE;2307809;Marco;Triângulo
CE;2307908;Martinópole;
CE;2308005;Massapê;Alto da Boa Vista
CE;2308005;Massapê;Alto da Cadeia
CE;2308005;Massapê;Bandeira Branca
CE;2308005;Massapê;Cartucha
CE;2308005;Massapê;Cartuxa
CE;2308005;Massapê;Centro
CE;2308005;Massapê;Cruzeiro
CE;2308005;Massapê;Ginásio
CE;2308005;Massapê;Joaquim Marques
CE;2308005;Massapê;Nossa Senhora de Fátima
CE;2308005;Massapê;Santa Úrsula
CE;2308005;Massapê;São João
CE;2308005;Massapê;Usina Velha
CE;2308104;Mauriti;Bela Vista I
CE;2308104;Mauriti;Bela Vista II
CE;2308104;Mauriti;Centro
CE;2308104;Mauriti;César Nascimento
CE;2308104;Mauriti;Dantas
CE;2308104;Mauriti;Dom Bosco
CE;2308104;Mauriti;Hollywood
CE;2308104;Mauriti;José Silcon de Lacerda
CE;2308104;Mauriti;Monte Alegre
CE;2308104;Mauriti;Nossa Senhora de Fátima
CE;2308104;Mauriti;Nova Mauriti
CE;2308104;Mauriti;Populares
CE;2308104;Mauriti;Serrinha
CE;2308104;Mauriti;Vila Jatobá
CE;2308203;Meruoca;Centro
CE;2308203;Meruoca;Coronel Bezerril
CE;2308203;Meruoca;Divino Salvador
CE;2308203;Meruoca;Dom Expedito
CE;2308302;Milagres;Cabeceiras
CE;2308302;Milagres;Casa Própria
CE;2308302;Milagres;Centro
CE;2308302;Milagres;das Missionárias
CE;2308302;Milagres;Das Missionárias
CE;2308302;Milagres;Eucaliptos
CE;2308302;Milagres;Francisca do Socorro
CE;2308302;Milagres;Frei Damião
CE;2308302;Milagres;Padre Cícero
CE;2308302;Milagres;Rodoviário
CE;2308351;Milhã;
CE;2308377;Miraíma;
CE;2308401;Missão Velha;Adalberto Casimiro de Farias
CE;2308401;Missão Velha;Antônio Linard
CE;2308401;Missão Velha;Antonio Linard
CE;2308401;Missão Velha;Antônio Luiz
CE;2308401;Missão Velha;Antonio Luiz
CE;2308401;Missão Velha;Centro
CE;2308401;Missão Velha;da Fé
CE;2308401;Missão Velha;José de Iaiá
CE;2308401;Missão Velha;José Pimenta
CE;2308401;Missão Velha;Lordival Januário Pereira
CE;2308401;Missão Velha;Nelson Cândido de Macedo
CE;2308401;Missão Velha;Novo Milênio
CE;2308401;Missão Velha;Rubens Arrais Maia
CE;2308401;Missão Velha;São José
CE;2308500;Mombaça;Antônio Felinto
CE;2308500;Mombaça;Centro
CE;2308500;Mombaça;Tejubana
CE;2308500;Mombaça;Vila Betânia
CE;2308500;Mombaça;Vila Iracema
CE;2308500;Mombaça;Vila Recreio
CE;2308500;Mombaça;Vila Salete
CE;2308500;Mombaça;Vila São José
CE;2308609;Monsenhor Tabosa;Alto da Boa Vista
CE;2308609;Monsenhor Tabosa;Carrapicho
CE;2308609;Monsenhor Tabosa;Centro
CE;2308609;Monsenhor Tabosa;Jucás
CE;2308609;Monsenhor Tabosa;Lilio Gentil Leitão
CE;2308609;Monsenhor Tabosa;Prado
CE;2308609;Monsenhor Tabosa;Quadra
CE;2308609;Monsenhor Tabosa;Trizidela
CE;2308708;Morada Nova;Alto Tiradentes
CE;2308708;Morada Nova;Capitão Dionísio Matos de Fontes
CE;2308708;Morada Nova;Centro
CE;2308708;Morada Nova;Cristo Rei
CE;2308708;Morada Nova;Divino Espírito Santo
CE;2308708;Morada Nova;Dois de Agosto
CE;2308708;Morada Nova;Girilândia
CE;2308708;Morada Nova;Hermógenes Henrique Girão
CE;2308708;Morada Nova;Irapuan Nobre
CE;2308708;Morada Nova;Julia Santiago
CE;2308708;Morada Nova;Nossa Senhora da Conceição
CE;2308708;Morada Nova;Nova Morada
CE;2308708;Morada Nova;Padre Assis Monteiro
CE;2308708;Morada Nova;Planalto Aeroporto
CE;2308708;Morada Nova;São Francisco
CE;2308708;Morada Nova;São José
CE;2308807;Moraújo;
CE;2308906;Morrinhos;
CE;2309003;Mucambo;
CE;2309102;Mulungu;
CE;2309201;Nova Olinda;
CE;2309300;Nova Russas;Água Boa
CE;2309300;Nova Russas;Alto da Boa Vista
CE;2309300;Nova Russas;Centro
CE;2309300;Nova Russas;Patronato
CE;2309300;Nova Russas;Progresso
CE;2309300;Nova Russas;São Francisco
CE;2309300;Nova Russas;Tamarindo
CE;2309300;Nova Russas;Timbaúba
CE;2309300;Nova Russas;Universidade
CE;2309409;Novo Oriente;Açude Oriente I
CE;2309409;Novo Oriente;Açude Oriente II
CE;2309409;Novo Oriente;Boa Vista
CE;2309409;Novo Oriente;Centro
CE;2309409;Novo Oriente;Colinas
CE;2309409;Novo Oriente;João Antero
CE;2309409;Novo Oriente;Lagoa do Tigre Norte
CE;2309409;Novo Oriente;Lagoa do Tigre Sul
CE;2309409;Novo Oriente;Prefeito Manoel Claudino Sales
CE;2309409;Novo Oriente;Vicente Rodrigues Vieira
CE;2309409;Novo Oriente;Vila Feliz
CE;2309458;Ocara;
CE;2309508;Orós;
CE;2309607;Pacajus;
CE;2309706;Pacatuba;Alto São João
CE;2309706;Pacatuba;Carnaubinha
CE;2309706;Pacatuba;Centro
CE;2309706;Pacatuba;Forquilha
CE;2309706;Pacatuba;Parque Aratanha
CE;2309706;Pacatuba;Pracinha
CE;2309706;Pacatuba;São Bento
CE;2309706;Pacatuba;São José
CE;2309805;Pacoti;
CE;2309904;Pacujá;Bananeira
CE;2309904;Pacujá;Barro Branco
CE;2309904;Pacujá;Centro
CE;2310001;Palhano;Alto São Luís
CE;2310001;Palhano;Boi Morto
CE;2310001;Palhano;Canto da Cruz
CE;2310001;Palhano;Centro
CE;2310100;Palmácia;Bica
CE;2310100;Palmácia;Caboclos
CE;2310100;Palmácia;Centro
CE;2310100;Palmácia;São Francisco
CE;2310100;Palmácia;Vila Campos
CE;2310100;Palmácia;Vinte e Oito de Agosto
CE;2310209;Paracuru;
CE;2310258;Paraipaba;
CE;2310308;Parambu;Beleza
CE;2310308;Parambu;Brasília
CE;2310308;Parambu;Cachimbo
CE;2310308;Parambu;Caixa d'Água
CE;2310308;Parambu;Centro
CE;2310308;Parambu;Horácio Alves Noronha
CE;2310308;Parambu;Planalto
CE;2310308;Parambu;Vila Nova
CE;2310407;Paramoti;Arrudas
CE;2310407;Paramoti;Bela Vista
CE;2310407;Paramoti;Centro
CE;2310407;Paramoti;Esplanada do Conjunto
CE;2310407;Paramoti;Vicente Farias
CE;2310506;Pedra Branca;Boa Esperança
CE;2310506;Pedra Branca;Bom Princípio
CE;2310506;Pedra Branca;Centro
CE;2310506;Pedra Branca;Chico Leandro
CE;2310506;Pedra Branca;Padre Geraldo
CE;2310506;Pedra Branca;Riso do Prado
CE;2310506;Pedra Branca;Santa Maria
CE;2310506;Pedra Branca;Santa Úrsula
CE;2310605;Penaforte;Centro
CE;2310605;Penaforte;Frei Damião
CE;2310605;Penaforte;Nossa Senhora Aparecida
CE;2310605;Penaforte;Padre Cícero
CE;2310704;Pentecoste;
CE;2310803;Pereiro;
CE;2310852;Pindoretama;
CE;2310902;Piquet Carneiro;Alto Alegre
CE;2310902;Piquet Carneiro;Alto do Bem-Ti-Vi
CE;2310902;Piquet Carneiro;Alto do Bentivi
CE;2310902;Piquet Carneiro;Alto do Bumerang
CE;2310902;Piquet Carneiro;Alto dos Maias
CE;2310902;Piquet Carneiro;Armando Melo
CE;2310902;Piquet Carneiro;Bumerangue
CE;2310902;Piquet Carneiro;Centro
CE;2310902;Piquet Carneiro;João Paulo II
CE;2310902;Piquet Carneiro;Piquezinho
CE;2310902;Piquet Carneiro;Rancho Verde
CE;2310902;Piquet Carneiro;Santa Luzia
CE;2310951;Pires Ferreira;
CE;2311009;Poranga;Aeroporto
CE;2311009;Poranga;Betânia
CE;2311009;Poranga;Centro
CE;2311009;Poranga;Eufrasino Neto
CE;2311009;Poranga;Jardim das Oliveiras
CE;2311009;Poranga;Jericó
CE;2311108;Porteiras;Campo Santo
CE;2311108;Porteiras;Centro
CE;2311108;Porteiras;Entre Rios
CE;2311108;Porteiras;Imaculada Conceição
CE;2311108;Porteiras;José Aristarco Cardoso
CE;2311108;Porteiras;José Irapuan Tavares de Lavor
CE;2311108;Porteiras;Sol Nascente
CE;2311207;Potengi;Centro
CE;2311207;Potengi;Guaribas
CE;2311207;Potengi;São Francisco
CE;2311207;Potengi;Vila Andrade
CE;2311207;Potengi;Vila Campo
CE;2311207;Potengi;Vila Padre Cícero
CE;2311231;Potiretama;Centro
CE;2311231;Potiretama;Manoel Dantas de Almeida
CE;2311231;Potiretama;Pedro Paulino de Freitas
CE;2311231;Potiretama;Trapiá
CE;2311264;Quiterianópolis;Alto Brilhante
CE;2311264;Quiterianópolis;Centro
CE;2311264;Quiterianópolis;Cidade Nova
CE;2311264;Quiterianópolis;Colinas
CE;2311306;Quixadá;Alto da Boa Vista
CE;2311306;Quixadá;Alto São Francisco
CE;2311306;Quixadá;Baviera
CE;2311306;Quixadá;Boto
CE;2311306;Quixadá;Campo Novo
CE;2311306;Quixadá;Campo Velho
CE;2311306;Quixadá;Carrascal
CE;2311306;Quixadá;Centro
CE;2311306;Quixadá;Cohab
CE;2311306;Quixadá;Combate
CE;2311306;Quixadá;Curicaca
CE;2311306;Quixadá;Herval
CE;2311306;Quixadá;Irajá
CE;2311306;Quixadá;Jardim dos Monólitos
CE;2311306;Quixadá;Monte Alegre
CE;2311306;Quixadá;Nova Jerusalém
CE;2311306;Quixadá;Planalto Renascer
CE;2311306;Quixadá;Planalto Universitário
CE;2311306;Quixadá;Putiú
CE;2311306;Quixadá;São João
CE;2311306;Quixadá;Triângulo
CE;2311355;Quixelô;
CE;2311405;Quixeramobim;
CE;2311504;Quixeré;Centro
CE;2311504;Quixeré;Leão
CE;2311504;Quixeré;Nova Morada
CE;2311504;Quixeré;Pontal
CE;2311603;Redenção;
CE;2311702;Reriutaba;
CE;2311801;Russas;Alto do Velame
CE;2311801;Russas;Centro
CE;2311801;Russas;Cidade Universitária
CE;2311801;Russas;Distrito Industrial
CE;2311801;Russas;Guanabara
CE;2311801;Russas;Ipiranga
CE;2311801;Russas;Lagoa do Toco
CE;2311801;Russas;Nossa Senhora de Fátima
CE;2311801;Russas;Pitombeira
CE;2311801;Russas;Pitombeira I
CE;2311801;Russas;Pitombeira II
CE;2311801;Russas;Planalto da Bela Vista
CE;2311801;Russas;Planalto da Catumbela
CE;2311801;Russas;Poço Redondo
CE;2311801;Russas;Tabuleiro da Vaquejada
CE;2311801;Russas;Tabuleiro do Alto São João
CE;2311801;Russas;Tabuleiro do Catavento
CE;2311801;Russas;Várzea Alegre
CE;2311801;Russas;Vila Gonçalves
CE;2311801;Russas;Vila Matoso
CE;2311801;Russas;Vila Ramalho
CE;2311801;Russas;Ypiranga
CE;2311900;Saboeiro;
CE;2311959;Salitre;
CE;2312205;Santa Quitéria;Boa Vida
CE;2312205;Santa Quitéria;Centro
CE;2312205;Santa Quitéria;Diro Moreira
CE;2312205;Santa Quitéria;Dr. Afonso Walter M. Pinto
CE;2312205;Santa Quitéria;Edson Lobo de Mesquita
CE;2312205;Santa Quitéria;Flores
CE;2312205;Santa Quitéria;José Ernane Catunda Sales
CE;2312205;Santa Quitéria;Luis Demerval de Andrade
CE;2312205;Santa Quitéria;Pedra da Saudade
CE;2312205;Santa Quitéria;Planalto da Piracicaba
CE;2312205;Santa Quitéria;Primavera
CE;2312205;Santa Quitéria;Raimundo Mesquita Sobrinho
CE;2312205;Santa Quitéria;Senador Francisco Menezes Pimentel
CE;2312007;Santana do Acaraú;Alto da Liberdade
CE;2312007;Santana do Acaraú;Centro
CE;2312007;Santana do Acaraú;Gerardo Arcanjo
CE;2312007;Santana do Acaraú;Jericó
CE;2312007;Santana do Acaraú;João Alfredo
CE;2312007;Santana do Acaraú;Pedregal
CE;2312007;Santana do Acaraú;Retiro
CE;2312106;Santana do Cariri;
CE;2312304;São Benedito;ABC
CE;2312304;São Benedito;Aeroporto
CE;2312304;São Benedito;Barra
CE;2312304;São Benedito;Cachoeira
CE;2312304;São Benedito;Castelo
CE;2312304;São Benedito;Centro
CE;2312304;São Benedito;Chora
CE;2312304;São Benedito;Cidade Alta
CE;2312304;São Benedito;Cidade Nova
CE;2312304;São Benedito;Corrente
CE;2312304;São Benedito;Crescêncio
CE;2312304;São Benedito;Cruzeiro
CE;2312304;São Benedito;Fátima
CE;2312304;São Benedito;Horto Florestal
CE;2312304;São Benedito;Laranjeiras
CE;2312304;São Benedito;Mirandas
CE;2312304;São Benedito;Mirandinha
CE;2312304;São Benedito;Monsenhor Otalício
CE;2312304;São Benedito;Novo
CE;2312304;São Benedito;Parque Tabajara
CE;2312304;São Benedito;Pimenteiras
CE;2312304;São Benedito;Portal dos Buritis
CE;2312304;São Benedito;Recanto
CE;2312304;São Benedito;Santuário
CE;2312304;São Benedito;Serraville
CE;2312304;São Benedito;Toca do Quati
CE;2312304;São Benedito;Vila Franco
CE;2312304;São Benedito;Vila Verde
CE;2312403;São Gonçalo do Amarante;
CE;2312502;São João do Jaguaribe;Bela Vista
CE;2312502;São João do Jaguaribe;Centro
CE;2312502;São João do Jaguaribe;João Candido
CE;2312502;São João do Jaguaribe;João Cândido
CE;2312502;São João do Jaguaribe;Pacheco
CE;2312502;São João do Jaguaribe;Velosa
CE;2312601;São Luís do Curu;
CE;2312700;Senador Pompeu;
CE;2312809;Senador Sá;Centro
CE;2312809;Senador Sá;Nossa Senhora do Amparo
CE;2312809;Senador Sá;Nossa Senhora do Carmo
CE;2312809;Senador Sá;Pitombeiras
CE;2312908;Sobral;Alto Brasília
CE;2312908;Sobral;Alto Cristo
CE;2312908;Sobral;Antônio Carlos Belchior
CE;2312908;Sobral;Campo dos Velhos
CE;2312908;Sobral;Centro
CE;2312908;Sobral;Cidade Dr. José Euclides Ferreira Gomes Júnior
CE;2312908;Sobral;Cidade Gerardo Cristino de Menezes
CE;2312908;Sobral;Cidade Pedro Mendes Carneiro
CE;2312908;Sobral;Cohab I
CE;2312908;Sobral;Cohab II
CE;2312908;Sobral;Colina da Boa Vista
CE;2312908;Sobral;Coração de Jesus
CE;2312908;Sobral;Da Expectativa
CE;2312908;Sobral;Derby Clube
CE;2312908;Sobral;Distrito Industrial
CE;2312908;Sobral;Dom Expedito
CE;2312908;Sobral;Dom José
CE;2312908;Sobral;Domingos Olímpio
CE;2312908;Sobral;Doutor Juvêncio de Andrade
CE;2312908;Sobral;Edmundo Monte Coelho
CE;2312908;Sobral;Jatobá
CE;2312908;Sobral;Jerônimo de Medeiros Prado
CE;2312908;Sobral;Jocely Dantas de Andrade Torres
CE;2312908;Sobral;Juazeiro
CE;2312908;Sobral;Junco
CE;2312908;Sobral;Nossa Senhora de Fátima
CE;2312908;Sobral;Nova Caiçara
CE;2312908;Sobral;Novo Recanto
CE;2312908;Sobral;Padre Ibiapina
CE;2312908;Sobral;Padre Palhano
CE;2312908;Sobral;Parque Silvana
CE;2312908;Sobral;Pedrinhas
CE;2312908;Sobral;Renato Parente
CE;2312908;Sobral;Sinhá Sabóia
CE;2312908;Sobral;Sumaré
CE;2312908;Sobral;Várzea Grande
CE;2312908;Sobral;Vila União
CE;2313005;Solonópole;
CE;2313104;Tabuleiro do Norte;8 de Junho
CE;2313104;Tabuleiro do Norte;8 de Setembro
CE;2313104;Tabuleiro do Norte;Água Santa
CE;2313104;Tabuleiro do Norte;Bom Futuro
CE;2313104;Tabuleiro do Norte;Centro
CE;2313104;Tabuleiro do Norte;Joaquim Fernandes Colares
CE;2313104;Tabuleiro do Norte;José Mendes
CE;2313104;Tabuleiro do Norte;Jurandir Maia de Azevedo (Jurandir Maia)
CE;2313104;Tabuleiro do Norte;Lula
CE;2313104;Tabuleiro do Norte;Macena
CE;2313104;Tabuleiro do Norte;Pedro Gomes da Costa (Pedro Gomes)
CE;2313104;Tabuleiro do Norte;São Francisco
CE;2313104;Tabuleiro do Norte;São Vicente
CE;2313203;Tamboril;Antonio Mota Filho
CE;2313203;Tamboril;Areias
CE;2313203;Tamboril;Bola Branca
CE;2313203;Tamboril;Centro
CE;2313203;Tamboril;Centro de Sucesso
CE;2313203;Tamboril;das Pedrinhas
CE;2313203;Tamboril;Jardim América
CE;2313203;Tamboril;Monsenhor Holanda
CE;2313203;Tamboril;Monte Azul
CE;2313203;Tamboril;Monte Castelo
CE;2313203;Tamboril;Poço Escuro
CE;2313203;Tamboril;São José
CE;2313203;Tamboril;São Pedro
CE;2313252;Tarrafas;Boa Vista
CE;2313252;Tarrafas;Bulandeira
CE;2313252;Tarrafas;Centro
CE;2313252;Tarrafas;José Rodrigues
CE;2313302;Tauá;Alto Brilhante
CE;2313302;Tauá;Alto do Cruzeiro
CE;2313302;Tauá;Bezerra de Sousa
CE;2313302;Tauá;Centro
CE;2313302;Tauá;Cidade Nova
CE;2313302;Tauá;Dos Colibris
CE;2313302;Tauá;dos Colibris
CE;2313302;Tauá;Dr José Ózimo da Silva Câmara
CE;2313302;Tauá;Enéas Alves de Oliveira
CE;2313302;Tauá;Francisco Soares de Carvalho
CE;2313302;Tauá;José Alexandrino Nogueira
CE;2313302;Tauá;José Holanda Lima
CE;2313302;Tauá;Luiz Antônio de Oliveira Sousa
CE;2313302;Tauá;Manoel Alves Mota
CE;2313302;Tauá;Nova Aldeota
CE;2313302;Tauá;Sebastião César Rêgo
CE;2313302;Tauá;Tauazinho
CE;2313351;Tejuçuoca;
CE;2313401;Tianguá;Afonso Maranguape
CE;2313401;Tianguá;Antão
CE;2313401;Tianguá;Cândido Xavier de Sá
CE;2313401;Tianguá;Centro
CE;2313401;Tianguá;Cruzeiro
CE;2313401;Tianguá;Dom Timóteo
CE;2313401;Tianguá;Frei Galvão
CE;2313401;Tianguá;Gaioso Nunes
CE;2313401;Tianguá;Geraldo Saraiva
CE;2313401;Tianguá;Industrial
CE;2313401;Tianguá;João Nunes
CE;2313401;Tianguá;Laurão
CE;2313401;Tianguá;Narciso Pessoa
CE;2313401;Tianguá;Nenê Plácido
CE;2313401;Tianguá;Paturi
CE;2313401;Tianguá;Pitanga
CE;2313401;Tianguá;Régis Diniz
CE;2313401;Tianguá;Santo Antônio
CE;2313401;Tianguá;Santo Expedito
CE;2313401;Tianguá;São José
CE;2313401;Tianguá;Seminário
CE;2313401;Tianguá;Vereador Anastácio Arruda
CE;2313401;Tianguá;Vereador João Albuquerque
CE;2313401;Tianguá;Vereadora Maria Paixão
CE;2313401;Tianguá;Zé Humberto
CE;2313500;Trairi;Boa Esperança I
CE;2313500;Trairi;Boa Esperança II
CE;2313500;Trairi;Carnaúba Torta
CE;2313500;Trairi;Centro
CE;2313500;Trairi;Cotesa
CE;2313500;Trairi;Ilha
CE;2313500;Trairi;Planalto Norte
CE;2313500;Trairi;São Francisco
CE;2313500;Trairi;São Gonçalo
CE;2313500;Trairi;São José
CE;2313500;Trairi;Serrinha
CE;2313500;Trairi;Vila Nova
CE;2313500;Trairi;"Volta do ""S"""
CE;2313559;Tururu;
CE;2313609;Ubajara;
CE;2313708;Umari;Alto Pontes
CE;2313757;Umirim;
CE;2313807;Uruburetama;
CE;2313906;Uruoca;26 de Março
CE;2313906;Uruoca;Alecrim
CE;2313906;Uruoca;Brasília
CE;2313906;Uruoca;Centro
CE;2313906;Uruoca;Nossa Senhora do Livramento
CE;2313906;Uruoca;Roberto Dourado
CE;2313955;Varjota;
CE;2314003;Várzea Alegre;Alto do Tenente
CE;2314003;Várzea Alegre;Baixio do Exu
CE;2314003;Várzea Alegre;Betânia
CE;2314003;Várzea Alegre;Brejinho dos Vieiras
CE;2314003;Várzea Alegre;Buenos Aires
CE;2314003;Várzea Alegre;Centro
CE;2314003;Várzea Alegre;Dona Rosinha
CE;2314003;Várzea Alegre;Grossos
CE;2314003;Várzea Alegre;Juremal
CE;2314003;Várzea Alegre;Patos
CE;2314003;Várzea Alegre;Praça Santo Antônio
CE;2314003;Várzea Alegre;Praça Santo Antonio
CE;2314003;Várzea Alegre;Riachinho
CE;2314003;Várzea Alegre;Sanharol
CE;2314003;Várzea Alegre;Serrinha
CE;2314003;Várzea Alegre;Varjota
CE;2314003;Várzea Alegre;Varzante
CE;2314003;Várzea Alegre;Zezinho Costa
CE;2314102;Viçosa do Ceará;
DF;5300108;Brasília;
ES;3200102;Afonso Cláudio;
ES;3200169;Água Doce do Norte;
ES;3200136;Águia Branca;
ES;3200201;Alegre;Campo de Aviação
ES;3200201;Alegre;Centro
ES;3200201;Alegre;Chácara Da Serra
ES;3200201;Alegre;Charqueada
ES;3200201;Alegre;Clério Moulin
ES;3200201;Alegre;Colina
ES;3200201;Alegre;Conceição (N.Sª Conceição)
ES;3200201;Alegre;Guararema
ES;3200201;Alegre;Nova Alegre
ES;3200201;Alegre;Pavuna
ES;3200201;Alegre;Prainha
ES;3200201;Alegre;São Manoel
ES;3200201;Alegre;São Vicente de Paulo
ES;3200201;Alegre;Três Vilas (Machado, Reis e Viana)
ES;3200201;Alegre;Treze De Maio (Treze)
ES;3200201;Alegre;Triângulo
ES;3200201;Alegre;Universitário
ES;3200201;Alegre;Vila Alta
ES;3200201;Alegre;Vila do Norte
ES;3200201;Alegre;Vila do Sul
ES;3200300;Alfredo Chaves;
ES;3200359;Alto Rio Novo;
ES;3200409;Anchieta;
ES;3200508;Apiacá;
ES;3200607;Aracruz;Barra do Riacho
ES;3200607;Aracruz;Barra do Sahy
ES;3200607;Aracruz;Bela Vista
ES;3200607;Aracruz;Centro
ES;3200607;Aracruz;Centro Empresarial
ES;3200607;Aracruz;Coqueiral
ES;3200607;Aracruz;Cupido
ES;3200607;Aracruz;de Carli
ES;3200607;Aracruz;Fátima
ES;3200607;Aracruz;Fatima
ES;3200607;Aracruz;Guanabara
ES;3200607;Aracruz;Guaraná
ES;3200607;Aracruz;Guaxindiba
ES;3200607;Aracruz;Itaparica
ES;3200607;Aracruz;Itaputera
ES;3200607;Aracruz;Jacupemba
ES;3200607;Aracruz;Jardins
ES;3200607;Aracruz;Jequitibá
ES;3200607;Aracruz;Limão
ES;3200607;Aracruz;Mar Azul
ES;3200607;Aracruz;Morobá
ES;3200607;Aracruz;Nova Colatina
ES;3200607;Aracruz;Nova Conquista
ES;3200607;Aracruz;Novo Jequitibá
ES;3200607;Aracruz;Parque Tropical
ES;3200607;Aracruz;Planalto
ES;3200607;Aracruz;Polivalente
ES;3200607;Aracruz;Pontal do Piraqueaçu
ES;3200607;Aracruz;Praia dos Padres
ES;3200607;Aracruz;Praia Formosa
ES;3200607;Aracruz;Primavera
ES;3200607;Aracruz;Putiri
ES;3200607;Aracruz;Recanto Feliz
ES;3200607;Aracruz;Santa Cruz
ES;3200607;Aracruz;Santa Luzia
ES;3200607;Aracruz;Santa Marta
ES;3200607;Aracruz;Santa Rosa
ES;3200607;Aracruz;São Clemente
ES;3200607;Aracruz;São Francisco
ES;3200607;Aracruz;São José
ES;3200607;Aracruz;São Marcos
ES;3200607;Aracruz;Sauaçu
ES;3200607;Aracruz;Saue
ES;3200607;Aracruz;Sauê
ES;3200607;Aracruz;Segato
ES;3200607;Aracruz;Vila do Riacho
ES;3200607;Aracruz;Vila Nova
ES;3200607;Aracruz;Vila Rica
ES;3200706;Atílio Vivácqua;
ES;3200805;Baixo Guandu;
ES;3200904;Barra de São Francisco;Alvorada
ES;3200904;Barra de São Francisco;Antônio Inácio Oliveira
ES;3200904;Barra de São Francisco;Antonio Inácio Oliveira
ES;3200904;Barra de São Francisco;Bambé
ES;3200904;Barra de São Francisco;Campo Novo
ES;3200904;Barra de São Francisco;Centro
ES;3200904;Barra de São Francisco;Colina
ES;3200904;Barra de São Francisco;Cruzeiro
ES;3200904;Barra de São Francisco;Irmãos Fernandes
ES;3200904;Barra de São Francisco;Nova Barra
ES;3200904;Barra de São Francisco;Vila Gonçalves
ES;3200904;Barra de São Francisco;Vila Landinha
ES;3200904;Barra de São Francisco;Vila Luciene
ES;3200904;Barra de São Francisco;Vila Vicente
ES;3201001;Boa Esperança;
ES;3201100;Bom Jesus do Norte;
ES;3201159;Brejetuba;Vila Cedro
ES;3201159;Brejetuba;Vila da Amizade
ES;3201159;Brejetuba;Vila Madalena
ES;3201209;Cachoeiro de Itapemirim;Abelardo Ferreira Machado
ES;3201209;Cachoeiro de Itapemirim;Aeroporto
ES;3201209;Cachoeiro de Itapemirim;Agostinho Simonato
ES;3201209;Cachoeiro de Itapemirim;Alto Amarelo
ES;3201209;Cachoeiro de Itapemirim;Alto Independência
ES;3201209;Cachoeiro de Itapemirim;Alto Monte Cristo
ES;3201209;Cachoeiro de Itapemirim;Alto Novo Parque
ES;3201209;Cachoeiro de Itapemirim;Alto União
ES;3201209;Cachoeiro de Itapemirim;Álvaro Tavares (União)
ES;3201209;Cachoeiro de Itapemirim;Alvaro Tavares - União
ES;3201209;Cachoeiro de Itapemirim;Amaral
ES;3201209;Cachoeiro de Itapemirim;Amarelo
ES;3201209;Cachoeiro de Itapemirim;Aquidaban
ES;3201209;Cachoeiro de Itapemirim;Arariguaba
ES;3201209;Cachoeiro de Itapemirim;Baiminas
ES;3201209;Cachoeiro de Itapemirim;Basiléia
ES;3201209;Cachoeiro de Itapemirim;Bela Vista
ES;3201209;Cachoeiro de Itapemirim;Boa Esperança
ES;3201209;Cachoeiro de Itapemirim;Boa Vista
ES;3201209;Cachoeiro de Itapemirim;Bom Pastor
ES;3201209;Cachoeiro de Itapemirim;Caiçara
ES;3201209;Cachoeiro de Itapemirim;Campo da Leopoldina
ES;3201209;Cachoeiro de Itapemirim;Central Parque
ES;3201209;Cachoeiro de Itapemirim;Centro
ES;3201209;Cachoeiro de Itapemirim;Coramara
ES;3201209;Cachoeiro de Itapemirim;Coronel Borges
ES;3201209;Cachoeiro de Itapemirim;Dr. Gilberto Machado
ES;3201209;Cachoeiro de Itapemirim;Elpídio Volpini
ES;3201209;Cachoeiro de Itapemirim;Estelita Coelho Marins
ES;3201209;Cachoeiro de Itapemirim;Fé e Raça
ES;3201209;Cachoeiro de Itapemirim;Ferroviários
ES;3201209;Cachoeiro de Itapemirim;Gilson Carone
ES;3201209;Cachoeiro de Itapemirim;Guandú
ES;3201209;Cachoeiro de Itapemirim;IBC
ES;3201209;Cachoeiro de Itapemirim;Ibitiquara
ES;3201209;Cachoeiro de Itapemirim;Ilha da Luz
ES;3201209;Cachoeiro de Itapemirim;Independência
ES;3201209;Cachoeiro de Itapemirim;Jardim América
ES;3201209;Cachoeiro de Itapemirim;Jardim Itapemirim
ES;3201209;Cachoeiro de Itapemirim;Luiz Tinoco da Fonseca (BNH de cima)
ES;3201209;Cachoeiro de Itapemirim;Luiz Tinoco da Fonseca - BNH de cima
ES;3201209;Cachoeiro de Itapemirim;Marbrasa
ES;3201209;Cachoeiro de Itapemirim;Maria Ortiz
ES;3201209;Cachoeiro de Itapemirim;Monte Belo
ES;3201209;Cachoeiro de Itapemirim;Monte Cristo
ES;3201209;Cachoeiro de Itapemirim;Nossa Senhora Aparecida
ES;3201209;Cachoeiro de Itapemirim;Nossa Senhora da Glória
ES;3201209;Cachoeiro de Itapemirim;Nossa Senhora da Penha
ES;3201209;Cachoeiro de Itapemirim;Nossa Senhora de Fátima
ES;3201209;Cachoeiro de Itapemirim;Nova Brasília
ES;3201209;Cachoeiro de Itapemirim;Novo Parque
ES;3201209;Cachoeiro de Itapemirim;Otton Marins
ES;3201209;Cachoeiro de Itapemirim;Paraíso
ES;3201209;Cachoeiro de Itapemirim;Parque das Laranjeiras
ES;3201209;Cachoeiro de Itapemirim;Presidente Arthur Costa e Silva
ES;3201209;Cachoeiro de Itapemirim;Recanto
ES;3201209;Cachoeiro de Itapemirim;Rubem Braga
ES;3201209;Cachoeiro de Itapemirim;Rui Pinto Bandeira
ES;3201209;Cachoeiro de Itapemirim;Santo Antônio
ES;3201209;Cachoeiro de Itapemirim;São Francisco de Assis
ES;3201209;Cachoeiro de Itapemirim;São Geraldo
ES;3201209;Cachoeiro de Itapemirim;São Lucas
ES;3201209;Cachoeiro de Itapemirim;São Luiz Gonzaga
ES;3201209;Cachoeiro de Itapemirim;Sta. Cecília
ES;3201209;Cachoeiro de Itapemirim;Sta. Helena
ES;3201209;Cachoeiro de Itapemirim;Sumaré
ES;3201209;Cachoeiro de Itapemirim;Teixeira Leite
ES;3201209;Cachoeiro de Itapemirim;Vila Rica
ES;3201209;Cachoeiro de Itapemirim;Village da Luz
ES;3201209;Cachoeiro de Itapemirim;Waldir Furtado Amorim (BNH de Baixo)
ES;3201209;Cachoeiro de Itapemirim;Waldir Furtado Amorim - BNH de Baixo
ES;3201209;Cachoeiro de Itapemirim;Zumbi
ES;3201308;Cariacica;Alice Coutinho
ES;3201308;Cariacica;Alto da Boa Vista
ES;3201308;Cariacica;Alto Lage
ES;3201308;Cariacica;Alzira Ramos
ES;3201308;Cariacica;Antônio Ferreira Borges
ES;3201308;Cariacica;Aparecida
ES;3201308;Cariacica;Área Não Identificada 1/2
ES;3201308;Cariacica;Área Não Identificada 2/2
ES;3201308;Cariacica;Bandeirantes
ES;3201308;Cariacica;Bela Aurora
ES;3201308;Cariacica;Bela Vista
ES;3201308;Cariacica;Boa Sorte
ES;3201308;Cariacica;Bubú
ES;3201308;Cariacica;Caçaroca
ES;3201308;Cariacica;Campina Grande
ES;3201308;Cariacica;Campo Belo
ES;3201308;Cariacica;Campo Grande
ES;3201308;Cariacica;Campo Verde
ES;3201308;Cariacica;Campo verde
ES;3201308;Cariacica;Cangaíba
ES;3201308;Cariacica;Cariacica Sede
ES;3201308;Cariacica;Castelo Branco
ES;3201308;Cariacica;Chácaras União
ES;3201308;Cariacica;Cruzeiro do Sul
ES;3201308;Cariacica;Dom Bosco
ES;3201308;Cariacica;Expedito
ES;3201308;Cariacica;Flexal I
ES;3201308;Cariacica;Flexal II
ES;3201308;Cariacica;Formate
ES;3201308;Cariacica;Foz do Rio Bubu
ES;3201308;Cariacica;Graúna
ES;3201308;Cariacica;Grauna
ES;3201308;Cariacica;Itaciba
ES;3201308;Cariacica;Itangua
ES;3201308;Cariacica;Itanguá
ES;3201308;Cariacica;Itapemirim
ES;3201308;Cariacica;Itaquari
ES;3201308;Cariacica;Jardim América
ES;3201308;Cariacica;Jardim Botânico
ES;3201308;Cariacica;Jardim Botanico
ES;3201308;Cariacica;Jardim Campo Grande
ES;3201308;Cariacica;Jardim de Alah
ES;3201308;Cariacica;Maracanã
ES;3201308;Cariacica;Morada de Santa Fé
ES;3201308;Cariacica;Mucuri
ES;3201308;Cariacica;Nova Brasília
ES;3201308;Cariacica;Nova Campo Grande
ES;3201308;Cariacica;Nova Canaa
ES;3201308;Cariacica;Nova Canaã
ES;3201308;Cariacica;Nova Esperança
ES;3201308;Cariacica;Nova Rosa da Penha
ES;3201308;Cariacica;Nova Valverde
ES;3201308;Cariacica;Novo Brasil
ES;3201308;Cariacica;Novo Horizonte
ES;3201308;Cariacica;Operário
ES;3201308;Cariacica;Oriente
ES;3201308;Cariacica;Padre Gabriel
ES;3201308;Cariacica;Padre Mathias
ES;3201308;Cariacica;Parque Gramado
ES;3201308;Cariacica;Pica-Pau
ES;3201308;Cariacica;Piranema
ES;3201308;Cariacica;Planeta
ES;3201308;Cariacica;Porto das Pedras
ES;3201308;Cariacica;Porto de Cariacica
ES;3201308;Cariacica;Porto Engenho
ES;3201308;Cariacica;Porto Novo
ES;3201308;Cariacica;Porto Santana
ES;3201308;Cariacica;Presidente Medice
ES;3201308;Cariacica;Presidente Médice
ES;3201308;Cariacica;Prolar
ES;3201308;Cariacica;Retiro Saudoso
ES;3201308;Cariacica;Rio Branco
ES;3201308;Cariacica;Rio Marinho
ES;3201308;Cariacica;Rosa da Penha
ES;3201308;Cariacica;Santa Barbara
ES;3201308;Cariacica;Santa Catarina
ES;3201308;Cariacica;Santa Cecilia
ES;3201308;Cariacica;Santa Luzia
ES;3201308;Cariacica;Santa Paula
ES;3201308;Cariacica;Santana
ES;3201308;Cariacica;Santo André
ES;3201308;Cariacica;Santo Antônio
ES;3201308;Cariacica;São Benedito
ES;3201308;Cariacica;São Conrado
ES;3201308;Cariacica;São Francisco
ES;3201308;Cariacica;São Geraldo
ES;3201308;Cariacica;São Geraldo II
ES;3201308;Cariacica;São Gonçalo
ES;3201308;Cariacica;São João Batista
ES;3201308;Cariacica;Serra do Anil
ES;3201308;Cariacica;Sotelandia
ES;3201308;Cariacica;Sotelândia
ES;3201308;Cariacica;Sotema
ES;3201308;Cariacica;Tabajara
ES;3201308;Cariacica;Tiradentes
ES;3201308;Cariacica;Tucum
ES;3201308;Cariacica;Vale dos Reis
ES;3201308;Cariacica;Vale Esperança
ES;3201308;Cariacica;Valparaíso
ES;3201308;Cariacica;Vasco da Gama
ES;3201308;Cariacica;Vera Cruz
ES;3201308;Cariacica;Vila Cajueiro
ES;3201308;Cariacica;Vila Capixaba
ES;3201308;Cariacica;Vila dos Reis
ES;3201308;Cariacica;Vila Esperança
ES;3201308;Cariacica;Vila Independência
ES;3201308;Cariacica;Vila Isabel
ES;3201308;Cariacica;Vila Merlo
ES;3201308;Cariacica;Vila Palestina
ES;3201308;Cariacica;Vila Progresso
ES;3201308;Cariacica;Vila Prudêncio
ES;3201308;Cariacica;Vista Dourada
ES;3201308;Cariacica;Vista Linda
ES;3201308;Cariacica;Vista Mar
ES;3201407;Castelo;
ES;3201506;Colatina;Adélia Giuberti
ES;3201506;Colatina;Aeroporto
ES;3201506;Colatina;Alto Vila Nova
ES;3201506;Colatina;Ayrton Senna
ES;3201506;Colatina;Barbados
ES;3201506;Colatina;Bela Vista
ES;3201506;Colatina;Benjamin Carlos dos Santos
ES;3201506;Colatina;Carlos Germano Naumann
ES;3201506;Colatina;Castelo Branco
ES;3201506;Colatina;Centro
ES;3201506;Colatina;Cidade Jardim
ES;3201506;Colatina;Colatina Velha
ES;3201506;Colatina;Columbia
ES;3201506;Colatina;Esplanada
ES;3201506;Colatina;Fazenda Vitali
ES;3201506;Colatina;Fioravante Marino
ES;3201506;Colatina;Francisco Simonassi
ES;3201506;Colatina;Honório Fraga
ES;3201506;Colatina;Industrial Alves Marques
ES;3201506;Colatina;Jardim Planalto
ES;3201506;Colatina;Lacê
ES;3201506;Colatina;Luiz Iglesias
ES;3201506;Colatina;Maria das Graças
ES;3201506;Colatina;Maria Ismênia
ES;3201506;Colatina;Mário Giurizatto
ES;3201506;Colatina;Marista
ES;3201506;Colatina;Martineli
ES;3201506;Colatina;Martinelli
ES;3201506;Colatina;Moacir Brotas
ES;3201506;Colatina;Morada do Sol
ES;3201506;Colatina;Nossa Senhora Aparecida
ES;3201506;Colatina;Nossa Senhora da Penha
ES;3201506;Colatina;Novo Horizonte
ES;3201506;Colatina;Olívio Zanoteli
ES;3201506;Colatina;Olívio Zanotelli
ES;3201506;Colatina;Operário
ES;3201506;Colatina;Padre José de Anchieta
ES;3201506;Colatina;Parque Residencial Jardins
ES;3201506;Colatina;Perpétuo Socorro
ES;3201506;Colatina;Por do Sol
ES;3201506;Colatina;Raul Giuberti
ES;3201506;Colatina;Residencial Nobre
ES;3201506;Colatina;Sagrado Coração de Jesus
ES;3201506;Colatina;San Diego
ES;3201506;Colatina;Santa Cecília
ES;3201506;Colatina;Santa Helena
ES;3201506;Colatina;Santa Margarida
ES;3201506;Colatina;Santa Mônica
ES;3201506;Colatina;Santa Terezinha
ES;3201506;Colatina;Santo Antônio
ES;3201506;Colatina;Santos Dumont
ES;3201506;Colatina;São Braz
ES;3201506;Colatina;São Judas Tadeu
ES;3201506;Colatina;São Marcos
ES;3201506;Colatina;São Pedro
ES;3201506;Colatina;São Silvano
ES;3201506;Colatina;São Vicente
ES;3201506;Colatina;Vila Amélia
ES;3201506;Colatina;Vila Lenira
ES;3201506;Colatina;Vila Nova
ES;3201506;Colatina;Vila Real
ES;3201506;Colatina;Vila Verde
ES;3201506;Colatina;Vista da Serra
ES;3201605;Conceição da Barra;
ES;3201704;Conceição do Castelo;
ES;3201803;Divino de São Lourenço;
ES;3201902;Domingos Martins;
ES;3202009;Dores do Rio Preto;
ES;3202108;Ecoporanga;Benedita Monteiro
ES;3202108;Ecoporanga;Centro
ES;3202108;Ecoporanga;Divino Espírito Santo
ES;3202108;Ecoporanga;Homero Amante
ES;3202108;Ecoporanga;Nossa Senhora Aparecida
ES;3202108;Ecoporanga;Parque de Exposição
ES;3202108;Ecoporanga;Santa Mônica
ES;3202108;Ecoporanga;Santa Rita
ES;3202108;Ecoporanga;Vila Nova
ES;3202207;Fundão;
ES;3202256;Governador Lindenberg;
ES;3202306;Guaçuí;
ES;3202405;Guarapari;Adalberto Simão Nader
ES;3202405;Guarapari;Aeroporto
ES;3202405;Guarapari;Bela Vista
ES;3202405;Guarapari;Camurugi
ES;3202405;Guarapari;Centro
ES;3202405;Guarapari;Comunidade Urbana de Amarelos
ES;3202405;Guarapari;Comunidade Urbana de Andana
ES;3202405;Guarapari;Comunidade Urbana de Jaboticaba
ES;3202405;Guarapari;Comunidade Urbana de Lagoa Dourada
ES;3202405;Guarapari;Comunidade Urbana de Maxinda
ES;3202405;Guarapari;Comunidade Urbana de Palmeiras
ES;3202405;Guarapari;Comunidade Urbana de Reta Grande
ES;3202405;Guarapari;Comunidade Urbana de Samambaia
ES;3202405;Guarapari;Comunidade Urbana de Taquara do Reino
ES;3202405;Guarapari;Concha D'Ostra
ES;3202405;Guarapari;Condados
ES;3202405;Guarapari;Coroado
ES;3202405;Guarapari;Elza Nader
ES;3202405;Guarapari;Enseada Azul
ES;3202405;Guarapari;Fátima Cidade Jardim
ES;3202405;Guarapari;Ipiranga
ES;3202405;Guarapari;Itapebussu
ES;3202405;Guarapari;Jabaraí
ES;3202405;Guarapari;Jardim Boa Vista
ES;3202405;Guarapari;Jardim Santa Rosa
ES;3202405;Guarapari;Kubitschek
ES;3202405;Guarapari;Lagoa Funda
ES;3202405;Guarapari;Lameirão
ES;3202405;Guarapari;Meaipe
ES;3202405;Guarapari;Muquiçaba
ES;3202405;Guarapari;Nossa Senhora da Conceição
ES;3202405;Guarapari;Nova Guarapari
ES;3202405;Guarapari;Olaria
ES;3202405;Guarapari;Paturá
ES;3202405;Guarapari;Perocão
ES;3202405;Guarapari;Pontal de Santa Mônica
ES;3202405;Guarapari;Portal
ES;3202405;Guarapari;Praia do Morro
ES;3202405;Guarapari;Praia do Riacho
ES;3202405;Guarapari;Recanto da Sereia
ES;3202405;Guarapari;Santa Margarida
ES;3202405;Guarapari;Santa Mônica
ES;3202405;Guarapari;São Gabriel
ES;3202405;Guarapari;São José
ES;3202405;Guarapari;São Judas Tadeu
ES;3202405;Guarapari;Setiba
ES;3202405;Guarapari;Sol Nascente
ES;3202405;Guarapari;Una
ES;3202405;Guarapari;Várzea Nova
ES;3202405;Guarapari;Village da Praia
ES;3202405;Guarapari;Village do Sol
ES;3202454;Ibatiba;
ES;3202504;Ibiraçu;
ES;3202553;Ibitirama;
ES;3202603;Iconha;
ES;3202652;Irupi;Bom Pastor
ES;3202652;Irupi;Carolino Barrosa
ES;3202652;Irupi;João Butica
ES;3202652;Irupi;João Tomaz
ES;3202652;Irupi;Laurentino Antônio de Faria
ES;3202652;Irupi;Wilson Fernandes Pereira
ES;3202702;Itaguaçu;
ES;3202801;Itapemirim;
ES;3202900;Itarana;
ES;3203007;Iúna;Centro
ES;3203007;Iúna;Ferreira Valle
ES;3203007;Iúna;Guanabara
ES;3203007;Iúna;Niteroi
ES;3203007;Iúna;Niterói
ES;3203007;Iúna;Nossa Senhora da Penha
ES;3203007;Iúna;Pito
ES;3203007;Iúna;Quilombo
ES;3203007;Iúna;Vale Verde
ES;3203007;Iúna;Vila Nova
ES;3203056;Jaguaré;
ES;3203106;Jerônimo Monteiro;
ES;3203130;João Neiva;
ES;3203163;Laranja da Terra;
ES;3203205;Linhares;Araçá
ES;3203205;Linhares;Aviso
ES;3203205;Linhares;Boa Vista
ES;3203205;Linhares;Canivete
ES;3203205;Linhares;Centro
ES;3203205;Linhares;Colina
ES;3203205;Linhares;Interlagos
ES;3203205;Linhares;Jardim Laguna
ES;3203205;Linhares;José Rodrigues Maciel
ES;3203205;Linhares;Juparanã
ES;3203205;Linhares;Lagoa do Meio
ES;3203205;Linhares;Linhares V
ES;3203205;Linhares;Movelar
ES;3203205;Linhares;Nossa Senhora da Conceição
ES;3203205;Linhares;Nova Betânia
ES;3203205;Linhares;Nova Esperança
ES;3203205;Linhares;Novo Horizonte
ES;3203205;Linhares;Palmital
ES;3203205;Linhares;Planalto
ES;3203205;Linhares;Santa Cruz
ES;3203205;Linhares;São José
ES;3203205;Linhares;Shell
ES;3203205;Linhares;Três Barras
ES;3203304;Mantenópolis;
ES;3203320;Marataízes;
ES;3203346;Marechal Floriano;
ES;3203353;Marilândia;
ES;3203403;Mimoso do Sul;
ES;3203502;Montanha;
ES;3203601;Mucurici;
ES;3203700;Muniz Freire;
ES;3203809;Muqui;
ES;3203908;Nova Venécia;
ES;3204005;Pancas;
ES;3204054;Pedro Canário;
ES;3204104;Pinheiros;
ES;3204203;Piúma;
ES;3204252;Ponto Belo;
ES;3204302;Presidente Kennedy;
ES;3204351;Rio Bananal;
ES;3204401;Rio Novo do Sul;
ES;3204500;Santa Leopoldina;
ES;3204559;Santa Maria de Jetibá;
ES;3204609;Santa Teresa;
ES;3204658;São Domingos do Norte;
ES;3204708;São Gabriel da Palha;Aimorés
ES;3204708;São Gabriel da Palha;Aparecida
ES;3204708;São Gabriel da Palha;Asa Branca
ES;3204708;São Gabriel da Palha;Boa Vista
ES;3204708;São Gabriel da Palha;Cachoeira da Onça
ES;3204708;São Gabriel da Palha;Centro
ES;3204708;São Gabriel da Palha;Glória
ES;3204708;São Gabriel da Palha;Gustavo Boone
ES;3204708;São Gabriel da Palha;Jardim da Infância
ES;3204708;São Gabriel da Palha;Jardim das Oliveiras
ES;3204708;São Gabriel da Palha;Jardim Passamani
ES;3204708;São Gabriel da Palha;Jardim Vitória
ES;3204708;São Gabriel da Palha;João Colombi
ES;3204708;São Gabriel da Palha;Jovelino de Souza Valentim
ES;3204708;São Gabriel da Palha;Mirante
ES;3204708;São Gabriel da Palha;Paraíso
ES;3204708;São Gabriel da Palha;Populares
ES;3204708;São Gabriel da Palha;Progresso
ES;3204708;São Gabriel da Palha;Santa Cecília
ES;3204708;São Gabriel da Palha;Santa Helena
ES;3204708;São Gabriel da Palha;Santa Rita
ES;3204708;São Gabriel da Palha;Santa Terezinha
ES;3204708;São Gabriel da Palha;São Sebastião
ES;3204708;São Gabriel da Palha;São Vicente
ES;3204708;São Gabriel da Palha;Vila Comboni
ES;3204807;São José do Calçado;
ES;3204906;São Mateus;
ES;3204955;São Roque do Canaã;
ES;3205002;Serra;Alterozas
ES;3205002;Serra;André Carlone
ES;3205002;Serra;Bairro das Laranjeiras
ES;3205002;Serra;Bairro de Fátima
ES;3205002;Serra;Bairro Novo
ES;3205002;Serra;Balneário de Carapebus
ES;3205002;Serra;Barcelona
ES;3205002;Serra;Barro Branco
ES;3205002;Serra;Belvedere
ES;3205002;Serra;Bicanga
ES;3205002;Serra;Boa Vista (Carapina)
ES;3205002;Serra;Boa Vista (Nova Almeida)
ES;3205002;Serra;Boa Vista - Carapina
ES;3205002;Serra;Boa Vista - Nova Almeida
ES;3205002;Serra;Boulevard Lagoa
ES;3205002;Serra;Caçaroca
ES;3205002;Serra;Camará
ES;3205002;Serra;Campinho da Serra I
ES;3205002;Serra;Campinho da Serra II
ES;3205002;Serra;Cantinho do Céu
ES;3205002;Serra;Carapina Grande
ES;3205002;Serra;Cascata
ES;3205002;Serra;Castelândia
ES;3205002;Serra;Central Carapina
ES;3205002;Serra;Centro da Serra
ES;3205002;Serra;Centro Industrial do Município
ES;3205002;Serra;Chácara Parreiral
ES;3205002;Serra;Chapada Grande
ES;3205002;Serra;Cidade Continental
ES;3205002;Serra;Cidade Nova da Serra
ES;3205002;Serra;Cidade Pomar
ES;3205002;Serra;Civit I
ES;3205002;Serra;Civit II
ES;3205002;Serra;Colina da Serra
ES;3205002;Serra;Colina de Laranjeiras
ES;3205002;Serra;Condomínio Ecológico Parque da Lagoa
ES;3205002;Serra;Conjunto Carapina I
ES;3205002;Serra;Conjunto Jacaraípe
ES;3205002;Serra;Continental
ES;3205002;Serra;Costa Dourada
ES;3205002;Serra;Costabela
ES;3205002;Serra;Diamantina
ES;3205002;Serra;Divinópolis
ES;3205002;Serra;Eldorado
ES;3205002;Serra;Enseada de Jacaraípe
ES;3205002;Serra;Estância Monazítica
ES;3205002;Serra;Eurico Salles
ES;3205002;Serra;Fazenda Cascata
ES;3205002;Serra;Feu Rosa
ES;3205002;Serra;Guaraciaba
ES;3205002;Serra;Hélio Ferraz
ES;3205002;Serra;Jacuhy
ES;3205002;Serra;Jardim Atlântico
ES;3205002;Serra;Jardim Bela Vista
ES;3205002;Serra;Jardim Carapina
ES;3205002;Serra;Jardim da Serra
ES;3205002;Serra;Jardim Guanabara
ES;3205002;Serra;Jardim Limoeiro
ES;3205002;Serra;Jardim Primavera
ES;3205002;Serra;Jardim Tropical
ES;3205002;Serra;José de Anchieta
ES;3205002;Serra;José de Anchieta II
ES;3205002;Serra;José de Anchieta III
ES;3205002;Serra;Lagoa de Carapebus
ES;3205002;Serra;Lagoa Jacaraípe
ES;3205002;Serra;Laranjeiras Velha
ES;3205002;Serra;Manguinhos
ES;3205002;Serra;Manoel Plaza
ES;3205002;Serra;Marbela
ES;3205002;Serra;Maria Níobe
ES;3205002;Serra;Maringá
ES;3205002;Serra;Mata da Serra
ES;3205002;Serra;Morada de Laranjeiras
ES;3205002;Serra;Nossa Senhora da Conceição
ES;3205002;Serra;Nova Almeida Centro
ES;3205002;Serra;Nova Carapina I
ES;3205002;Serra;Nova Carapina II
ES;3205002;Serra;Nova Zelândia
ES;3205002;Serra;Novo Horizonte
ES;3205002;Serra;Novo Porto Canoa
ES;3205002;Serra;Ourimar
ES;3205002;Serra;Palmeiras
ES;3205002;Serra;Parque das Gaivotas
ES;3205002;Serra;Parque Jacaraípe
ES;3205002;Serra;Parque Nova Fé
ES;3205002;Serra;Parque Residencial Laranjeiras
ES;3205002;Serra;Parque Residencial Mestre Álvaro
ES;3205002;Serra;Parque Residencial Nova Almeida
ES;3205002;Serra;Parque Residencial Tubarão
ES;3205002;Serra;Parque Santa Fé
ES;3205002;Serra;Pitanga
ES;3205002;Serra;Planalto Carapina
ES;3205002;Serra;Planalto Serrano
ES;3205002;Serra;Planície da Serra
ES;3205002;Serra;Polo Industrial Tubarão
ES;3205002;Serra;Portal de Jacaraípe
ES;3205002;Serra;Porto Canoa
ES;3205002;Serra;Porto Dourado
ES;3205002;Serra;Praia da Baleia
ES;3205002;Serra;Praia de Capuaba
ES;3205002;Serra;Praia de Capuba
ES;3205002;Serra;Praia de Carapebus
ES;3205002;Serra;Praiamar
ES;3205002;Serra;Reis Magos
ES;3205002;Serra;Residencial Centro da Serra
ES;3205002;Serra;Residencial Jacaraípe
ES;3205002;Serra;Residencial Vista do Mestre
ES;3205002;Serra;Rosário de Fátima
ES;3205002;Serra;Santa Luzia
ES;3205002;Serra;Santa Rita de Cassia
ES;3205002;Serra;Santiago
ES;3205002;Serra;Santo Antônio
ES;3205002;Serra;São Diogo I
ES;3205002;Serra;São Diogo II
ES;3205002;Serra;São Domingos
ES;3205002;Serra;São Francisco
ES;3205002;Serra;São Geraldo
ES;3205002;Serra;São João
ES;3205002;Serra;São Judas Tadeu
ES;3205002;Serra;São Lourenço
ES;3205002;Serra;São Marcos
ES;3205002;Serra;São Marcos II
ES;3205002;Serra;São Patrício
ES;3205002;Serra;São Pedro
ES;3205002;Serra;Serra Centro
ES;3205002;Serra;Serra Dourada I
ES;3205002;Serra;Serra Dourada II
ES;3205002;Serra;Serra Dourada III
ES;3205002;Serra;Serramar
ES;3205002;Serra;Sítio Irema
ES;3205002;Serra;Solar de Anchieta
ES;3205002;Serra;Taquara I
ES;3205002;Serra;Taquara II
ES;3205002;Serra;Terminal Intermodal da Serra
ES;3205002;Serra;Valparaíso
ES;3205002;Serra;Vila Maria Niobe
ES;3205002;Serra;Vila Nova de Colares
ES;3205002;Serra;Vista da Serra I
ES;3205002;Serra;Vista da Serra II
ES;3205010;Sooretama;
ES;3205036;Vargem Alta;
ES;3205069;Venda Nova do Imigrante;
ES;3205101;Viana;Araçatiba
ES;3205101;Viana;Areinha
ES;3205101;Viana;Arlindo Angelo Villaschi
ES;3205101;Viana;Boa Esperança
ES;3205101;Viana;Bom Pastor
ES;3205101;Viana;Campo Verde
ES;3205101;Viana;Cannaã
ES;3205101;Viana;Caxias do Sul
ES;3205101;Viana;Centro
ES;3205101;Viana;Jucú
ES;3205101;Viana;Marcilio de Noronha
ES;3205101;Viana;Morada Bethânia
ES;3205101;Viana;Morada Bethania
ES;3205101;Viana;Nova Bethânia
ES;3205101;Viana;Nova Bethania
ES;3205101;Viana;Parque Industrial
ES;3205101;Viana;Primavera
ES;3205101;Viana;Ribeira
ES;3205101;Viana;Universal
ES;3205101;Viana;Vila Bethania
ES;3205101;Viana;Vila Bethânia
ES;3205150;Vila Pavão;
ES;3205176;Vila Valério;
ES;3205200;Vila Velha;Alecrim
ES;3205200;Vila Velha;Alvorada
ES;3205200;Vila Velha;Araçás
ES;3205200;Vila Velha;Argolas
ES;3205200;Vila Velha;Aribiri
ES;3205200;Vila Velha;Ataíde
ES;3205200;Vila Velha;Balneário Ponta da Fruta
ES;3205200;Vila Velha;Barra do Jucu
ES;3205200;Vila Velha;Barramares
ES;3205200;Vila Velha;Boa Vista I
ES;3205200;Vila Velha;Boa Vista II
ES;3205200;Vila Velha;Brisamar
ES;3205200;Vila Velha;Cavalieri
ES;3205200;Vila Velha;Centro de Vila Velha
ES;3205200;Vila Velha;Chácara do Conde
ES;3205200;Vila Velha;Cidade da Barra
ES;3205200;Vila Velha;Cobi de Baixo
ES;3205200;Vila Velha;Cobi de Cima
ES;3205200;Vila Velha;Cobilândia
ES;3205200;Vila Velha;Cocal
ES;3205200;Vila Velha;Coqueiral de Itaparica
ES;3205200;Vila Velha;Cristóvão Colombo
ES;3205200;Vila Velha;Darly Santos
ES;3205200;Vila Velha;Divino Espírito Santo
ES;3205200;Vila Velha;Dom João Batista
ES;3205200;Vila Velha;Garoto
ES;3205200;Vila Velha;Glória
ES;3205200;Vila Velha;Guaranhuns
ES;3205200;Vila Velha;Ibes
ES;3205200;Vila Velha;Ilha da Conceição
ES;3205200;Vila Velha;Ilha das Flores
ES;3205200;Vila Velha;Ilha dos Ayres
ES;3205200;Vila Velha;Ilha dos Bentos
ES;3205200;Vila Velha;Industrial
ES;3205200;Vila Velha;Interlagos
ES;3205200;Vila Velha;Itapuã
ES;3205200;Vila Velha;Jabaeté
ES;3205200;Vila Velha;Jaburuna
ES;3205200;Vila Velha;Jardim Asteca
ES;3205200;Vila Velha;Jardim Colorado
ES;3205200;Vila Velha;Jardim do Vale
ES;3205200;Vila Velha;Jardim Guadalajara
ES;3205200;Vila Velha;Jardim Guaranhuns
ES;3205200;Vila Velha;Jardim Marilândia
ES;3205200;Vila Velha;João Goulart
ES;3205200;Vila Velha;Jockey de Itaparica
ES;3205200;Vila Velha;Morada da Barra
ES;3205200;Vila Velha;Morada do Sol
ES;3205200;Vila Velha;Morro da Lagoa
ES;3205200;Vila Velha;Normília da Cunha
ES;3205200;Vila Velha;Nossa Senhora da Penha
ES;3205200;Vila Velha;Nova América
ES;3205200;Vila Velha;Nova Itaparica
ES;3205200;Vila Velha;Nova Ponta da Fruta
ES;3205200;Vila Velha;Novo México
ES;3205200;Vila Velha;Olaria
ES;3205200;Vila Velha;Paul
ES;3205200;Vila Velha;Pedra dos Búzios
ES;3205200;Vila Velha;Planalto
ES;3205200;Vila Velha;Ponta da Fruta
ES;3205200;Vila Velha;Pontal das Garças
ES;3205200;Vila Velha;Praia da Costa
ES;3205200;Vila Velha;Praia das Gaivotas
ES;3205200;Vila Velha;Praia de Itaparica
ES;3205200;Vila Velha;Praia dos Recifes
ES;3205200;Vila Velha;Primeiro de Maio
ES;3205200;Vila Velha;Residencial Itaparica
ES;3205200;Vila Velha;Rio Marinho
ES;3205200;Vila Velha;Riviera da Barra
ES;3205200;Vila Velha;Sagrada Família
ES;3205200;Vila Velha;Santa Clara
ES;3205200;Vila Velha;Santa Inês
ES;3205200;Vila Velha;Santa Mônica
ES;3205200;Vila Velha;Santa Mônica Popular
ES;3205200;Vila Velha;Santa Paula I
ES;3205200;Vila Velha;Santa Paula II
ES;3205200;Vila Velha;Santa Rita
ES;3205200;Vila Velha;Santos Dumont
ES;3205200;Vila Velha;São Conrado
ES;3205200;Vila Velha;São Torquato
ES;3205200;Vila Velha;Soteco
ES;3205200;Vila Velha;Terra Vermelha
ES;3205200;Vila Velha;Ulisses Guimarães
ES;3205200;Vila Velha;Vale Encantado
ES;3205200;Vila Velha;Vila Batista
ES;3205200;Vila Velha;Vila Garrido
ES;3205200;Vila Velha;Vila Guaranhuns
ES;3205200;Vila Velha;Vila Nova
ES;3205200;Vila Velha;Vinte e Três de Maio
ES;3205200;Vila Velha;Vista da Penha
ES;3205200;Vila Velha;Zumbi dos Palmares
ES;3205309;Vitória;Aeroporto
ES;3205309;Vitória;Andorinhas
ES;3205309;Vitória;Antonio Honório
ES;3205309;Vitória;Antônio Honório
ES;3205309;Vitória;Ariovaldo Favalessa
ES;3205309;Vitória;Barro Vermelho
ES;3205309;Vitória;Bela Vista
ES;3205309;Vitória;Bento Ferreira
ES;3205309;Vitória;Boa Vista
ES;3205309;Vitória;Bonfim
ES;3205309;Vitória;Carapina I
ES;3205309;Vitória;Caratoíra
ES;3205309;Vitória;Centro
ES;3205309;Vitória;Comdusa
ES;3205309;Vitória;Condusa
ES;3205309;Vitória;Conquista
ES;3205309;Vitória;Consolação
ES;3205309;Vitória;Cruzamento
ES;3205309;Vitória;da Penha
ES;3205309;Vitória;De Fátima
ES;3205309;Vitória;de Lourdes
ES;3205309;Vitória;do Cabral
ES;3205309;Vitória;do Moscoso
ES;3205309;Vitória;do Quadro
ES;3205309;Vitória;Enseada do Suá
ES;3205309;Vitória;Estrelinha
ES;3205309;Vitória;Fonte Grande
ES;3205309;Vitória;Forte São João
ES;3205309;Vitória;Fradinhos
ES;3205309;Vitória;Goiabeiras
ES;3205309;Vitória;Grande Vitória
ES;3205309;Vitória;Gurigica
ES;3205309;Vitória;Hélio Ferraz
ES;3205309;Vitória;Horto
ES;3205309;Vitória;Ilha das Caieiras
ES;3205309;Vitória;Ilha de Santa Maria
ES;3205309;Vitória;Ilha do Boi
ES;3205309;Vitória;Ilha do Frade
ES;3205309;Vitória;Ilha do Príncipe
ES;3205309;Vitória;Inhanguetá
ES;3205309;Vitória;Itararé
ES;3205309;Vitória;Jabour
ES;3205309;Vitória;Jardim Camburí
ES;3205309;Vitória;Jardim da Penha
ES;3205309;Vitória;Jesus de Nazareth
ES;3205309;Vitória;Joana D'arc
ES;3205309;Vitória;Jucutuquara
ES;3205309;Vitória;Maria Ortiz
ES;3205309;Vitória;Mário Cypreste
ES;3205309;Vitória;Maruípe
ES;3205309;Vitória;Mata da Praia
ES;3205309;Vitória;Monte Belo
ES;3205309;Vitória;Morada de Camburí
ES;3205309;Vitória;Nazareth
ES;3205309;Vitória;Nova Palestina
ES;3205309;Vitória;Parque Industrial
ES;3205309;Vitória;Parque Moscoso
ES;3205309;Vitória;Piedade
ES;3205309;Vitória;Pontal de Camburí
ES;3205309;Vitória;Praia do Canto
ES;3205309;Vitória;Praia do Suá
ES;3205309;Vitória;Redenção
ES;3205309;Vitória;República
ES;3205309;Vitória;Resistência
ES;3205309;Vitória;Romão
ES;3205309;Vitória;Santa Cecília
ES;3205309;Vitória;Santa Clara
ES;3205309;Vitória;Santa Helena
ES;3205309;Vitória;Santa Lúcia
ES;3205309;Vitória;Santa Luíza
ES;3205309;Vitória;Santa Martha
ES;3205309;Vitória;Santa Tereza
ES;3205309;Vitória;Santo André
ES;3205309;Vitória;Santo Antônio
ES;3205309;Vitória;Santos Dumont
ES;3205309;Vitória;Santos Reis
ES;3205309;Vitória;São Benedito
ES;3205309;Vitória;São Cristóvão
ES;3205309;Vitória;São Cristovão
ES;3205309;Vitória;São José
ES;3205309;Vitória;São Pedro
ES;3205309;Vitória;Segurança do Lar
ES;3205309;Vitória;Solon Borges
ES;3205309;Vitória;Tabuazeiro
ES;3205309;Vitória;Universitário
ES;3205309;Vitória;Vila Rubim
GO;5200050;Abadia de Goiás;
GO;5200100;Abadiânia;
GO;5200134;Acreúna;
GO;5200159;Adelândia;
GO;5200175;Água Fria de Goiás;
GO;5200209;Água Limpa;
GO;5200258;Águas Lindas de Goiás;
GO;5200308;Alexânia;
GO;5200506;Aloândia;
GO;5200555;Alto Horizonte;
GO;5200605;Alto Paraíso de Goiás;
GO;5200803;Alvorada do Norte;
GO;5200829;Amaralina;
GO;5200852;Americano do Brasil;
GO;5200902;Amorinópolis;
GO;5201108;Anápolis;
GO;5201207;Anhanguera;
GO;5201306;Anicuns;
GO;5201405;Aparecida de Goiânia;
GO;5201454;Aparecida do Rio Doce;
GO;5201504;Aporé;
GO;5201603;Araçu;
GO;5201702;Aragarças;
GO;5201801;Aragoiânia;
GO;5202155;Araguapaz;
GO;5202353;Arenópolis;
GO;5202502;Aruanã;
GO;5202601;Aurilândia;
GO;5202809;Avelinópolis;
GO;5203104;Baliza;
GO;5203203;Barro Alto;
GO;5203302;Bela Vista de Goiás;
GO;5203401;Bom Jardim de Goiás;
GO;5203500;Bom Jesus de Goiás;
GO;5203559;Bonfinópolis;
GO;5203575;Bonópolis;
GO;5203609;Brazabrantes;
GO;5203807;Britânia;
GO;5203906;Buriti Alegre;
GO;5203939;Buriti de Goiás;
GO;5203962;Buritinópolis;
GO;5204003;Cabeceiras;
GO;5204102;Cachoeira Alta;
GO;5204201;Cachoeira de Goiás;
GO;5204250;Cachoeira Dourada;
GO;5204300;Caçu;
GO;5204409;Caiapônia;
GO;5204508;Caldas Novas;
GO;5204557;Caldazinha;
GO;5204607;Campestre de Goiás;
GO;5204656;Campinaçu;
GO;5204706;Campinorte;
GO;5204805;Campo Alegre de Goiás;
GO;5204854;Campo Limpo de Goiás;
GO;5204904;Campos Belos;
GO;5204953;Campos Verdes;
GO;5205000;Carmo do Rio Verde;
GO;5205059;Castelândia;
GO;5205109;Catalão;
GO;5205208;Caturaí;
GO;5205307;Cavalcante;
GO;5205406;Ceres;
GO;5205455;Cezarina;
GO;5205471;Chapadão do Céu;
GO;5205497;Cidade Ocidental;
GO;5205513;Cocalzinho de Goiás;
GO;5205521;Colinas do Sul;
GO;5205703;Córrego do Ouro;
GO;5205802;Corumbá de Goiás;
GO;5205901;Corumbaíba;
GO;5206206;Cristalina;
GO;5206305;Cristianópolis;
GO;5206404;Crixás;
GO;5206503;Cromínia;
GO;5206602;Cumari;
GO;5206701;Damianópolis;
GO;5206800;Damolândia;
GO;5206909;Davinópolis;
GO;5207105;Diorama;
GO;5208301;Divinópolis de Goiás;
GO;5207253;Doverlândia;
GO;5207352;Edealina;
GO;5207402;Edéia;
GO;5207501;Estrela do Norte;
GO;5207535;Faina;
GO;5207600;Fazenda Nova;
GO;5207808;Firminópolis;
GO;5207907;Flores de Goiás;
GO;5208004;Formosa;
GO;5208103;Formoso;
GO;5208152;Gameleira de Goiás;
GO;5208400;Goianápolis;
GO;5208509;Goiandira;
GO;5208608;Goianésia;
GO;5208707;Goiânia;
GO;5208806;Goianira;
GO;5208905;Goiás;
GO;5209101;Goiatuba;
GO;5209150;Gouvelândia;
GO;5209200;Guapó;
GO;5209291;Guaraíta;
GO;5209408;Guarani de Goiás;
GO;5209457;Guarinos;
GO;5209606;Heitoraí;
GO;5209705;Hidrolândia;
GO;5209804;Hidrolina;
GO;5209903;Iaciara;
GO;5209937;Inaciolândia;
GO;5209952;Indiara;
GO;5210000;Inhumas;
GO;5210109;Ipameri;
GO;5210158;Ipiranga de Goiás;
GO;5210208;Iporá;
GO;5210307;Israelândia;
GO;5210406;Itaberaí;
GO;5210562;Itaguari;
GO;5210604;Itaguaru;
GO;5210802;Itajá;
GO;5210901;Itapaci;
GO;5211008;Itapirapuã;
GO;5211206;Itapuranga;
GO;5211305;Itarumã;
GO;5211404;Itauçu;
GO;5211503;Itumbiara;
GO;5211602;Ivolândia;
GO;5211701;Jandaia;
GO;5211800;Jaraguá;
GO;5211909;Jataí;
GO;5212006;Jaupaci;
GO;5212055;Jesúpolis;
GO;5212105;Joviânia;
GO;5212204;Jussara;
GO;5212253;Lagoa Santa;
GO;5212303;Leopoldo de Bulhões;
GO;5212501;Luziânia;
GO;5212600;Mairipotaba;
GO;5212709;Mambaí;
GO;5212808;Mara Rosa;
GO;5212907;Marzagão;
GO;5212956;Matrinchã;
GO;5213004;Maurilândia;
GO;5213053;Mimoso de Goiás;
GO;5213087;Minaçu;
GO;5213103;Mineiros;
GO;5213400;Moiporá;
GO;5213509;Monte Alegre de Goiás;
GO;5213707;Montes Claros de Goiás;
GO;5213756;Montividiu;
GO;5213772;Montividiu do Norte;
GO;5213806;Morrinhos;
GO;5213855;Morro Agudo de Goiás;
GO;5213905;Mossâmedes;
GO;5214002;Mozarlândia;
GO;5214051;Mundo Novo;
GO;5214101;Mutunópolis;
GO;5214408;Nazário;
GO;5214507;Nerópolis;
GO;5214606;Niquelândia;
GO;5214705;Nova América;
GO;5214804;Nova Aurora;
GO;5214838;Nova Crixás;
GO;5214861;Nova Glória;
GO;5214879;Nova Iguaçu de Goiás;
GO;5214903;Nova Roma;
GO;5215009;Nova Veneza;
GO;5215207;Novo Brasil;
GO;5215231;Novo Gama;
GO;5215256;Novo Planalto;
GO;5215306;Orizona;
GO;5215405;Ouro Verde de Goiás;
GO;5215504;Ouvidor;
GO;5215603;Padre Bernardo;
GO;5215652;Palestina de Goiás;
GO;5215702;Palmeiras de Goiás;
GO;5215801;Palmelo;
GO;5215900;Palminópolis;
GO;5216007;Panamá;
GO;5216304;Paranaiguara;
GO;5216403;Paraúna;
GO;5216452;Perolândia;
GO;5216809;Petrolina de Goiás;
GO;5216908;Pilar de Goiás;
GO;5217104;Piracanjuba;
GO;5217203;Piranhas;
GO;5217302;Pirenópolis;
GO;5217401;Pires do Rio;Aristeu J. Ferreira / Tancredo Neves / Zulmira / Corumbá II
GO;5217401;Pires do Rio;Aristeu J. Ferreira/Tancredo Neves/Zulmira/Corumbá II
GO;5217401;Pires do Rio;Centro
GO;5217401;Pires do Rio;Colegial/Vila Grambery/Fime/Eurípedes Lázaro
GO;5217401;Pires do Rio;Jardim Guanabara
GO;5217401;Pires do Rio;Jardim João Monteiro / Bouganville
GO;5217401;Pires do Rio;Jardim João Monteiro/Bouganville
GO;5217401;Pires do Rio;Jardim Maratá
GO;5217401;Pires do Rio;JK
GO;5217401;Pires do Rio;Mosaico / Esplanada / Sonho Verde
GO;5217401;Pires do Rio;Mosaico/Esplanada/Sonho Verde
GO;5217401;Pires do Rio;Nossa Senhora de Lourdes
GO;5217401;Pires do Rio;Nova Vila
GO;5217401;Pires do Rio;Parque Santana / Hene Saud
GO;5217401;Pires do Rio;Parque Santana/Hene Saud
GO;5217401;Pires do Rio;Sampaio/Parque Silvana/São João/Jardim Amaral
GO;5217401;Pires do Rio;Santa Cecília
GO;5217401;Pires do Rio;Santa Terezinha / São Sebastião / Vila Sinhô Nogueira
GO;5217401;Pires do Rio;Santa Terezinha/São Sebastião/Vila Sinhô Nogueira
GO;5217401;Pires do Rio;São José / Dergo / Santa Rita de Cássia / Eliza Galli
GO;5217401;Pires do Rio;São José/Dergo/Santa Rita de Cássia/Eliza Galli
GO;5217401;Pires do Rio;São Miguel / São Francisco
GO;5217401;Pires do Rio;São Miguel/São Francisco
GO;5217401;Pires do Rio;Setor dos Bancários
GO;5217401;Pires do Rio;Setor Industrial / Mauá
GO;5217401;Pires do Rio;Setor Industrial/Mauá
GO;5217401;Pires do Rio;Vila Militar/Vila Sumaia/Vila Nova Jardim Goiás
GO;5217609;Planaltina;
GO;5217708;Pontalina;
GO;5218003;Porangatu;
GO;5218052;Porteirão;
GO;5218102;Portelândia;
GO;5218300;Posse;Cafelândios
GO;5218300;Posse;Setor Augusto José Valente I
GO;5218300;Posse;Setor Augusto José Valente II
GO;5218300;Posse;Setor Buenos Aires
GO;5218300;Posse;Setor Central
GO;5218300;Posse;Setor Dom Prudêncio
GO;5218300;Posse;Setor dos Funcionários
GO;5218300;Posse;Setor Guarani
GO;5218300;Posse;Setor Mãe Bela
GO;5218300;Posse;Setor Santa Luzia
GO;5218300;Posse;Setor Vila Morena
GO;5218300;Posse;Vale do Amanhecer
GO;5218300;Posse;Vila São José
GO;5218391;Professor Jamil;
GO;5218508;Quirinópolis;
GO;5218607;Rialma;
GO;5218706;Rianápolis;
GO;5218789;Rio Quente;
GO;5218805;Rio Verde;
GO;5218904;Rubiataba;
GO;5219001;Sanclerlândia;
GO;5219100;Santa Bárbara de Goiás;
GO;5219209;Santa Cruz de Goiás;
GO;5219258;Santa Fé de Goiás;
GO;5219308;Santa Helena de Goiás;
GO;5219357;Santa Isabel;
GO;5219407;Santa Rita do Araguaia;
GO;5219456;Santa Rita do Novo Destino;
GO;5219506;Santa Rosa de Goiás;
GO;5219605;Santa Tereza de Goiás;
GO;5219704;Santa Terezinha de Goiás;
GO;5219712;Santo Antônio da Barra;
GO;5219738;Santo Antônio de Goiás;
GO;5219753;Santo Antônio do Descoberto;
GO;5219803;São Domingos;
GO;5219902;São Francisco de Goiás;
GO;5220009;São João d'Aliança;
GO;5220058;São João da Paraúna;
GO;5220108;São Luís de Montes Belos;
GO;5220157;São Luiz do Norte;
GO;5220207;São Miguel do Araguaia;
GO;5220264;São Miguel do Passa Quatro;
GO;5220280;São Patrício;
GO;5220405;São Simão;
GO;5220454;Senador Canedo;
GO;5220504;Serranópolis;
GO;5220603;Silvânia;
GO;5220686;Simolândia;
GO;5220702;Sítio d'Abadia;
GO;5221007;Taquaral de Goiás;
GO;5221080;Teresina de Goiás;
GO;5221197;Terezópolis de Goiás;
GO;5221304;Três Ranchos;
GO;5221403;Trindade;
GO;5221452;Trombas;
GO;5221502;Turvânia;
GO;5221551;Turvelândia;
GO;5221577;Uirapuru;
GO;5221601;Uruaçu;
GO;5221700;Uruana;
GO;5221809;Urutaí;
GO;5221858;Valparaíso de Goiás;
GO;5221908;Varjão;
GO;5222005;Vianópolis;
GO;5222054;Vicentinópolis;
GO;5222203;Vila Boa;
GO;5222302;Vila Propício;
MA;2100055;Açailândia;
MA;2100105;Afonso Cunha;
MA;2100154;Água Doce do Maranhão;
MA;2100204;Alcântara;
MA;2100303;Aldeias Altas;
MA;2100402;Altamira do Maranhão;
MA;2100436;Alto Alegre do Maranhão;
MA;2100477;Alto Alegre do Pindaré;
MA;2100501;Alto Parnaíba;Centro
MA;2100501;Alto Parnaíba;Prata
MA;2100501;Alto Parnaíba;Santa Cruz
MA;2100501;Alto Parnaíba;Santa Fé
MA;2100501;Alto Parnaíba;Santa Lúcia
MA;2100501;Alto Parnaíba;Santa Rita
MA;2100501;Alto Parnaíba;Santo Antônio
MA;2100501;Alto Parnaíba;São José
MA;2100550;Amapá do Maranhão;
MA;2100600;Amarante do Maranhão;
MA;2100709;Anajatuba;
MA;2100808;Anapurus;
MA;2100832;Apicum-Açu;
MA;2100873;Araguanã;
MA;2100907;Araioses;
MA;2100956;Arame;
MA;2101004;Arari;
MA;2101103;Axixá;
MA;2101202;Bacabal;
MA;2101251;Bacabeira;
MA;2101301;Bacuri;
MA;2101350;Bacurituba;
MA;2101400;Balsas;
MA;2101509;Barão de Grajaú;
MA;2101608;Barra do Corda;
MA;2101707;Barreirinhas;
MA;2101772;Bela Vista do Maranhão;
MA;2101731;Belágua;
MA;2101806;Benedito Leite;
MA;2101905;Bequimão;
MA;2101939;Bernardo do Mearim;
MA;2101970;Boa Vista do Gurupi;
MA;2102002;Bom Jardim;
MA;2102036;Bom Jesus das Selvas;
MA;2102077;Bom Lugar;
MA;2102101;Brejo;
MA;2102150;Brejo de Areia;
MA;2102200;Buriti;
MA;2102309;Buriti Bravo;
MA;2102325;Buriticupu;
MA;2102358;Buritirana;
MA;2102374;Cachoeira Grande;
MA;2102408;Cajapió;
MA;2102507;Cajari;
MA;2102556;Campestre do Maranhão;
MA;2102606;Cândido Mendes;
MA;2102705;Cantanhede;
MA;2102754;Capinzal do Norte;
MA;2102804;Carolina;
MA;2102903;Carutapera;
MA;2103000;Caxias;Antenor Viana
MA;2103000;Caxias;Bacuri
MA;2103000;Caxias;Baixinha
MA;2103000;Caxias;Bela Vista
MA;2103000;Caxias;Caldeirões
MA;2103000;Caxias;Campo de Belém
MA;2103000;Caxias;Cangalheiro
MA;2103000;Caxias;Castelo Branco
MA;2103000;Caxias;Centro
MA;2103000;Caxias;Dinir Silva
MA;2103000;Caxias;Fazendinha
MA;2103000;Caxias;Fumo Verde
MA;2103000;Caxias;Itapecuruzinho
MA;2103000;Caxias;João Viana
MA;2103000;Caxias;José Castro
MA;2103000;Caxias;Luiza Queiroz
MA;2103000;Caxias;Morro do Alecrim
MA;2103000;Caxias;Mutirão
MA;2103000;Caxias;Nova Caxias
MA;2103000;Caxias;Pai Geraldo
MA;2103000;Caxias;Pampulha
MA;2103000;Caxias;Pirajá
MA;2103000;Caxias;Ponte
MA;2103000;Caxias;Raiz
MA;2103000;Caxias;Refinaria
MA;2103000;Caxias;Salobro
MA;2103000;Caxias;São Francisco
MA;2103000;Caxias;Seriema
MA;2103000;Caxias;Tamarineiro
MA;2103000;Caxias;Teso Duro
MA;2103000;Caxias;Trezidela
MA;2103000;Caxias;Vila Alecrim
MA;2103000;Caxias;Vila Lobão
MA;2103000;Caxias;Vila Paraíso
MA;2103000;Caxias;Vila São José
MA;2103000;Caxias;Volta Redonda
MA;2103109;Cedral;
MA;2103125;Central do Maranhão;
MA;2103158;Centro do Guilherme;
MA;2103174;Centro Novo do Maranhão;
MA;2103208;Chapadinha;
MA;2103257;Cidelândia;
MA;2103307;Codó;
MA;2103406;Coelho Neto;
MA;2103505;Colinas;
MA;2103554;Conceição do Lago-Açu;
MA;2103604;Coroatá;
MA;2103703;Cururupu;
MA;2103752;Davinópolis;Centro
MA;2103752;Davinópolis;Cidade Nova
MA;2103752;Davinópolis;Conjunto Ivanildo Júnior
MA;2103752;Davinópolis;Mangueira
MA;2103752;Davinópolis;Planalto
MA;2103752;Davinópolis;Santa Lúcia
MA;2103752;Davinópolis;Santo Antônio
MA;2103752;Davinópolis;Trizidela
MA;2103752;Davinópolis;União
MA;2103752;Davinópolis;Vila Bacuri
MA;2103752;Davinópolis;Vila Batista
MA;2103752;Davinópolis;Zona de Expansão Urbana
MA;2103802;Dom Pedro;
MA;2103901;Duque Bacelar;
MA;2104008;Esperantinópolis;
MA;2104057;Estreito;
MA;2104073;Feira Nova do Maranhão;
MA;2104081;Fernando Falcão;
MA;2104099;Formosa da Serra Negra;
MA;2104107;Fortaleza dos Nogueiras;
MA;2104206;Fortuna;
MA;2104305;Godofredo Viana;
MA;2104404;Gonçalves Dias;
MA;2104503;Governador Archer;
MA;2104552;Governador Edison Lobão;
MA;2104602;Governador Eugênio Barros;
MA;2104628;Governador Luiz Rocha;
MA;2104651;Governador Newton Bello;
MA;2104677;Governador Nunes Freire;
MA;2104701;Graça Aranha;
MA;2104800;Grajaú;
MA;2104909;Guimarães;
MA;2105005;Humberto de Campos;
MA;2105104;Icatu;
MA;2105153;Igarapé do Meio;
MA;2105203;Igarapé Grande;
MA;2105302;Imperatriz;
MA;2105351;Itaipava do Grajaú;
MA;2105401;Itapecuru Mirim;
MA;2105427;Itinga do Maranhão;
MA;2105450;Jatobá;
MA;2105476;Jenipapo dos Vieiras;
MA;2105500;João Lisboa;
MA;2105609;Joselândia;
MA;2105658;Junco do Maranhão;
MA;2105708;Lago da Pedra;
MA;2105807;Lago do Junco;
MA;2105948;Lago dos Rodrigues;
MA;2105906;Lago Verde;
MA;2105922;Lagoa do Mato;
MA;2105963;Lagoa Grande do Maranhão;
MA;2105989;Lajeado Novo;
MA;2106003;Lima Campos;
MA;2106102;Loreto;
MA;2106201;Luís Domingues;
MA;2106300;Magalhães de Almeida;
MA;2106326;Maracaçumé;
MA;2106359;Marajá do Sena;
MA;2106375;Maranhãozinho;
MA;2106409;Mata Roma;
MA;2106508;Matinha;
MA;2106607;Matões;Alto Alegre
MA;2106607;Matões;Alto da Seriema
MA;2106607;Matões;Antônio Alves
MA;2106607;Matões;Bela Vista
MA;2106607;Matões;Centro
MA;2106607;Matões;Lagoa
MA;2106607;Matões;Mangueira
MA;2106607;Matões;Matadouro
MA;2106607;Matões;Oiteiro da Cruz
MA;2106607;Matões;Rubelândia
MA;2106607;Matões;Taioba
MA;2106631;Matões do Norte;
MA;2106672;Milagres do Maranhão;
MA;2106706;Mirador;
MA;2106755;Miranda do Norte;
MA;2106805;Mirinzal;
MA;2106904;Monção;
MA;2107001;Montes Altos;
MA;2107100;Morros;
MA;2107209;Nina Rodrigues;
MA;2107258;Nova Colinas;
MA;2107308;Nova Iorque;
MA;2107357;Nova Olinda do Maranhão;
MA;2107407;Olho d'Água das Cunhãs;
MA;2107456;Olinda Nova do Maranhão;
MA;2107506;Paço do Lumiar;
MA;2107605;Palmeirândia;
MA;2107704;Paraibano;
MA;2107803;Parnarama;
MA;2107902;Passagem Franca;
MA;2108009;Pastos Bons;
MA;2108058;Paulino Neves;
MA;2108108;Paulo Ramos;
MA;2108207;Pedreiras;
MA;2108256;Pedro do Rosário;
MA;2108306;Penalva;
MA;2108405;Peri Mirim;
MA;2108454;Peritoró;
MA;2108504;Pindaré-Mirim;
MA;2108603;Pinheiro;
MA;2108702;Pio XII;
MA;2108801;Pirapemas;
MA;2108900;Poção de Pedras;
MA;2109007;Porto Franco;
MA;2109056;Porto Rico do Maranhão;
MA;2109106;Presidente Dutra;
MA;2109205;Presidente Juscelino;
MA;2109239;Presidente Médici;
MA;2109270;Presidente Sarney;
MA;2109304;Presidente Vargas;
MA;2109403;Primeira Cruz;
MA;2109452;Raposa;
MA;2109502;Riachão;
MA;2109551;Ribamar Fiquene;
MA;2109601;Rosário;
MA;2109700;Sambaíba;
MA;2109759;Santa Filomena do Maranhão;
MA;2109809;Santa Helena;
MA;2109908;Santa Inês;
MA;2110005;Santa Luzia;
MA;2110039;Santa Luzia do Paruá;
MA;2110104;Santa Quitéria do Maranhão;
MA;2110203;Santa Rita;
MA;2110237;Santana do Maranhão;
MA;2110278;Santo Amaro do Maranhão;
MA;2110302;Santo Antônio dos Lopes;
MA;2110401;São Benedito do Rio Preto;
MA;2110500;São Bento;
MA;2110609;São Bernardo;
MA;2110658;São Domingos do Azeitão;
MA;2110708;São Domingos do Maranhão;
MA;2110807;São Félix de Balsas;
MA;2110856;São Francisco do Brejão;
MA;2110906;São Francisco do Maranhão;
MA;2111003;São João Batista;
MA;2111029;São João do Carú;
MA;2111052;São João do Paraíso;
MA;2111078;São João do Soter;
MA;2111102;São João dos Patos;
MA;2111201;São José de Ribamar;Alto Turu
MA;2111201;São José de Ribamar;Altos do Itapiracó
MA;2111201;São José de Ribamar;Araçagy
MA;2111201;São José de Ribamar;Barbosa
MA;2111201;São José de Ribamar;Boa Viagem
MA;2111201;São José de Ribamar;Boa Vista
MA;2111201;São José de Ribamar;Bom Jardim
MA;2111201;São José de Ribamar;Campina
MA;2111201;São José de Ribamar;Canavieira
MA;2111201;São José de Ribamar;Caúra
MA;2111201;São José de Ribamar;Centro
MA;2111201;São José de Ribamar;Cidade Alta
MA;2111201;São José de Ribamar;Cohatrac
MA;2111201;São José de Ribamar;Cruzeiro
MA;2111201;São José de Ribamar;Gambarrinha
MA;2111201;São José de Ribamar;Guarapiranga
MA;2111201;São José de Ribamar;Itapary
MA;2111201;São José de Ribamar;J. Câmara
MA;2111201;São José de Ribamar;J. Camara II
MA;2111201;São José de Ribamar;J. Lima
MA;2111201;São José de Ribamar;Jaguarema
MA;2111201;São José de Ribamar;Jardim Tropical
MA;2111201;São José de Ribamar;Jeniparana
MA;2111201;São José de Ribamar;Juçatuba
MA;2111201;São José de Ribamar;Laranjal
MA;2111201;São José de Ribamar;Maiobinha
MA;2111201;São José de Ribamar;Maracajá
MA;2111201;São José de Ribamar;Mata
MA;2111201;São José de Ribamar;Matinha
MA;2111201;São José de Ribamar;Mirititiua
MA;2111201;São José de Ribamar;Miritiua
MA;2111201;São José de Ribamar;Mojó
MA;2111201;São José de Ribamar;Moropóia
MA;2111201;São José de Ribamar;Mutirão
MA;2111201;São José de Ribamar;Nova Terra
MA;2111201;São José de Ribamar;Novo Cohatrac
MA;2111201;São José de Ribamar;Olho D'água
MA;2111201;São José de Ribamar;Outeiro
MA;2111201;São José de Ribamar;Panaquatira
MA;2111201;São José de Ribamar;Parque Das Palmeiras
MA;2111201;São José de Ribamar;Parque Jair
MA;2111201;São José de Ribamar;Parque Vitória
MA;2111201;São José de Ribamar;Piçarreira
MA;2111201;São José de Ribamar;Pindaí
MA;2111201;São José de Ribamar;Quinta
MA;2111201;São José de Ribamar;Recanto Da Paz
MA;2111201;São José de Ribamar;Rio São João
MA;2111201;São José de Ribamar;Riozinho
MA;2111201;São José de Ribamar;Santa Maria
MA;2111201;São José de Ribamar;Santuário
MA;2111201;São José de Ribamar;São Benedito
MA;2111201;São José de Ribamar;São Brás E Macaco
MA;2111201;São José de Ribamar;São José Dos Índios
MA;2111201;São José de Ribamar;São Paulo
MA;2111201;São José de Ribamar;São Raimundo
MA;2111201;São José de Ribamar;Saramanta
MA;2111201;São José de Ribamar;Sítio Do Apicum
MA;2111201;São José de Ribamar;Tijupá Queimado
MA;2111201;São José de Ribamar;Trizidela Da Maioba
MA;2111201;São José de Ribamar;Turiúba
MA;2111201;São José de Ribamar;Ubatuba
MA;2111201;São José de Ribamar;Vieira
MA;2111201;São José de Ribamar;Vila Alonso Costa
MA;2111201;São José de Ribamar;Vila Cafeteira
MA;2111201;São José de Ribamar;Vila Dr. Julinho
MA;2111201;São José de Ribamar;Vila Flamengo
MA;2111201;São José de Ribamar;Vila Kiola
MA;2111201;São José de Ribamar;Vila Mestre Antônio
MA;2111201;São José de Ribamar;Vila Operária
MA;2111201;São José de Ribamar;Vila Roseana Sarney
MA;2111201;São José de Ribamar;Vila Santa Teresinha
MA;2111201;São José de Ribamar;Vila São José
MA;2111201;São José de Ribamar;Vila São Luís
MA;2111201;São José de Ribamar;Vila Sarnambi
MA;2111201;São José de Ribamar;Vila Sarney Filho I
MA;2111201;São José de Ribamar;Vila Sarney Filho II
MA;2111250;São José dos Basílios;
MA;2111300;São Luís;
MA;2111409;São Luís Gonzaga do Maranhão;
MA;2111508;São Mateus do Maranhão;
MA;2111532;São Pedro da Água Branca;
MA;2111573;São Pedro dos Crentes;
MA;2111607;São Raimundo das Mangabeiras;
MA;2111631;São Raimundo do Doca Bezerra;
MA;2111672;São Roberto;
MA;2111706;São Vicente Ferrer;
MA;2111722;Satubinha;
MA;2111748;Senador Alexandre Costa;
MA;2111763;Senador La Rocque;
MA;2111789;Serrano do Maranhão;
MA;2111805;Sítio Novo;
MA;2111904;Sucupira do Norte;
MA;2111953;Sucupira do Riachão;
MA;2112001;Tasso Fragoso;
MA;2112100;Timbiras;
MA;2112209;Timon;Bela Vista
MA;2112209;Timon;Boa Esperança
MA;2112209;Timon;Boa Vista
MA;2112209;Timon;Cajueiro
MA;2112209;Timon;Centro
MA;2112209;Timon;Cidade Nova
MA;2112209;Timon;Flores
MA;2112209;Timon;Formosa
MA;2112209;Timon;Glória
MA;2112209;Timon;Jóia
MA;2112209;Timon;Mangal
MA;2112209;Timon;Mangueira
MA;2112209;Timon;Marimar
MA;2112209;Timon;Mateuzinho
MA;2112209;Timon;Multirão
MA;2112209;Timon;Mutirão
MA;2112209;Timon;Parque Aliança
MA;2112209;Timon;Parque Alvorada
MA;2112209;Timon;Parque Piauí
MA;2112209;Timon;Parque São Francisco
MA;2112209;Timon;Parque União
MA;2112209;Timon;Pedro Patrício
MA;2112209;Timon;Planalto Boa Esperança
MA;2112209;Timon;Planalto Formosa
MA;2112209;Timon;Santo Antônio
MA;2112209;Timon;São Benedito
MA;2112209;Timon;São Francisco II
MA;2112209;Timon;São Marcos
MA;2112209;Timon;Sete Estrelas
MA;2112209;Timon;Vila Angélica
MA;2112209;Timon;Vila Bandeirante
MA;2112233;Trizidela do Vale;
MA;2112274;Tufilândia;
MA;2112308;Tuntum;
MA;2112407;Turiaçu;
MA;2112456;Turilândia;
MA;2112506;Tutóia;
MA;2112605;Urbano Santos;
MA;2112704;Vargem Grande;
MA;2112803;Viana;
MA;2112852;Vila Nova dos Martírios;
MA;2112902;Vitória do Mearim;
MA;2113009;Vitorino Freire;
MA;2114007;Zé Doca;
MG;3100104;Abadia dos Dourados;
MG;3100203;Abaeté;Abaetezinho
MG;3100203;Abaeté;Amazonas
MG;3100203;Abaeté;Buracão
MG;3100203;Abaeté;Chacrinha
MG;3100203;Abaeté;Esplanada
MG;3100203;Abaeté;Fátima
MG;3100203;Abaeté;Marmelada
MG;3100203;Abaeté;Olhos D'Água
MG;3100203;Abaeté;Pau-D'Óleo
MG;3100203;Abaeté;Santa Terezinha
MG;3100203;Abaeté;São João
MG;3100203;Abaeté;São Pedro
MG;3100203;Abaeté;Sem Denominação
MG;3100203;Abaeté;Zona Central
MG;3100302;Abre Campo;
MG;3100401;Acaiaca;
MG;3100500;Açucena;
MG;3100609;Água Boa;
MG;3100708;Água Comprida;
MG;3100807;Aguanil;
MG;3100906;Águas Formosas;
MG;3101003;Águas Vermelhas;
MG;3101102;Aimorés;
MG;3101201;Aiuruoca;
MG;3101300;Alagoa;
MG;3101409;Albertina;
MG;3101508;Além Paraíba;
MG;3101607;Alfenas;
MG;3101631;Alfredo Vasconcelos;
MG;3101706;Almenara;
MG;3101805;Alpercata;
MG;3101904;Alpinópolis;
MG;3102001;Alterosa;
MG;3102050;Alto Caparaó;
MG;3153509;Alto Jequitibá;
MG;3102100;Alto Rio Doce;
MG;3102209;Alvarenga;
MG;3102308;Alvinópolis;
MG;3102407;Alvorada de Minas;
MG;3102506;Amparo do Serra;
MG;3102605;Andradas;
MG;3102803;Andrelândia;
MG;3102852;Angelândia;
MG;3102902;Antônio Carlos;
MG;3103009;Antônio Dias;
MG;3103108;Antônio Prado de Minas;
MG;3103207;Araçaí;
MG;3103306;Aracitaba;
MG;3103405;Araçuaí;
MG;3103504;Araguari;
MG;3103603;Arantina;
MG;3103702;Araponga;
MG;3103751;Araporã;
MG;3103801;Arapuá;
MG;3103900;Araújos;
MG;3104007;Araxá;Abolição
MG;3104007;Araxá;Adhemar Rodrigues Valle Jr.
MG;3104007;Araxá;Aeroporto
MG;3104007;Araxá;Alvorada
MG;3104007;Araxá;Amazonas
MG;3104007;Araxá;Ana Antônia
MG;3104007;Araxá;Ana Pinto de Almeida
MG;3104007;Araxá;Andrea
MG;3104007;Araxá;Barreirinho
MG;3104007;Araxá;Barreiro
MG;3104007;Araxá;Boa Vista
MG;3104007;Araxá;Bom Jesus
MG;3104007;Araxá;Centro
MG;3104007;Araxá;Condomínio Bosque dos Ipês
MG;3104007;Araxá;Condomínio Via Verde
MG;3104007;Araxá;Distrito Industrial
MG;3104007;Araxá;Domingos Zema
MG;3104007;Araxá;Dona Beja
MG;3104007;Araxá;Dr. Pedro Pezzuti
MG;3104007;Araxá;Estância
MG;3104007;Araxá;Fertiza
MG;3104007;Araxá;Francisco Duarte
MG;3104007;Araxá;Guimarães
MG;3104007;Araxá;Jardim Bela Vista
MG;3104007;Araxá;Jardim das Primaveras
MG;3104007;Araxá;João Ribeiro
MG;3104007;Araxá;José Ferreira Guimarães
MG;3104007;Araxá;Lamartine
MG;3104007;Araxá;Leblon
MG;3104007;Araxá;Leda Barcelos
MG;3104007;Araxá;Morada do Sol
MG;3104007;Araxá;Novo Santo Antônio
MG;3104007;Araxá;Novo São Geraldo
MG;3104007;Araxá;Odilon José Carneiro
MG;3104007;Araxá;Orozino Teixeira
MG;3104007;Araxá;Padre Alaor
MG;3104007;Araxá;Pão-de-Açúcar
MG;3104007;Araxá;Parque das Flores
MG;3104007;Araxá;Recanto das Mangueiras
MG;3104007;Araxá;Sagrada Família
MG;3104007;Araxá;Salomão Drummond
MG;3104007;Araxá;Santa Luzia
MG;3104007;Araxá;Santa Mônica
MG;3104007;Araxá;Santa Rita
MG;3104007;Araxá;Santa Terezinha
MG;3104007;Araxá;Santo Antônio
MG;3104007;Araxá;São Cristóvão
MG;3104007;Araxá;São Domingos
MG;3104007;Araxá;São Francisco
MG;3104007;Araxá;São Geraldo
MG;3104007;Araxá;São Pedro
MG;3104007;Araxá;São Vicente
MG;3104007;Araxá;Silvéria
MG;3104007;Araxá;Tiradentes
MG;3104007;Araxá;Urciano Lemos
MG;3104007;Araxá;Veredas da Cidade
MG;3104007;Araxá;Vila Rica
MG;3104106;Arceburgo;
MG;3104205;Arcos;Calciolândia
MG;3104304;Areado;Rosário
MG;3104304;Areado;São Vicente
MG;3104403;Argirita;
MG;3104452;Aricanduva;
MG;3104502;Arinos;
MG;3104601;Astolfo Dutra;
MG;3104700;Ataléia;
MG;3104809;Augusto de Lima;Centro
MG;3104809;Augusto de Lima;Floresta
MG;3104809;Augusto de Lima;Planalto
MG;3104809;Augusto de Lima;Santa Helena
MG;3104809;Augusto de Lima;Santo Agostinho
MG;3104809;Augusto de Lima;São Vicente
MG;3104908;Baependi;
MG;3105004;Baldim;
MG;3105103;Bambuí;
MG;3105202;Bandeira;
MG;3105301;Bandeira do Sul;
MG;3105400;Barão de Cocais;
MG;3105509;Barão do Monte Alto;
MG;3105608;Barbacena;9 de Março
MG;3105608;Barbacena;Aeroporto
MG;3105608;Barbacena;Água Santa
MG;3105608;Barbacena;Andaraí
MG;3105608;Barbacena;Boa Morte
MG;3105608;Barbacena;Boa Vista
MG;3105608;Barbacena;Bom Pastor
MG;3105608;Barbacena;Caiçaras
MG;3105608;Barbacena;Caminho Novo
MG;3105608;Barbacena;Centro
MG;3105608;Barbacena;Deputado José Bonifácio (Ipanema)
MG;3105608;Barbacena;Diniz
MG;3105608;Barbacena;Do Campo
MG;3105608;Barbacena;Dom Bosco
MG;3105608;Barbacena;Doutor Geraldo Xavier
MG;3105608;Barbacena;Floresta
MG;3105608;Barbacena;Funcionários
MG;3105608;Barbacena;Grogotó
MG;3105608;Barbacena;Jardim
MG;3105608;Barbacena;João Paulo II
MG;3105608;Barbacena;Monsenhor Mário Quintão
MG;3105608;Barbacena;Monte Mário
MG;3105608;Barbacena;Nossa Senhora Aparecida
MG;3105608;Barbacena;Nossa Senhora da Penha
MG;3105608;Barbacena;Nossa Senhora de Fátima
MG;3105608;Barbacena;Nossa Senhora do Carmo
MG;3105608;Barbacena;Nova Cidade
MG;3105608;Barbacena;Nova Suíça
MG;3105608;Barbacena;Novo Horizonte
MG;3105608;Barbacena;Padre Cunha
MG;3105608;Barbacena;Pontilhão
MG;3105608;Barbacena;Roman
MG;3105608;Barbacena;Santa Cecília
MG;3105608;Barbacena;Santa Efigênia
MG;3105608;Barbacena;Santa Luzia
MG;3105608;Barbacena;Santa Maria
MG;3105608;Barbacena;Santa Tereza
MG;3105608;Barbacena;Santo Antônio
MG;3105608;Barbacena;São Cristóvão
MG;3105608;Barbacena;São Francisco
MG;3105608;Barbacena;São Geraldo
MG;3105608;Barbacena;São José
MG;3105608;Barbacena;São Pedro
MG;3105608;Barbacena;São Sebastião
MG;3105608;Barbacena;Urias Barbosa de Castro
MG;3105608;Barbacena;Valentim Prenassi
MG;3105608;Barbacena;Vilela
MG;3105608;Barbacena;Vista Alegre
MG;3105707;Barra Longa;
MG;3105905;Barroso;
MG;3106002;Bela Vista de Minas;
MG;3106101;Belmiro Braga;
MG;3106200;Belo Horizonte;Aarão Reis
MG;3106200;Belo Horizonte;Acaba Mundo
MG;3106200;Belo Horizonte;Acaiaca
MG;3106200;Belo Horizonte;Ademar Maldonado
MG;3106200;Belo Horizonte;Aeroporto
MG;3106200;Belo Horizonte;Águas Claras
MG;3106200;Belo Horizonte;Aguas Claras
MG;3106200;Belo Horizonte;Alípio de Melo
MG;3106200;Belo Horizonte;Alpes
MG;3106200;Belo Horizonte;Alta Tensão
MG;3106200;Belo Horizonte;Alta Tensão 1ª Seção
MG;3106200;Belo Horizonte;Alta Tensão 2ª Seção
MG;3106200;Belo Horizonte;Alta Tensão I
MG;3106200;Belo Horizonte;Alto Barroca
MG;3106200;Belo Horizonte;Alto Caiçaras
MG;3106200;Belo Horizonte;Alto das Antenas
MG;3106200;Belo Horizonte;Alto dos Pinheiros
MG;3106200;Belo Horizonte;Alto Vera Cruz
MG;3106200;Belo Horizonte;Álvaro Camargos
MG;3106200;Belo Horizonte;Ambrosina
MG;3106200;Belo Horizonte;Anchieta
MG;3106200;Belo Horizonte;Andiroba
MG;3106200;Belo Horizonte;Antena Montanhês
MG;3106200;Belo Horizonte;Antonio Ribeiro de Abreu 1ª Seção
MG;3106200;Belo Horizonte;Antônio Ribeiro de Abreu 1ª Seção
MG;3106200;Belo Horizonte;Antonio Ribeiro de Abreu 2ª Seção
MG;3106200;Belo Horizonte;Antonio Ribeiro de Abreu 3ª Seção
MG;3106200;Belo Horizonte;Aparecida
MG;3106200;Belo Horizonte;Aparecida 7ª Seção
MG;3106200;Belo Horizonte;Aparecida Sétima Seção
MG;3106200;Belo Horizonte;Ápia
MG;3106200;Belo Horizonte;Apolonia
MG;3106200;Belo Horizonte;Apolônia
MG;3106200;Belo Horizonte;Araguaia
MG;3106200;Belo Horizonte;Atila de Paiva
MG;3106200;Belo Horizonte;Átila de Paiva
MG;3106200;Belo Horizonte;Bacurau
MG;3106200;Belo Horizonte;Bairro das Indústrias I
MG;3106200;Belo Horizonte;Bairro das Indústrias II
MG;3106200;Belo Horizonte;Bairro Novo das Indústrias
MG;3106200;Belo Horizonte;Baleia
MG;3106200;Belo Horizonte;Bandeirantes
MG;3106200;Belo Horizonte;Barão Homem de Melo 1ª Seção
MG;3106200;Belo Horizonte;Barão Homem de Melo 2ª Seção
MG;3106200;Belo Horizonte;Barão Homem de Melo 3ª Seção
MG;3106200;Belo Horizonte;Barão Homem de Melo I
MG;3106200;Belo Horizonte;Barão Homem de Melo III
MG;3106200;Belo Horizonte;Barão Homem de Melo IV
MG;3106200;Belo Horizonte;Barreiro
MG;3106200;Belo Horizonte;Barro Preto
MG;3106200;Belo Horizonte;Barroca
MG;3106200;Belo Horizonte;Beija Flor
MG;3106200;Belo Horizonte;Beira Linha
MG;3106200;Belo Horizonte;Beira-Linha
MG;3106200;Belo Horizonte;Bela Vitoria
MG;3106200;Belo Horizonte;Bela Vitória
MG;3106200;Belo Horizonte;Belém
MG;3106200;Belo Horizonte;Belmonte
MG;3106200;Belo Horizonte;Belvedere
MG;3106200;Belo Horizonte;Bernadete
MG;3106200;Belo Horizonte;Betânia
MG;3106200;Belo Horizonte;Biquinhas
MG;3106200;Belo Horizonte;Boa Esperança
MG;3106200;Belo Horizonte;Boa União 1ª Seção
MG;3106200;Belo Horizonte;Boa União 2ª seção
MG;3106200;Belo Horizonte;Boa União I
MG;3106200;Belo Horizonte;Boa União II
MG;3106200;Belo Horizonte;Boa Viagem
MG;3106200;Belo Horizonte;Boa Vista
MG;3106200;Belo Horizonte;Bom Jesus
MG;3106200;Belo Horizonte;Bonfim
MG;3106200;Belo Horizonte;Bonsucesso
MG;3106200;Belo Horizonte;Brasil Industrial
MG;3106200;Belo Horizonte;Braúnas
MG;3106200;Belo Horizonte;Buraco Quente
MG;3106200;Belo Horizonte;Buritis
MG;3106200;Belo Horizonte;Cabana do Pai Tomás
MG;3106200;Belo Horizonte;Cachoeirinha
MG;3106200;Belo Horizonte;Caetano Furquim
MG;3106200;Belo Horizonte;Caiçara - Adelaide
MG;3106200;Belo Horizonte;Caiçara-Adelaide
MG;3106200;Belo Horizonte;Caiçaras
MG;3106200;Belo Horizonte;Calafate
MG;3106200;Belo Horizonte;Califórnia
MG;3106200;Belo Horizonte;Camargos
MG;3106200;Belo Horizonte;Campo Alegre
MG;3106200;Belo Horizonte;Camponesa 1ª seção
MG;3106200;Belo Horizonte;Camponesa 2ª Seção
MG;3106200;Belo Horizonte;Campos UFMG
MG;3106200;Belo Horizonte;Campus UFMG
MG;3106200;Belo Horizonte;Canaã
MG;3106200;Belo Horizonte;Canaa
MG;3106200;Belo Horizonte;Canadá
MG;3106200;Belo Horizonte;Candelária
MG;3106200;Belo Horizonte;Candelaria
MG;3106200;Belo Horizonte;Canto do Sabiá
MG;3106200;Belo Horizonte;Capitão Eduardo
MG;3106200;Belo Horizonte;Cardoso
MG;3106200;Belo Horizonte;Carlos Prates
MG;3106200;Belo Horizonte;Carmo
MG;3106200;Belo Horizonte;Casa Branca
MG;3106200;Belo Horizonte;Castanheira
MG;3106200;Belo Horizonte;Castelo
MG;3106200;Belo Horizonte;CDI Jatobá
MG;3106200;Belo Horizonte;CDI Jatoba
MG;3106200;Belo Horizonte;Cenaculo
MG;3106200;Belo Horizonte;Cenáculo
MG;3106200;Belo Horizonte;Centro
MG;3106200;Belo Horizonte;Céu Azul
MG;3106200;Belo Horizonte;Chácara Leonina
MG;3106200;Belo Horizonte;Cidade Jardim
MG;3106200;Belo Horizonte;Cidade Jardim Taquaril
MG;3106200;Belo Horizonte;Cidade Nova
MG;3106200;Belo Horizonte;Cinquentenário
MG;3106200;Belo Horizonte;Colégio Batista
MG;3106200;Belo Horizonte;Comiteco
MG;3106200;Belo Horizonte;Concórdia
MG;3106200;Belo Horizonte;Cônego Pinheiro
MG;3106200;Belo Horizonte;Cônego Pinheiro 1ª Seção
MG;3106200;Belo Horizonte;Cônego Pinheiro 2ª Seção
MG;3106200;Belo Horizonte;Cônego Pinheiro A
MG;3106200;Belo Horizonte;Confisco
MG;3106200;Belo Horizonte;Conjunto Bonsucesso
MG;3106200;Belo Horizonte;Conjunto Califórnia I
MG;3106200;Belo Horizonte;Conjunto Califórnia II
MG;3106200;Belo Horizonte;Conjunto Capitão Eduardo
MG;3106200;Belo Horizonte;Conjunto Celso Machado
MG;3106200;Belo Horizonte;Conjunto Floramar
MG;3106200;Belo Horizonte;Conjunto Jardim Filadélfia
MG;3106200;Belo Horizonte;Conjunto Jatoba
MG;3106200;Belo Horizonte;Conjunto Jatobá
MG;3106200;Belo Horizonte;Conjunto Lagoa
MG;3106200;Belo Horizonte;Conjunto Minas Caixa
MG;3106200;Belo Horizonte;Conjunto Minascaixa
MG;3106200;Belo Horizonte;Conjunto Novo Dom Bosco
MG;3106200;Belo Horizonte;Conjunto Paulo VI
MG;3106200;Belo Horizonte;Conjunto Providência
MG;3106200;Belo Horizonte;Conjunto Providencia
MG;3106200;Belo Horizonte;Conjunto Santa Maria
MG;3106200;Belo Horizonte;Conjunto São Francisco de Assis
MG;3106200;Belo Horizonte;Conjunto Serra Verde
MG;3106200;Belo Horizonte;Conjunto Taquaril
MG;3106200;Belo Horizonte;Copacabana
MG;3106200;Belo Horizonte;Coqueiral
MG;3106200;Belo Horizonte;Coqueiros
MG;3106200;Belo Horizonte;Coração de Jesus
MG;3106200;Belo Horizonte;Coração Eucarístico
MG;3106200;Belo Horizonte;Corumbiara
MG;3106200;Belo Horizonte;Cruzeiro
MG;3106200;Belo Horizonte;Custodinha
MG;3106200;Belo Horizonte;das Indústrias I
MG;3106200;Belo Horizonte;Delta
MG;3106200;Belo Horizonte;Diamante
MG;3106200;Belo Horizonte;Distrito Industrial do Jatoba
MG;3106200;Belo Horizonte;Distrito Industrial do Jatobá
MG;3106200;Belo Horizonte;Dom Bosco
MG;3106200;Belo Horizonte;Dom Cabral
MG;3106200;Belo Horizonte;Dom Joaquim
MG;3106200;Belo Horizonte;Dom Silvério
MG;3106200;Belo Horizonte;Dom Silverio
MG;3106200;Belo Horizonte;Dona Clara
MG;3106200;Belo Horizonte;Embaúbas
MG;3106200;Belo Horizonte;Engenho Nogueira
MG;3106200;Belo Horizonte;Ermelinda
MG;3106200;Belo Horizonte;Ernesto do Nascimento
MG;3106200;Belo Horizonte;Ernesto Nascimento
MG;3106200;Belo Horizonte;Esperança
MG;3106200;Belo Horizonte;Esplanada
MG;3106200;Belo Horizonte;Estoril
MG;3106200;Belo Horizonte;Estrela
MG;3106200;Belo Horizonte;Estrela do Oriente
MG;3106200;Belo Horizonte;Etelvina Carneiro
MG;3106200;Belo Horizonte;Europa
MG;3106200;Belo Horizonte;Eymard
MG;3106200;Belo Horizonte;Fazendinha
MG;3106200;Belo Horizonte;Fernão Dias
MG;3106200;Belo Horizonte;Flamengo
MG;3106200;Belo Horizonte;Flávio de Oliveira
MG;3106200;Belo Horizonte;Flavio de Oliveira
MG;3106200;Belo Horizonte;Flávio Marques Lisboa
MG;3106200;Belo Horizonte;Flavio Marques Lisboa
MG;3106200;Belo Horizonte;Floramar
MG;3106200;Belo Horizonte;Floresta
MG;3106200;Belo Horizonte;Frei Leopoldo
MG;3106200;Belo Horizonte;Funcionários
MG;3106200;Belo Horizonte;Gameleira
MG;3106200;Belo Horizonte;Garças
MG;3106200;Belo Horizonte;Glória
MG;3106200;Belo Horizonte;Goiânia
MG;3106200;Belo Horizonte;Goiania
MG;3106200;Belo Horizonte;Graça
MG;3106200;Belo Horizonte;Grajaú
MG;3106200;Belo Horizonte;Granja de Freitas
MG;3106200;Belo Horizonte;Granja Werneck
MG;3106200;Belo Horizonte;Grota
MG;3106200;Belo Horizonte;Grotinha
MG;3106200;Belo Horizonte;Guanabara
MG;3106200;Belo Horizonte;Guarani
MG;3106200;Belo Horizonte;Guaratã
MG;3106200;Belo Horizonte;Gutierrez
MG;3106200;Belo Horizonte;Havaí
MG;3106200;Belo Horizonte;Heliopolis
MG;3106200;Belo Horizonte;Heliópolis
MG;3106200;Belo Horizonte;Horto
MG;3106200;Belo Horizonte;Horto Florestal
MG;3106200;Belo Horizonte;Imbaúbas
MG;3106200;Belo Horizonte;Inconfidência
MG;3106200;Belo Horizonte;Indaiá
MG;3106200;Belo Horizonte;Independência
MG;3106200;Belo Horizonte;Ipe
MG;3106200;Belo Horizonte;Ipê
MG;3106200;Belo Horizonte;Ipiranga
MG;3106200;Belo Horizonte;Itaipu
MG;3106200;Belo Horizonte;Itapoã
MG;3106200;Belo Horizonte;Itapoa
MG;3106200;Belo Horizonte;Itatiaia
MG;3106200;Belo Horizonte;Jaqueline
MG;3106200;Belo Horizonte;Jaraguá
MG;3106200;Belo Horizonte;Jardim Alvorada
MG;3106200;Belo Horizonte;Jardim América
MG;3106200;Belo Horizonte;Jardim Atlântico
MG;3106200;Belo Horizonte;Jardim do Vale
MG;3106200;Belo Horizonte;Jardim dos Comerciarios
MG;3106200;Belo Horizonte;Jardim dos Comerciários
MG;3106200;Belo Horizonte;Jardim Europa
MG;3106200;Belo Horizonte;Jardim Felicidade
MG;3106200;Belo Horizonte;Jardim Guanabara
MG;3106200;Belo Horizonte;Jardim Leblon
MG;3106200;Belo Horizonte;Jardim Montanhês
MG;3106200;Belo Horizonte;Jardim São José
MG;3106200;Belo Horizonte;Jardim Vitória
MG;3106200;Belo Horizonte;Jardim Vitoria
MG;3106200;Belo Horizonte;Jardinópolis
MG;3106200;Belo Horizonte;Jatobá
MG;3106200;Belo Horizonte;João Alfredo
MG;3106200;Belo Horizonte;João Paulo II
MG;3106200;Belo Horizonte;João Pinheiro
MG;3106200;Belo Horizonte;Jonas Veiga
MG;3106200;Belo Horizonte;Juliana
MG;3106200;Belo Horizonte;Lagoa
MG;3106200;Belo Horizonte;Lagoa da Pampulha
MG;3106200;Belo Horizonte;Lagoinha
MG;3106200;Belo Horizonte;Lagoinha Leblon
MG;3106200;Belo Horizonte;Lajedo
MG;3106200;Belo Horizonte;Laranjeiras
MG;3106200;Belo Horizonte;Leonina
MG;3106200;Belo Horizonte;Letícia
MG;3106200;Belo Horizonte;Leticia
MG;3106200;Belo Horizonte;Liberdade
MG;3106200;Belo Horizonte;Lindéia
MG;3106200;Belo Horizonte;Lorena
MG;3106200;Belo Horizonte;Lourdes
MG;3106200;Belo Horizonte;Luxemburgo
MG;3106200;Belo Horizonte;Madre Gertrudes
MG;3106200;Belo Horizonte;Madri
MG;3106200;Belo Horizonte;Mala e Cuia
MG;3106200;Belo Horizonte;Manacas
MG;3106200;Belo Horizonte;Manacás
MG;3106200;Belo Horizonte;Mangabeiras
MG;3106200;Belo Horizonte;Mangueiras
MG;3106200;Belo Horizonte;Mantiqueira
MG;3106200;Belo Horizonte;Marajó
MG;3106200;Belo Horizonte;Maravilha
MG;3106200;Belo Horizonte;Marçola
MG;3106200;Belo Horizonte;Maria Goretti
MG;3106200;Belo Horizonte;Maria Helena
MG;3106200;Belo Horizonte;Maria Teresa
MG;3106200;Belo Horizonte;Maria Tereza
MG;3106200;Belo Horizonte;Maria Virgínia
MG;3106200;Belo Horizonte;Mariano de Abreu
MG;3106200;Belo Horizonte;Marieta 1ª Seção
MG;3106200;Belo Horizonte;Marieta 2ª Seção
MG;3106200;Belo Horizonte;Marieta 3ª Seção
MG;3106200;Belo Horizonte;Marieta I
MG;3106200;Belo Horizonte;Marieta II
MG;3106200;Belo Horizonte;Marilândia
MG;3106200;Belo Horizonte;Marilandia
MG;3106200;Belo Horizonte;Mariquinhas
MG;3106200;Belo Horizonte;Marmiteiros
MG;3106200;Belo Horizonte;Milionario
MG;3106200;Belo Horizonte;Milionários
MG;3106200;Belo Horizonte;Minas Brasil
MG;3106200;Belo Horizonte;Minas Caixa
MG;3106200;Belo Horizonte;Minascaixa
MG;3106200;Belo Horizonte;Minaslândia
MG;3106200;Belo Horizonte;Minaslandia
MG;3106200;Belo Horizonte;Mineirão
MG;3106200;Belo Horizonte;Miramar
MG;3106200;Belo Horizonte;Mirante
MG;3106200;Belo Horizonte;Mirtes
MG;3106200;Belo Horizonte;Monsenhor Messias
MG;3106200;Belo Horizonte;Monte Azul
MG;3106200;Belo Horizonte;Monte São José
MG;3106200;Belo Horizonte;Morro dos Macacos
MG;3106200;Belo Horizonte;Nazaré
MG;3106200;Belo Horizonte;Nazare
MG;3106200;Belo Horizonte;Nossa Senhora Aparecida
MG;3106200;Belo Horizonte;Nossa Senhora da Aparecida
MG;3106200;Belo Horizonte;Nossa Senhora da Conceição
MG;3106200;Belo Horizonte;Nossa Senhora de Fátima
MG;3106200;Belo Horizonte;Nossa Senhora do Rosário
MG;3106200;Belo Horizonte;Nova América
MG;3106200;Belo Horizonte;Nova America
MG;3106200;Belo Horizonte;Nova Cachoeirinha
MG;3106200;Belo Horizonte;Nova Cintra
MG;3106200;Belo Horizonte;Nova Esperança
MG;3106200;Belo Horizonte;Nova Floresta
MG;3106200;Belo Horizonte;Nova Gameleira
MG;3106200;Belo Horizonte;Nova Granada
MG;3106200;Belo Horizonte;Nova Pampulha
MG;3106200;Belo Horizonte;Nova Suíça
MG;3106200;Belo Horizonte;Nova Suíssa
MG;3106200;Belo Horizonte;Nova Vista
MG;3106200;Belo Horizonte;Novo Aarão Reis
MG;3106200;Belo Horizonte;Novo das Industrias
MG;3106200;Belo Horizonte;Novo Glória
MG;3106200;Belo Horizonte;Novo Ouro Preto
MG;3106200;Belo Horizonte;Novo Santa Cecília
MG;3106200;Belo Horizonte;Novo Santa Cecilia
MG;3106200;Belo Horizonte;Novo São Lucas
MG;3106200;Belo Horizonte;Novo Tupi
MG;3106200;Belo Horizonte;Oeste
MG;3106200;Belo Horizonte;Olaria
MG;3106200;Belo Horizonte;Olhos d'Água
MG;3106200;Belo Horizonte;Olhos D'Água
MG;3106200;Belo Horizonte;Ouro Minas
MG;3106200;Belo Horizonte;Ouro Preto
MG;3106200;Belo Horizonte;Padre Eustáquio
MG;3106200;Belo Horizonte;Palmares
MG;3106200;Belo Horizonte;Palmeiras
MG;3106200;Belo Horizonte;Pantanal
MG;3106200;Belo Horizonte;Paquetá
MG;3106200;Belo Horizonte;Paraíso
MG;3106200;Belo Horizonte;Parque São José
MG;3106200;Belo Horizonte;Parque São Pedro
MG;3106200;Belo Horizonte;Paulo VI
MG;3106200;Belo Horizonte;Pedreira Padro Lopes
MG;3106200;Belo Horizonte;Pedreira Prado Lopes
MG;3106200;Belo Horizonte;Penha
MG;3106200;Belo Horizonte;Petrópolis
MG;3106200;Belo Horizonte;Petropolis
MG;3106200;Belo Horizonte;Pilar
MG;3106200;Belo Horizonte;Pindorama
MG;3106200;Belo Horizonte;Pindura Saia
MG;3106200;Belo Horizonte;Pirajá
MG;3106200;Belo Horizonte;Piratininga
MG;3106200;Belo Horizonte;Pirineus
MG;3106200;Belo Horizonte;Planalto
MG;3106200;Belo Horizonte;Pompéia
MG;3106200;Belo Horizonte;Pongelupe
MG;3106200;Belo Horizonte;Pousada Santo Antonio
MG;3106200;Belo Horizonte;Pousada Santo Antônio
MG;3106200;Belo Horizonte;Prado
MG;3106200;Belo Horizonte;Primeiro de Maio
MG;3106200;Belo Horizonte;Providencia
MG;3106200;Belo Horizonte;Providência
MG;3106200;Belo Horizonte;Real I
MG;3106200;Belo Horizonte;Real II
MG;3106200;Belo Horizonte;Renascença
MG;3106200;Belo Horizonte;Ribeiro de Abreu
MG;3106200;Belo Horizonte;Rio Branco
MG;3106200;Belo Horizonte;Sagrada Família
MG;3106200;Belo Horizonte;Salgado Filho
MG;3106200;Belo Horizonte;Santa Amélia
MG;3106200;Belo Horizonte;Santa Amelia
MG;3106200;Belo Horizonte;Santa Branca
MG;3106200;Belo Horizonte;Santa Cecilia
MG;3106200;Belo Horizonte;Santa Cecília
MG;3106200;Belo Horizonte;Santa Cruz
MG;3106200;Belo Horizonte;Santa Efigênia
MG;3106200;Belo Horizonte;Santa Helena
MG;3106200;Belo Horizonte;Santa Inês
MG;3106200;Belo Horizonte;Santa Isabel
MG;3106200;Belo Horizonte;Santa Lúcia
MG;3106200;Belo Horizonte;Santa Margarida
MG;3106200;Belo Horizonte;Santa Maria
MG;3106200;Belo Horizonte;Santa Mônica
MG;3106200;Belo Horizonte;Santa Monica
MG;3106200;Belo Horizonte;Santa Rita
MG;3106200;Belo Horizonte;Santa Rita de Cássia
MG;3106200;Belo Horizonte;Santa Rosa
MG;3106200;Belo Horizonte;Santa Sofia
MG;3106200;Belo Horizonte;Santa Tereza
MG;3106200;Belo Horizonte;Santa Terezinha
MG;3106200;Belo Horizonte;Santana do Cafezal
MG;3106200;Belo Horizonte;Santo Agostinho
MG;3106200;Belo Horizonte;Santo André
MG;3106200;Belo Horizonte;Santo Antônio
MG;3106200;Belo Horizonte;Santo Antônio Barroquinha
MG;3106200;Belo Horizonte;São Benedito
MG;3106200;Belo Horizonte;São Bento
MG;3106200;Belo Horizonte;São Bernardo
MG;3106200;Belo Horizonte;São Cristóvão
MG;3106200;Belo Horizonte;São Damião
MG;3106200;Belo Horizonte;São Dimas
MG;3106200;Belo Horizonte;São Francisco
MG;3106200;Belo Horizonte;São Francisco das Chagas
MG;3106200;Belo Horizonte;São Gabriel
MG;3106200;Belo Horizonte;São Geraldo
MG;3106200;Belo Horizonte;São Gonçalo
MG;3106200;Belo Horizonte;São João
MG;3106200;Belo Horizonte;São João Batista
MG;3106200;Belo Horizonte;São Jorge 1ª Seção
MG;3106200;Belo Horizonte;São Jorge 2ª Seção
MG;3106200;Belo Horizonte;São Jorge 3ª Seção
MG;3106200;Belo Horizonte;São Jorge I
MG;3106200;Belo Horizonte;São Jorge II
MG;3106200;Belo Horizonte;São Jorge III
MG;3106200;Belo Horizonte;São José
MG;3106200;Belo Horizonte;São Lucas
MG;3106200;Belo Horizonte;São Luíz
MG;3106200;Belo Horizonte;São Luiz
MG;3106200;Belo Horizonte;São Marcos
MG;3106200;Belo Horizonte;São Paulo
MG;3106200;Belo Horizonte;São Pedro
MG;3106200;Belo Horizonte;São Rafael
MG;3106200;Belo Horizonte;São Salvador
MG;3106200;Belo Horizonte;São Sebastião
MG;3106200;Belo Horizonte;São Tomáz
MG;3106200;Belo Horizonte;São Tomaz
MG;3106200;Belo Horizonte;São Vicente
MG;3106200;Belo Horizonte;Satelite
MG;3106200;Belo Horizonte;Satélite
MG;3106200;Belo Horizonte;Saudade
MG;3106200;Belo Horizonte;Savassi
MG;3106200;Belo Horizonte;Senhor dos Passos
MG;3106200;Belo Horizonte;Serra
MG;3106200;Belo Horizonte;Serra do Curral
MG;3106200;Belo Horizonte;Serra Verde
MG;3106200;Belo Horizonte;Serrano
MG;3106200;Belo Horizonte;Silveira
MG;3106200;Belo Horizonte;Sion
MG;3106200;Belo Horizonte;Solar do Barreiro
MG;3106200;Belo Horizonte;Solimões
MG;3106200;Belo Horizonte;Solimoes
MG;3106200;Belo Horizonte;Sport Club
MG;3106200;Belo Horizonte;Sumaré
MG;3106200;Belo Horizonte;Suzana
MG;3106200;Belo Horizonte;Taquaril
MG;3106200;Belo Horizonte;Teixeira Dias
MG;3106200;Belo Horizonte;Tiradentes
MG;3106200;Belo Horizonte;Tirol
MG;3106200;Belo Horizonte;Três Marias
MG;3106200;Belo Horizonte;Tres Marias
MG;3106200;Belo Horizonte;Trevo
MG;3106200;Belo Horizonte;Trinta e Um de Março
MG;3106200;Belo Horizonte;Túnel de Ibirité
MG;3106200;Belo Horizonte;Tupi A
MG;3106200;Belo Horizonte;Tupi B
MG;3106200;Belo Horizonte;União
MG;3106200;Belo Horizonte;Unidas
MG;3106200;Belo Horizonte;Universitário
MG;3106200;Belo Horizonte;Universo
MG;3106200;Belo Horizonte;Urca
MG;3106200;Belo Horizonte;Vale do Jatoba
MG;3106200;Belo Horizonte;Vale do Jatobá
MG;3106200;Belo Horizonte;Varzea da Palma
MG;3106200;Belo Horizonte;Várzea da Palma
MG;3106200;Belo Horizonte;Venda Nova
MG;3106200;Belo Horizonte;Ventosa
MG;3106200;Belo Horizonte;Vera Cruz
MG;3106200;Belo Horizonte;Vila Aeroporto
MG;3106200;Belo Horizonte;Vila Aeroporto Jaraguá
MG;3106200;Belo Horizonte;Vila Antena
MG;3106200;Belo Horizonte;Vila Antena Montanhês
MG;3106200;Belo Horizonte;Vila Átila de Paiva
MG;3106200;Belo Horizonte;Vila Atila de Paiva
MG;3106200;Belo Horizonte;Vila Bandeirantes
MG;3106200;Belo Horizonte;Vila Barragem Santa Lúcia
MG;3106200;Belo Horizonte;Vila Batik
MG;3106200;Belo Horizonte;Vila Betânia
MG;3106200;Belo Horizonte;Vila Boa Vista
MG;3106200;Belo Horizonte;Vila Calafate
MG;3106200;Belo Horizonte;Vila Califórnia
MG;3106200;Belo Horizonte;Vila Canto do Sabiá
MG;3106200;Belo Horizonte;Vila CEMIG
MG;3106200;Belo Horizonte;Vila Cemig
MG;3106200;Belo Horizonte;Vila Cloris
MG;3106200;Belo Horizonte;Vila Clóris
MG;3106200;Belo Horizonte;Vila Copacabana
MG;3106200;Belo Horizonte;Vila Copasa
MG;3106200;Belo Horizonte;Vila COPASA
MG;3106200;Belo Horizonte;Vila Coqueiral
MG;3106200;Belo Horizonte;Vila da Amizade
MG;3106200;Belo Horizonte;Vila da Ária
MG;3106200;Belo Horizonte;Vila da Luz
MG;3106200;Belo Horizonte;Vila da Paz
MG;3106200;Belo Horizonte;Vila das Oliveiras
MG;3106200;Belo Horizonte;Vila de Sá
MG;3106200;Belo Horizonte;Vila Dias
MG;3106200;Belo Horizonte;Vila do Pombal
MG;3106200;Belo Horizonte;Vila dos Anjos
MG;3106200;Belo Horizonte;Vila Ecológica
MG;3106200;Belo Horizonte;Vila Engenho Nogueira
MG;3106200;Belo Horizonte;Vila Esplanada
MG;3106200;Belo Horizonte;Vila Formosa
MG;3106200;Belo Horizonte;Vila FUMEC
MG;3106200;Belo Horizonte;Vila Fumec
MG;3106200;Belo Horizonte;Vila Havaí
MG;3106200;Belo Horizonte;Vila Independencia 1ª Seção
MG;3106200;Belo Horizonte;Vila Independencia 2ª Seção
MG;3106200;Belo Horizonte;Vila independencia 3ª Seção
MG;3106200;Belo Horizonte;Vila Independência I
MG;3106200;Belo Horizonte;Vila Independência II
MG;3106200;Belo Horizonte;Vila Independência IV
MG;3106200;Belo Horizonte;Vila Inestan
MG;3106200;Belo Horizonte;Vila Ipiranga
MG;3106200;Belo Horizonte;Vila Jardim Alvorada
MG;3106200;Belo Horizonte;Vila Jardim Leblon
MG;3106200;Belo Horizonte;Vila Jardim Montanhes
MG;3106200;Belo Horizonte;Vila Jardim Montanhês
MG;3106200;Belo Horizonte;Vila Jardim São José
MG;3106200;Belo Horizonte;Vila Madre Gertrudes 1ª Seção
MG;3106200;Belo Horizonte;Vila Madre Gertrudes 2ª Seção
MG;3106200;Belo Horizonte;Vila Madre Gertrudes 3ª Seção
MG;3106200;Belo Horizonte;Vila Madre Gertrudes 4ª Seção
MG;3106200;Belo Horizonte;Vila Madre Gertrudes I
MG;3106200;Belo Horizonte;Vila Madre Gertrudes II
MG;3106200;Belo Horizonte;Vila Madre Gertrudes III
MG;3106200;Belo Horizonte;Vila Madre Gertrudes V
MG;3106200;Belo Horizonte;Vila Maloca
MG;3106200;Belo Horizonte;Vila Mangueiras
MG;3106200;Belo Horizonte;Vila Mantiqueira
MG;3106200;Belo Horizonte;Vila Maria
MG;3106200;Belo Horizonte;Vila Minaslandia
MG;3106200;Belo Horizonte;Vila Minaslândia
MG;3106200;Belo Horizonte;Vila Nossa Senhora Aparecida
MG;3106200;Belo Horizonte;Vila Nossa Senhora do Rosário
MG;3106200;Belo Horizonte;Vila Nova
MG;3106200;Belo Horizonte;Vila Nova Cachoeirinha 1ª Seção
MG;3106200;Belo Horizonte;Vila Nova Cachoeirinha 2ª Seção
MG;3106200;Belo Horizonte;Vila Nova Cachoeirinha 3ª Seção
MG;3106200;Belo Horizonte;Vila Nova Cachoeirinha I
MG;3106200;Belo Horizonte;Vila Nova Cachoeirinha II
MG;3106200;Belo Horizonte;Vila Nova Cachoeirinha IV
MG;3106200;Belo Horizonte;Vila Nova dos Milionários
MG;3106200;Belo Horizonte;Vila Nova dos Milionarios
MG;3106200;Belo Horizonte;Vila Nova Gameleira 1ª Seção
MG;3106200;Belo Horizonte;Vila Nova Gameleira 2ª Seção
MG;3106200;Belo Horizonte;Vila Nova Gameleira 3ª Seção
MG;3106200;Belo Horizonte;Vila Nova Gameleira I
MG;3106200;Belo Horizonte;Vila Nova Gameleira II
MG;3106200;Belo Horizonte;Vila Nova Gameleira III
MG;3106200;Belo Horizonte;Vila Nova Paraíso
MG;3106200;Belo Horizonte;Vila Novo São Lucas
MG;3106200;Belo Horizonte;Vila Oeste
MG;3106200;Belo Horizonte;Vila Olhos D'Água
MG;3106200;Belo Horizonte;Vila Ouro Minas
MG;3106200;Belo Horizonte;Vila Paquetá
MG;3106200;Belo Horizonte;Vila Paraíso
MG;3106200;Belo Horizonte;Vila Paris
MG;3106200;Belo Horizonte;Vila Petropolis
MG;3106200;Belo Horizonte;Vila Petrópolis
MG;3106200;Belo Horizonte;Vila Pilar
MG;3106200;Belo Horizonte;Vila Pinho
MG;3106200;Belo Horizonte;Vila Piratininga
MG;3106200;Belo Horizonte;Vila Piratininga A
MG;3106200;Belo Horizonte;Vila Piratininga Venda Nova
MG;3106200;Belo Horizonte;Vila Ponta Porã
MG;3106200;Belo Horizonte;Vila Primeiro de Maio
MG;3106200;Belo Horizonte;Vila PUC
MG;3106200;Belo Horizonte;Vila Puc
MG;3106200;Belo Horizonte;Vila Real 1ª Seção
MG;3106200;Belo Horizonte;Vila Real 2ª Seção
MG;3106200;Belo Horizonte;Vila Rica
MG;3106200;Belo Horizonte;Vila Santa Lúcia
MG;3106200;Belo Horizonte;Vila Santa Monica 1ª Seção
MG;3106200;Belo Horizonte;Vila Santa Monica 2ª Seção
MG;3106200;Belo Horizonte;Vila Santa Rosa
MG;3106200;Belo Horizonte;Vila Santo Antônio
MG;3106200;Belo Horizonte;Vila Santo Antônio Barroquinha
MG;3106200;Belo Horizonte;Vila São Dimas
MG;3106200;Belo Horizonte;Vila São Francisco
MG;3106200;Belo Horizonte;Vila São Gabriel
MG;3106200;Belo Horizonte;Vila São Gabriel Jacui
MG;3106200;Belo Horizonte;Vila São Geraldo
MG;3106200;Belo Horizonte;Vila São João Batista
MG;3106200;Belo Horizonte;Vila São Paulo
MG;3106200;Belo Horizonte;Vila São Rafael
MG;3106200;Belo Horizonte;Vila Satélite
MG;3106200;Belo Horizonte;Vila SESC
MG;3106200;Belo Horizonte;Vila Sumaré
MG;3106200;Belo Horizonte;Vila Suzana I
MG;3106200;Belo Horizonte;Vila Suzana II
MG;3106200;Belo Horizonte;Vila Suzana Primeira Seção
MG;3106200;Belo Horizonte;Vila Suzana Segunda Seção
MG;3106200;Belo Horizonte;Vila Tiradentes
MG;3106200;Belo Horizonte;Vila Tirol
MG;3106200;Belo Horizonte;Vila Trinta e Um de Março
MG;3106200;Belo Horizonte;Vila União
MG;3106200;Belo Horizonte;Vila Vera Cruz I
MG;3106200;Belo Horizonte;Vila Vera Cruz II
MG;3106200;Belo Horizonte;Vila Vista Alegre
MG;3106200;Belo Horizonte;Virgínia
MG;3106200;Belo Horizonte;Vista Alegre
MG;3106200;Belo Horizonte;Vista do Sol
MG;3106200;Belo Horizonte;Vitoria
MG;3106200;Belo Horizonte;Vitória
MG;3106200;Belo Horizonte;Vitória da Conquista
MG;3106200;Belo Horizonte;Vitoria da Conquista
MG;3106200;Belo Horizonte;Xangri-lá
MG;3106200;Belo Horizonte;Xodó-Marize
MG;3106200;Belo Horizonte;Xodo-Marize
MG;3106200;Belo Horizonte;Zilah Spósito
MG;3106200;Belo Horizonte;Zilah Sposito
MG;3106309;Belo Oriente;
MG;3106408;Belo Vale;
MG;3106507;Berilo;
MG;3106655;Berizal;
MG;3106606;Bertópolis;
MG;3106705;Betim;Açude
MG;3106705;Betim;Alto das Flores
MG;3106705;Betim;Alvorada
MG;3106705;Betim;Amarante
MG;3106705;Betim;Amazonas
MG;3106705;Betim;Angola
MG;3106705;Betim;Aroeiras
MG;3106705;Betim;Arquipélago Verde
MG;3106705;Betim;Bandeirinhas
MG;3106705;Betim;Betim Industrial
MG;3106705;Betim;Bodocó
MG;3106705;Betim;Bom Repouso
MG;3106705;Betim;Bom Retiro
MG;3106705;Betim;Brasiléia
MG;3106705;Betim;Brodoski
MG;3106705;Betim;C. H. Bueno Franco
MG;3106705;Betim;C. H. Dicalino Cabral
MG;3106705;Betim;C. H. José Gomes de Castro
MG;3106705;Betim;C.H. Homéro Gil
MG;3106705;Betim;Cachoeira
MG;3106705;Betim;Califórnia
MG;3106705;Betim;Campos Elíseos
MG;3106705;Betim;Capelinha
MG;3106705;Betim;Casa Amarela
MG;3106705;Betim;Centro
MG;3106705;Betim;Chácara
MG;3106705;Betim;Chácara Várzea das Flores
MG;3106705;Betim;Chácaras São Sebastião
MG;3106705;Betim;Charneca
MG;3106705;Betim;Cidade Verde
MG;3106705;Betim;Citrolândia
MG;3106705;Betim;Cruzeiro
MG;3106705;Betim;Cruzeiro do Sul
MG;3106705;Betim;D. I. Jardim Piemonte / Norte
MG;3106705;Betim;D. I. Jardim Piemonte / Sul
MG;3106705;Betim;D. I. Paulo Camilo / Norte
MG;3106705;Betim;D. I. Paulo Camilo / Sul
MG;3106705;Betim;D.I. Bandeirinhas
MG;3106705;Betim;Decamão
MG;3106705;Betim;Dom Bosco
MG;3106705;Betim;Duque de Caxias
MG;3106705;Betim;Espírito Santo
MG;3106705;Betim;Estância do Sereno PTB
MG;3106705;Betim;Estância do Sereno Sede
MG;3106705;Betim;Fazenda Liberatos
MG;3106705;Betim;Fazenda Paraíso
MG;3106705;Betim;Fazenda Serra
MG;3106705;Betim;Fazenda Serrinha
MG;3106705;Betim;Filadélfia
MG;3106705;Betim;Flores e Florestas
MG;3106705;Betim;Gentileza
MG;3106705;Betim;Granja Verde
MG;3106705;Betim;Guanabara
MG;3106705;Betim;Guarujá
MG;3106705;Betim;Guarujá Mansões
MG;3106705;Betim;Horto
MG;3106705;Betim;Icaivera / Parque do Cedro
MG;3106705;Betim;Imbiruçu
MG;3106705;Betim;Ingá
MG;3106705;Betim;Ingá Alto
MG;3106705;Betim;Itacolomi
MG;3106705;Betim;Jardim Alterosas 1 Seção
MG;3106705;Betim;Jardim Alterosas 2 Seção
MG;3106705;Betim;Jardim Alterosas Primeira Seção
MG;3106705;Betim;Jardim Alterosas Segunda Seção
MG;3106705;Betim;Jardim Brasília
MG;3106705;Betim;Jardim Casa Branca
MG;3106705;Betim;Jardim da Cidade
MG;3106705;Betim;Jardim Nazareno
MG;3106705;Betim;Jardim Terezópolis
MG;3106705;Betim;Laranjeiras
MG;3106705;Betim;Marimbá
MG;3106705;Betim;Marmeleiros
MG;3106705;Betim;Monte Verde
MG;3106705;Betim;Morada do Trevo
MG;3106705;Betim;Niterói
MG;3106705;Betim;Nova Baden
MG;3106705;Betim;Novo Horizonte
MG;3106705;Betim;Paquetá
MG;3106705;Betim;Parque das Acácias
MG;3106705;Betim;Parque das Acacias
MG;3106705;Betim;Parque das Indústrias
MG;3106705;Betim;Parque Industrial de Betim
MG;3106705;Betim;Parque Ipiranga
MG;3106705;Betim;Paulo Camilo
MG;3106705;Betim;Petrópolis
MG;3106705;Betim;Petrovale
MG;3106705;Betim;Pimentas
MG;3106705;Betim;Pingo D'Água
MG;3106705;Betim;Ponte Alta
MG;3106705;Betim;Presidente Kenedy
MG;3106705;Betim;Presidente Kennedy
MG;3106705;Betim;Quintas dos Godoy
MG;3106705;Betim;Recanto da Serra
MG;3106705;Betim;Renascer
MG;3106705;Betim;Residencial Lagoa
MG;3106705;Betim;Residencial Monserrat
MG;3106705;Betim;Residencial Montserrat
MG;3106705;Betim;Residencial Taquaril
MG;3106705;Betim;Riacho III
MG;3106705;Betim;Salomé
MG;3106705;Betim;Santa Cruz
MG;3106705;Betim;Santa Fé
MG;3106705;Betim;Santa Inês
MG;3106705;Betim;Santa Izabel
MG;3106705;Betim;Santa Lúcia
MG;3106705;Betim;Santo Afonso
MG;3106705;Betim;Santo Antônio
MG;3106705;Betim;São Caetano
MG;3106705;Betim;São Cristóvão
MG;3106705;Betim;São Cristovão
MG;3106705;Betim;São João
MG;3106705;Betim;São Jorge
MG;3106705;Betim;São José
MG;3106705;Betim;São Luis
MG;3106705;Betim;São Luiz
MG;3106705;Betim;São Marcos
MG;3106705;Betim;São Salvador
MG;3106705;Betim;São Sebastião
MG;3106705;Betim;Saraiva
MG;3106705;Betim;Senhora das Graças
MG;3106705;Betim;Senhora de Fátima
MG;3106705;Betim;Serra das Flores
MG;3106705;Betim;Tapera
MG;3106705;Betim;Teixeirinha
MG;3106705;Betim;Vale Verde
MG;3106705;Betim;Vargem das Flores / C. H. Jalila C. Pedrosa
MG;3106705;Betim;Vianópolis
MG;3106705;Betim;Vila Alpina
MG;3106705;Betim;Vila Boa Esperança
MG;3106705;Betim;Vila Cristina / C.H. Celso A. Pedra
MG;3106705;Betim;Vila das Flores
MG;3106705;Betim;Vila Esperança
MG;3106705;Betim;Vila Universal
MG;3106705;Betim;Vila Verde
MG;3106804;Bias Fortes;
MG;3106903;Bicas;Centro
MG;3106903;Bicas;Edgar Antônio Moreira
MG;3106903;Bicas;Gilson Lamha
MG;3106903;Bicas;Leopoldina
MG;3106903;Bicas;Retto Júnior
MG;3106903;Bicas;Santa Tereza
MG;3106903;Bicas;Santa Terezinha
MG;3106903;Bicas;Santana
MG;3106903;Bicas;Souza Mattos
MG;3106903;Bicas;Todos Santos
MG;3107000;Biquinhas;
MG;3107109;Boa Esperança;
MG;3107208;Bocaina de Minas;
MG;3107307;Bocaiúva;
MG;3107406;Bom Despacho;
MG;3107505;Bom Jardim de Minas;
MG;3107604;Bom Jesus da Penha;
MG;3107703;Bom Jesus do Amparo;
MG;3107802;Bom Jesus do Galho;
MG;3107901;Bom Repouso;
MG;3108008;Bom Sucesso;
MG;3108107;Bonfim;
MG;3108206;Bonfinópolis de Minas;
MG;3108255;Bonito de Minas;
MG;3108305;Borda da Mata;
MG;3108404;Botelhos;
MG;3108503;Botumirim;
MG;3108701;Brás Pires;
MG;3108552;Brasilândia de Minas;
MG;3108602;Brasília de Minas;
MG;3108800;Braúnas;
MG;3108909;Brazópolis;
MG;3109006;Brumadinho;
MG;3109105;Bueno Brandão;
MG;3109204;Buenópolis;
MG;3109253;Bugre;
MG;3109303;Buritis;
MG;3109402;Buritizeiro;
MG;3109451;Cabeceira Grande;
MG;3109501;Cabo Verde;
MG;3109600;Cachoeira da Prata;
MG;3109709;Cachoeira de Minas;
MG;3102704;Cachoeira de Pajeú;
MG;3109808;Cachoeira Dourada;
MG;3109907;Caetanópolis;
MG;3110004;Caeté;
MG;3110103;Caiana;
MG;3110202;Cajuri;
MG;3110301;Caldas;
MG;3110400;Camacho;
MG;3110509;Camanducaia;
MG;3110608;Cambuí;
MG;3110707;Cambuquira;
MG;3110806;Campanário;
MG;3110905;Campanha;
MG;3111002;Campestre;
MG;3111101;Campina Verde;Alvorada
MG;3111101;Campina Verde;Centro
MG;3111101;Campina Verde;Dona Ana
MG;3111101;Campina Verde;Gilma Teixeira
MG;3111101;Campina Verde;João Paulo II
MG;3111101;Campina Verde;Jovina de Oliveira
MG;3111101;Campina Verde;Medalha Milagrosa
MG;3111101;Campina Verde;Operário
MG;3111101;Campina Verde;Redenção
MG;3111101;Campina Verde;São Vicente
MG;3111101;Campina Verde;Sinhô Teixeira
MG;3111150;Campo Azul;
MG;3111200;Campo Belo;
MG;3111309;Campo do Meio;
MG;3111408;Campo Florido;
MG;3111507;Campos Altos;
MG;3111606;Campos Gerais;
MG;3111903;Cana Verde;
MG;3111705;Canaã;
MG;3111804;Canápolis;Altamira
MG;3111804;Canápolis;Balduíno
MG;3111804;Canápolis;Bela Vista
MG;3111804;Canápolis;Boa Esperança
MG;3111804;Canápolis;Centro
MG;3111804;Canápolis;Godói
MG;3111804;Canápolis;Ivete Guerreiro Daniel
MG;3111804;Canápolis;Jorge de Paula Gouveia
MG;3111804;Canápolis;Luiz Ângelo de Souza
MG;3112000;Candeias;
MG;3112059;Cantagalo;
MG;3112109;Caparaó;
MG;3112208;Capela Nova;
MG;3112307;Capelinha;
MG;3112406;Capetinga;
MG;3112505;Capim Branco;
MG;3112604;Capinópolis;
MG;3112653;Capitão Andrade;
MG;3112703;Capitão Enéas;
MG;3112802;Capitólio;
MG;3112901;Caputira;
MG;3113008;Caraí;
MG;3113107;Caranaíba;
MG;3113206;Carandaí;
MG;3113305;Carangola;Aeroporto
MG;3113305;Carangola;Amendoeira
MG;3113305;Carangola;Caixa D'Água
MG;3113305;Carangola;Centro
MG;3113305;Carangola;Chevrand
MG;3113305;Carangola;Coroado
MG;3113305;Carangola;Eldorado
MG;3113305;Carangola;Floresta
MG;3113305;Carangola;Novos Tempos
MG;3113305;Carangola;Ouro Verde
MG;3113305;Carangola;Panorama
MG;3113305;Carangola;Santa Emília
MG;3113305;Carangola;Santa Maria
MG;3113305;Carangola;Santo Onofre
MG;3113305;Carangola;Triângulo
MG;3113305;Carangola;Varginha
MG;3113404;Caratinga;Anapolis
MG;3113404;Caratinga;Anápolis
MG;3113404;Caratinga;Dário Grossi
MG;3113404;Caratinga;Dario Grossi
MG;3113404;Caratinga;Esperança
MG;3113404;Caratinga;Esplanada
MG;3113404;Caratinga;Limoeiro
MG;3113404;Caratinga;Nossa Senhora Aparecida
MG;3113404;Caratinga;Nossa Senhora das Graças
MG;3113404;Caratinga;Salatiel
MG;3113404;Caratinga;Santa Cruz
MG;3113404;Caratinga;Santa Zita
MG;3113404;Caratinga;Santo Antônio
MG;3113404;Caratinga;Zacarias Cimini
MG;3113503;Carbonita;
MG;3113602;Careaçu;
MG;3113701;Carlos Chagas;
MG;3113800;Carmésia;
MG;3113909;Carmo da Cachoeira;
MG;3114006;Carmo da Mata;
MG;3114105;Carmo de Minas;
MG;3114204;Carmo do Cajuru;
MG;3114303;Carmo do Paranaíba;Alto Niterói
MG;3114303;Carmo do Paranaíba;Alvorada
MG;3114303;Carmo do Paranaíba;Amazonas
MG;3114303;Carmo do Paranaíba;Bela Vista
MG;3114303;Carmo do Paranaíba;Boaventura Braz
MG;3114303;Carmo do Paranaíba;Central
MG;3114303;Carmo do Paranaíba;Jardim JB
MG;3114303;Carmo do Paranaíba;Juscelino Kubitschek (JK)
MG;3114303;Carmo do Paranaíba;Juscelino Kubitschek - JK
MG;3114303;Carmo do Paranaíba;Lagoinha
MG;3114303;Carmo do Paranaíba;Minas Gerais
MG;3114303;Carmo do Paranaíba;Morro Grande
MG;3114303;Carmo do Paranaíba;Niterói
MG;3114303;Carmo do Paranaíba;Paraíso
MG;3114303;Carmo do Paranaíba;Paraízo
MG;3114303;Carmo do Paranaíba;Paranaíba
MG;3114303;Carmo do Paranaíba;Parque Bela Vista
MG;3114303;Carmo do Paranaíba;Parque da Banheira
MG;3114303;Carmo do Paranaíba;Parque do Taboão
MG;3114303;Carmo do Paranaíba;Rosário
MG;3114303;Carmo do Paranaíba;Santa Cruz
MG;3114303;Carmo do Paranaíba;Village Veth
MG;3114402;Carmo do Rio Claro;
MG;3114501;Carmópolis de Minas;
MG;3114550;Carneirinho;
MG;3114600;Carrancas;
MG;3114709;Carvalhópolis;
MG;3114808;Carvalhos;
MG;3114907;Casa Grande;
MG;3115003;Cascalho Rico;
MG;3115102;Cássia;
MG;3115300;Cataguases;
MG;3115359;Catas Altas;
MG;3115409;Catas Altas da Noruega;
MG;3115458;Catuji;
MG;3115474;Catuti;
MG;3115508;Caxambu;
MG;3115607;Cedro do Abaeté;
MG;3115706;Central de Minas;
MG;3115805;Centralina;
MG;3115904;Chácara;
MG;3116001;Chalé;
MG;3116100;Chapada do Norte;
MG;3116159;Chapada Gaúcha;
MG;3116209;Chiador;
MG;3116308;Cipotânea;
MG;3116407;Claraval;
MG;3116506;Claro dos Poções;
MG;3116605;Cláudio;
MG;3116704;Coimbra;
MG;3116803;Coluna;
MG;3116902;Comendador Gomes;
MG;3117009;Comercinho;
MG;3117108;Conceição da Aparecida;
MG;3115201;Conceição da Barra de Minas;
MG;3117306;Conceição das Alagoas;Aziz Mansur
MG;3117306;Conceição das Alagoas;Centro
MG;3117306;Conceição das Alagoas;Conjunto Habitacional Antonio N. Miziara
MG;3117306;Conceição das Alagoas;Conjunto Habitacional Felipe Mansur
MG;3117306;Conceição das Alagoas;Conjunto Habitacional João Stacciarini
MG;3117306;Conceição das Alagoas;Conjunto Habitacional João Staciarini
MG;3117306;Conceição das Alagoas;Conjunto Habitacional Lidio Antunes Oliveira
MG;3117306;Conceição das Alagoas;D. Maruca
MG;3117306;Conceição das Alagoas;Jardim Acapulco
MG;3117306;Conceição das Alagoas;Jardim Aeroporto
MG;3117306;Conceição das Alagoas;Jardim Alto Sol
MG;3117306;Conceição das Alagoas;Jardim Alvorada
MG;3117306;Conceição das Alagoas;Jardim São Francisco de Assis
MG;3117306;Conceição das Alagoas;José Borges de Sene
MG;3117306;Conceição das Alagoas;Portal D'Leste
MG;3117306;Conceição das Alagoas;Residencial Jardins
MG;3117306;Conceição das Alagoas;Vila Santa Isabel
MG;3117306;Conceição das Alagoas;Vila Santo Amaro
MG;3117207;Conceição das Pedras;
MG;3117405;Conceição de Ipanema;
MG;3117504;Conceição do Mato Dentro;
MG;3117603;Conceição do Pará;
MG;3117702;Conceição do Rio Verde;
MG;3117801;Conceição dos Ouros;
MG;3117836;Cônego Marinho;
MG;3117876;Confins;
MG;3117900;Congonhal;
MG;3118007;Congonhas;
MG;3118106;Congonhas do Norte;
MG;3118205;Conquista;
MG;3118304;Conselheiro Lafaiete;
MG;3118403;Conselheiro Pena;
MG;3118502;Consolação;
MG;3118601;Contagem;
MG;3118700;Coqueiral;Arco-Íris
MG;3118700;Coqueiral;Bela Vista
MG;3118700;Coqueiral;Centro
MG;3118700;Coqueiral;Dona Fiota
MG;3118700;Coqueiral;Eldorado
MG;3118700;Coqueiral;Jardim Juliana
MG;3118700;Coqueiral;Lajinha
MG;3118700;Coqueiral;Lasmar
MG;3118700;Coqueiral;Trevo
MG;3118700;Coqueiral;Vila Sônia
MG;3118809;Coração de Jesus;
MG;3118908;Cordisburgo;
MG;3119005;Cordislândia;
MG;3119104;Corinto;
MG;3119203;Coroaci;
MG;3119302;Coromandel;Aeródromo
MG;3119302;Coromandel;Aeroporto
MG;3119302;Coromandel;Boa Esperança
MG;3119302;Coromandel;Brasil Novo
MG;3119302;Coromandel;Centro
MG;3119302;Coromandel;Dom Bosco
MG;3119302;Coromandel;Gameleira
MG;3119302;Coromandel;Industrial
MG;3119302;Coromandel;Mangabeiras
MG;3119302;Coromandel;Morada Nova
MG;3119302;Coromandel;Padre Lázaro Menezes
MG;3119302;Coromandel;Piteiras
MG;3119302;Coromandel;Sagrada Família
MG;3119302;Coromandel;Santa Maria
MG;3119302;Coromandel;São Domingos
MG;3119302;Coromandel;Taquaril
MG;3119302;Coromandel;Tomaz Machado
MG;3119302;Coromandel;União
MG;3119401;Coronel Fabriciano;Aldeia do Lago
MG;3119401;Coronel Fabriciano;Alipinho
MG;3119401;Coronel Fabriciano;Alto Geovannini
MG;3119401;Coronel Fabriciano;Alto Giovannini
MG;3119401;Coronel Fabriciano;Amaro Lanari
MG;3119401;Coronel Fabriciano;Aparecida do Norte
MG;3119401;Coronel Fabriciano;Area 1 de Transição urbano/rural
MG;3119401;Coronel Fabriciano;Area 2 de transição Urbana/rural
MG;3119401;Coronel Fabriciano;Bela Vista
MG;3119401;Coronel Fabriciano;Belvedere
MG;3119401;Coronel Fabriciano;Bom Jesus
MG;3119401;Coronel Fabriciano;Caladão
MG;3119401;Coronel Fabriciano;Caladinho
MG;3119401;Coronel Fabriciano;Centro
MG;3119401;Coronel Fabriciano;Chacara Ouro Verde
MG;3119401;Coronel Fabriciano;Chacreamento Caladinho
MG;3119401;Coronel Fabriciano;Contente
MG;3119401;Coronel Fabriciano;Córrego Alto
MG;3119401;Coronel Fabriciano;Distrito Industrial
MG;3119401;Coronel Fabriciano;Dos Professores
MG;3119401;Coronel Fabriciano;dos Professores
MG;3119401;Coronel Fabriciano;Florença
MG;3119401;Coronel Fabriciano;Floresta
MG;3119401;Coronel Fabriciano;Frederico Ozanan
MG;3119401;Coronel Fabriciano;Gávea
MG;3119401;Coronel Fabriciano;Geovannini
MG;3119401;Coronel Fabriciano;Giovannini
MG;3119401;Coronel Fabriciano;Jardim Primavera
MG;3119401;Coronel Fabriciano;José da Silva Brito
MG;3119401;Coronel Fabriciano;Judith Bhering
MG;3119401;Coronel Fabriciano;Julia Kubistchek
MG;3119401;Coronel Fabriciano;Julia Kubitschek
MG;3119401;Coronel Fabriciano;Lagoa da Mata
MG;3119401;Coronel Fabriciano;Mangueiras
MG;3119401;Coronel Fabriciano;Manoel Domingos
MG;3119401;Coronel Fabriciano;Manoel Maia
MG;3119401;Coronel Fabriciano;Maria Delfina Benevides
MG;3119401;Coronel Fabriciano;Melo Viana
MG;3119401;Coronel Fabriciano;Morada do vale
MG;3119401;Coronel Fabriciano;Nazaré
MG;3119401;Coronel Fabriciano;Nossa Senhora da Penha
MG;3119401;Coronel Fabriciano;Nossa Senhora do Carmo
MG;3119401;Coronel Fabriciano;Nova Tijuca
MG;3119401;Coronel Fabriciano;Olaria
MG;3119401;Coronel Fabriciano;Parque Industrial Novo Reno
MG;3119401;Coronel Fabriciano;Ponte Nova
MG;3119401;Coronel Fabriciano;Potyra
MG;3119401;Coronel Fabriciano;Recanto Verde
MG;3119401;Coronel Fabriciano;Residencial Fazendinha
MG;3119401;Coronel Fabriciano;Residencial Pedra linda
MG;3119401;Coronel Fabriciano;Residencial Pomar
MG;3119401;Coronel Fabriciano;Santa Cruz
MG;3119401;Coronel Fabriciano;Santa Helena
MG;3119401;Coronel Fabriciano;Santa Ines
MG;3119401;Coronel Fabriciano;Santa Inês
MG;3119401;Coronel Fabriciano;Santa Luzia
MG;3119401;Coronel Fabriciano;Santa Rita
MG;3119401;Coronel Fabriciano;Santa Terezinha
MG;3119401;Coronel Fabriciano;Santo Antonio
MG;3119401;Coronel Fabriciano;Santo Antônio
MG;3119401;Coronel Fabriciano;Santo Eloy
MG;3119401;Coronel Fabriciano;São Cristóvão
MG;3119401;Coronel Fabriciano;São Cristovão
MG;3119401;Coronel Fabriciano;São Domingos
MG;3119401;Coronel Fabriciano;São Geraldo
MG;3119401;Coronel Fabriciano;São Vicente de Paula
MG;3119401;Coronel Fabriciano;Silvio Pereira I
MG;3119401;Coronel Fabriciano;Silvio Pereira II
MG;3119401;Coronel Fabriciano;Surinan
MG;3119401;Coronel Fabriciano;Todos os Santos
MG;3119401;Coronel Fabriciano;Tranquilão
MG;3119401;Coronel Fabriciano;Universitário
MG;3119401;Coronel Fabriciano;Vila Bom Jesus
MG;3119401;Coronel Fabriciano;Vila Jacinto das Neves
MG;3119401;Coronel Fabriciano;Vila m. Linhares
MG;3119401;Coronel Fabriciano;Vila São Domingos
MG;3119401;Coronel Fabriciano;Vila São Francisco
MG;3119500;Coronel Murta;
MG;3119609;Coronel Pacheco;
MG;3119708;Coronel Xavier Chaves;
MG;3119807;Córrego Danta;
MG;3119906;Córrego do Bom Jesus;
MG;3119955;Córrego Fundo;
MG;3120003;Córrego Novo;
MG;3120102;Couto de Magalhães de Minas;
MG;3120151;Crisólita;
MG;3120201;Cristais;
MG;3120300;Cristália;
MG;3120409;Cristiano Otoni;
MG;3120508;Cristina;
MG;3120607;Crucilândia;Bela Vista
MG;3120607;Crucilândia;Centro
MG;3120607;Crucilândia;Cerrado
MG;3120607;Crucilândia;Córrego do Fubá
MG;3120607;Crucilândia;Nossa Senhora Aparecida
MG;3120607;Crucilândia;Santa Cruz
MG;3120607;Crucilândia;São Vicente de Paulo
MG;3120607;Crucilândia;Sol Vermelho
MG;3120607;Crucilândia;Soledade
MG;3120706;Cruzeiro da Fortaleza;
MG;3120805;Cruzília;
MG;3120839;Cuparaque;
MG;3120870;Curral de Dentro;
MG;3120904;Curvelo;
MG;3121001;Datas;
MG;3121100;Delfim Moreira;
MG;3121209;Delfinópolis;
MG;3121258;Delta;
MG;3121308;Descoberto;
MG;3121407;Desterro de Entre Rios;
MG;3121506;Desterro do Melo;
MG;3121605;Diamantina;
MG;3121704;Diogo de Vasconcelos;
MG;3121803;Dionísio;
MG;3121902;Divinésia;
MG;3122009;Divino;
MG;3122108;Divino das Laranjeiras;
MG;3122207;Divinolândia de Minas;
MG;3122306;Divinópolis;
MG;3122355;Divisa Alegre;
MG;3122405;Divisa Nova;
MG;3122454;Divisópolis;
MG;3122470;Dom Bosco;
MG;3122504;Dom Cavati;
MG;3122603;Dom Joaquim;
MG;3122702;Dom Silvério;
MG;3122801;Dom Viçoso;
MG;3122900;Dona Euzébia;
MG;3123007;Dores de Campos;
MG;3123106;Dores de Guanhães;
MG;3123205;Dores do Indaiá;
MG;3123304;Dores do Turvo;
MG;3123403;Doresópolis;
MG;3123502;Douradoquara;
MG;3123528;Durandé;
MG;3123601;Elói Mendes;
MG;3123700;Engenheiro Caldas;
MG;3123809;Engenheiro Navarro;
MG;3123858;Entre Folhas;
MG;3123908;Entre Rios de Minas;
MG;3124005;Ervália;
MG;3124104;Esmeraldas;
MG;3124203;Espera Feliz;
MG;3124302;Espinosa;
MG;3124401;Espírito Santo do Dourado;
MG;3124500;Estiva;
MG;3124609;Estrela Dalva;
MG;3124708;Estrela do Indaiá;
MG;3124807;Estrela do Sul;
MG;3124906;Eugenópolis;
MG;3125002;Ewbank da Câmara;
MG;3125101;Extrema;
MG;3125200;Fama;
MG;3125309;Faria Lemos;
MG;3125408;Felício dos Santos;
MG;3125606;Felisburgo;
MG;3125705;Felixlândia;
MG;3125804;Fernandes Tourinho;
MG;3125903;Ferros;
MG;3125952;Fervedouro;
MG;3126000;Florestal;
MG;3126109;Formiga;
MG;3126208;Formoso;
MG;3126307;Fortaleza de Minas;
MG;3126406;Fortuna de Minas;
MG;3126505;Francisco Badaró;
MG;3126604;Francisco Dumont;
MG;3126703;Francisco Sá;
MG;3126752;Franciscópolis;
MG;3126802;Frei Gaspar;
MG;3126901;Frei Inocêncio;Maria Cecília
MG;3126901;Frei Inocêncio;Pantanal
MG;3126950;Frei Lagonegro;
MG;3127008;Fronteira;
MG;3127057;Fronteira dos Vales;
MG;3127073;Fruta de Leite;
MG;3127107;Frutal;
MG;3127206;Funilândia;
MG;3127305;Galiléia;
MG;3127339;Gameleiras;
MG;3127354;Glaucilândia;
MG;3127370;Goiabeira;
MG;3127388;Goianá;
MG;3127404;Gonçalves;
MG;3127503;Gonzaga;
MG;3127602;Gouveia;
MG;3127701;Governador Valadares;Altinópolis
MG;3127701;Governador Valadares;Alto Esplanada
MG;3127701;Governador Valadares;Azteca
MG;3127701;Governador Valadares;Belvedere
MG;3127701;Governador Valadares;Capim
MG;3127701;Governador Valadares;Carapina
MG;3127701;Governador Valadares;Cardo
MG;3127701;Governador Valadares;Castanheiras
MG;3127701;Governador Valadares;Centro
MG;3127701;Governador Valadares;Chácara Boa Sorte
MG;3127701;Governador Valadares;Chácaras Braúnas
MG;3127701;Governador Valadares;Chácaras Canaã
MG;3127701;Governador Valadares;Chácaras Encosta do Sol
MG;3127701;Governador Valadares;Chácaras Recanto da Cachoeira
MG;3127701;Governador Valadares;Cidade Jardim
MG;3127701;Governador Valadares;Cidade Nova
MG;3127701;Governador Valadares;Conquista
MG;3127701;Governador Valadares;Distrito Industrial
MG;3127701;Governador Valadares;Elvamar
MG;3127701;Governador Valadares;Esperança
MG;3127701;Governador Valadares;Esplanada
MG;3127701;Governador Valadares;Esplanadinha
MG;3127701;Governador Valadares;Floresta
MG;3127701;Governador Valadares;Fraternidade
MG;3127701;Governador Valadares;Grã-Duquesa
MG;3127701;Governador Valadares;Ilha dos Araújos
MG;3127701;Governador Valadares;Jardim Alice
MG;3127701;Governador Valadares;Jardim Alvorada
MG;3127701;Governador Valadares;Jardim Atalaia
MG;3127701;Governador Valadares;Jardim do Trevo
MG;3127701;Governador Valadares;Jardim Ipê
MG;3127701;Governador Valadares;Jardim Pérola
MG;3127701;Governador Valadares;Jardim Primavera
MG;3127701;Governador Valadares;Jardim Vera Cruz
MG;3127701;Governador Valadares;Kennedy
MG;3127701;Governador Valadares;Lagoa Santa
MG;3127701;Governador Valadares;Lourdes
MG;3127701;Governador Valadares;Mãe de Deus
MG;3127701;Governador Valadares;Maria Eugênia
MG;3127701;Governador Valadares;Morada do Acampamento
MG;3127701;Governador Valadares;Morada do Vale
MG;3127701;Governador Valadares;Morro do Querosene
MG;3127701;Governador Valadares;Nossa Senhora das Graças
MG;3127701;Governador Valadares;Nova Vila Bretas
MG;3127701;Governador Valadares;Novo Horizonte
MG;3127701;Governador Valadares;Palmeiras
MG;3127701;Governador Valadares;Parque das Aroeiras
MG;3127701;Governador Valadares;Penha
MG;3127701;Governador Valadares;Planalto
MG;3127701;Governador Valadares;Recanto das Garças
MG;3127701;Governador Valadares;Residencial Figueiras
MG;3127701;Governador Valadares;Retiro dos Lagos
MG;3127701;Governador Valadares;Sagrada Família
MG;3127701;Governador Valadares;Santa Helena
MG;3127701;Governador Valadares;Santa Paula
MG;3127701;Governador Valadares;Santa Rita
MG;3127701;Governador Valadares;Santa Terezinha
MG;3127701;Governador Valadares;Santo Agostinho
MG;3127701;Governador Valadares;Santo Antônio
MG;3127701;Governador Valadares;Santos Dumont
MG;3127701;Governador Valadares;Santos Dumont II
MG;3127701;Governador Valadares;São Cristóvão
MG;3127701;Governador Valadares;São Geraldo
MG;3127701;Governador Valadares;São Paulo
MG;3127701;Governador Valadares;São Pedro
MG;3127701;Governador Valadares;São Raimundo
MG;3127701;Governador Valadares;São Tarcísio
MG;3127701;Governador Valadares;Sir
MG;3127701;Governador Valadares;Tiradentes
MG;3127701;Governador Valadares;Turmalina
MG;3127701;Governador Valadares;Universitário
MG;3127701;Governador Valadares;Vale do Sol
MG;3127701;Governador Valadares;Vale Pastoril
MG;3127701;Governador Valadares;Vale Verde
MG;3127701;Governador Valadares;Vila Bretas
MG;3127701;Governador Valadares;Vila do Sol
MG;3127701;Governador Valadares;Vila dos Montes
MG;3127701;Governador Valadares;Vila Isa
MG;3127701;Governador Valadares;Vila Mariana
MG;3127701;Governador Valadares;Vila Mariquita
MG;3127701;Governador Valadares;Vila Parque Ibituruna
MG;3127701;Governador Valadares;Vila Rica
MG;3127701;Governador Valadares;Village da Serra
MG;3127800;Grão Mogol;
MG;3127909;Grupiara;
MG;3128006;Guanhães;
MG;3128105;Guapé;
MG;3128204;Guaraciaba;
MG;3128253;Guaraciama;
MG;3128303;Guaranésia;
MG;3128402;Guarani;
MG;3128501;Guarará;
MG;3128600;Guarda-Mor;
MG;3128709;Guaxupé;
MG;3128808;Guidoval;
MG;3128907;Guimarânia;
MG;3129004;Guiricema;
MG;3129103;Gurinhatã;
MG;3129202;Heliodora;
MG;3129301;Iapu;
MG;3129400;Ibertioga;
MG;3129509;Ibiá;Bela Vista
MG;3129509;Ibiá;Centro
MG;3129509;Ibiá;Deolinda  Mendes
MG;3129509;Ibiá;Distrito Industrial
MG;3129509;Ibiá;Dona Maroca
MG;3129509;Ibiá;Gameleira
MG;3129509;Ibiá;Jardim
MG;3129509;Ibiá;Jardim Universitário
MG;3129509;Ibiá;Niterói
MG;3129509;Ibiá;Nossa Senhora de Fátima
MG;3129509;Ibiá;Nossa Senhora de Lourdes
MG;3129509;Ibiá;Risoleta Neves
MG;3129509;Ibiá;Rosamaria
MG;3129509;Ibiá;Santa Cruz
MG;3129509;Ibiá;São Benedito
MG;3129509;Ibiá;São Dimas
MG;3129509;Ibiá;São João
MG;3129509;Ibiá;Solar
MG;3129608;Ibiaí;
MG;3129657;Ibiracatu;
MG;3129707;Ibiraci;
MG;3129806;Ibirité;
MG;3129905;Ibitiúra de Minas;
MG;3130002;Ibituruna;
MG;3130051;Icaraí de Minas;
MG;3130101;Igarapé;
MG;3130200;Igaratinga;
MG;3130309;Iguatama;
MG;3130408;Ijaci;
MG;3130507;Ilicínea;
MG;3130556;Imbé de Minas;
MG;3130606;Inconfidentes;
MG;3130655;Indaiabira;
MG;3130705;Indianópolis;
MG;3130804;Ingaí;
MG;3130903;Inhapim;
MG;3131000;Inhaúma;
MG;3131109;Inimutaba;
MG;3131158;Ipaba;
MG;3131208;Ipanema;Monsenhor Antônio
MG;3131307;Ipatinga;Barra Alegre
MG;3131307;Ipatinga;Bela Vista
MG;3131307;Ipatinga;Bethânia
MG;3131307;Ipatinga;Bethania
MG;3131307;Ipatinga;Bom Jardim
MG;3131307;Ipatinga;Bom Retiro
MG;3131307;Ipatinga;Canaã
MG;3131307;Ipatinga;Caravelas
MG;3131307;Ipatinga;Cariru
MG;3131307;Ipatinga;Castelo
MG;3131307;Ipatinga;Centro
MG;3131307;Ipatinga;Chácaras Madalena
MG;3131307;Ipatinga;Chácaras Oliveira
MG;3131307;Ipatinga;Cidade Nobre
MG;3131307;Ipatinga;Córrego Novo
MG;3131307;Ipatinga;Das Águas
MG;3131307;Ipatinga;das Águas
MG;3131307;Ipatinga;Esperança
MG;3131307;Ipatinga;Ferroviários
MG;3131307;Ipatinga;Granjas Vaga-Lume
MG;3131307;Ipatinga;Horto
MG;3131307;Ipatinga;Ideal
MG;3131307;Ipatinga;Iguaçu
MG;3131307;Ipatinga;Imbaúbas
MG;3131307;Ipatinga;Industrial
MG;3131307;Ipatinga;Jardim Panorama
MG;3131307;Ipatinga;Limoeiro
MG;3131307;Ipatinga;Novo Cruzeiro
MG;3131307;Ipatinga;Parque Ipanema
MG;3131307;Ipatinga;Pedra Branca
MG;3131307;Ipatinga;Taubas
MG;3131307;Ipatinga;Taúbas
MG;3131307;Ipatinga;Usiminas
MG;3131307;Ipatinga;Usipa
MG;3131307;Ipatinga;Veneza
MG;3131307;Ipatinga;Vila Celeste
MG;3131307;Ipatinga;Vila Ipanema
MG;3131406;Ipiaçu;
MG;3131505;Ipuiúna;
MG;3131604;Iraí de Minas;
MG;3131703;Itabira;
MG;3131802;Itabirinha;
MG;3131901;Itabirito;Agostinho Rodrigues
MG;3131901;Itabirito;Bela Vista
MG;3131901;Itabirito;Boa Viagem
MG;3131901;Itabirito;Capanema
MG;3131901;Itabirito;Cardoso
MG;3131901;Itabirito;Centro
MG;3131901;Itabirito;Esperança
MG;3131901;Itabirito;Gutierrez
MG;3131901;Itabirito;Lourdes
MG;3131901;Itabirito;Matozinhos
MG;3131901;Itabirito;Monte Sinai
MG;3131901;Itabirito;Munu
MG;3131901;Itabirito;Nossa Senhora de Fátima
MG;3131901;Itabirito;Novo Itabirito
MG;3131901;Itabirito;Perobas
MG;3131901;Itabirito;Praia
MG;3131901;Itabirito;Santa Efigênia
MG;3131901;Itabirito;Santa Rita
MG;3131901;Itabirito;Santa Tereza
MG;3131901;Itabirito;Santo Antônio
MG;3131901;Itabirito;São Geraldo
MG;3131901;Itabirito;São José
MG;3131901;Itabirito;Saudade
MG;3131901;Itabirito;Tombadouro
MG;3131901;Itabirito;Vila Gonçalo
MG;3131901;Itabirito;Vila João Carolino
MG;3131901;Itabirito;Vila José Lopes
MG;3132008;Itacambira;
MG;3132107;Itacarambi;
MG;3132206;Itaguara;
MG;3132305;Itaipé;
MG;3132404;Itajubá;
MG;3132503;Itamarandiba;
MG;3132602;Itamarati de Minas;
MG;3132701;Itambacuri;
MG;3132800;Itambé do Mato Dentro;
MG;3132909;Itamogi;
MG;3133006;Itamonte;
MG;3133105;Itanhandu;
MG;3133204;Itanhomi;
MG;3133303;Itaobim;
MG;3133402;Itapagipe;
MG;3133501;Itapecerica;
MG;3133600;Itapeva;
MG;3133709;Itatiaiuçu;
MG;3133758;Itaú de Minas;
MG;3133808;Itaúna;Aeroporto
MG;3133808;Itaúna;Alaíta
MG;3133808;Itaúna;Antunes
MG;3133808;Itaúna;Belveder
MG;3133808;Itaúna;Centro
MG;3133808;Itaúna;Cerqueira Lima
MG;3133808;Itaúna;Chácara Quitão
MG;3133808;Itaúna;Cidade Leonane
MG;3133808;Itaúna;Cidade Leonani
MG;3133808;Itaúna;Cidade Nova
MG;3133808;Itaúna;Cidade Universitária
MG;3133808;Itaúna;Conjunto Habitacional Jadir Marinho de Faria
MG;3133808;Itaúna;Das Graças
MG;3133808;Itaúna;das Graças
MG;3133808;Itaúna;Eldorado
MG;3133808;Itaúna;Fazenda da Chácara
MG;3133808;Itaúna;Fazenda Morro do Engenho
MG;3133808;Itaúna;Garcias
MG;3133808;Itaúna;Irmãos Auler
MG;3133808;Itaúna;Itaunense
MG;3133808;Itaúna;Lourdes
MG;3133808;Itaúna;Morada Nova
MG;3133808;Itaúna;Nogueira Machado
MG;3133808;Itaúna;Nogueirinha
MG;3133808;Itaúna;Nova Vila Mozart
MG;3133808;Itaúna;Olaria
MG;3133808;Itaúna;Padre Eustáquio
MG;3133808;Itaúna;Parque Jardim Santanense
MG;3133808;Itaúna;Piedade
MG;3133808;Itaúna;Pio XII
MG;3133808;Itaúna;Residencial Morro do Sol
MG;3133808;Itaúna;Residencial Novo Horizonte
MG;3133808;Itaúna;Residencial Santanense
MG;3133808;Itaúna;Residencial São Geraldo
MG;3133808;Itaúna;Residencial Veredas
MG;3133808;Itaúna;Residencial Victor Gonçalves de Souza
MG;3133808;Itaúna;Santa Mônica
MG;3133808;Itaúna;Santanense
MG;3133808;Itaúna;Santo Antônio
MG;3133808;Itaúna;São Bento
MG;3133808;Itaúna;São Geraldo
MG;3133808;Itaúna;São Judas Tadeu
MG;3133808;Itaúna;Três Marias
MG;3133808;Itaúna;Tropical
MG;3133808;Itaúna;Universitário
MG;3133808;Itaúna;Vargem Verde
MG;3133808;Itaúna;Vila Augusto Chaves
MG;3133808;Itaúna;Vila Mozart
MG;3133808;Itaúna;Vila Nazaré
MG;3133808;Itaúna;Vila Nazaret
MG;3133808;Itaúna;Vila Santa Maria
MG;3133808;Itaúna;Vila Santiago
MG;3133808;Itaúna;Vila Tavares
MG;3133808;Itaúna;Vila Vilaça
MG;3133808;Itaúna;Vila Washington
MG;3133907;Itaverava;
MG;3134004;Itinga;
MG;3134103;Itueta;
MG;3134202;Ituiutaba;Alvorada
MG;3134202;Ituiutaba;Bela Vista
MG;3134202;Ituiutaba;Brasil
MG;3134202;Ituiutaba;Camargos
MG;3134202;Ituiutaba;Carvalho
MG;3134202;Ituiutaba;Central
MG;3134202;Ituiutaba;Centro
MG;3134202;Ituiutaba;Cidade Jardim
MG;3134202;Ituiutaba;Condomínio Residencial Buritis
MG;3134202;Ituiutaba;Cristina
MG;3134202;Ituiutaba;Distrito Industrial
MG;3134202;Ituiutaba;Elândia
MG;3134202;Ituiutaba;Gardênia
MG;3134202;Ituiutaba;Gerson Baduy I
MG;3134202;Ituiutaba;Gilca Vilela Cancella
MG;3134202;Ituiutaba;Guimarães
MG;3134202;Ituiutaba;Independência
MG;3134202;Ituiutaba;Ipiranga
MG;3134202;Ituiutaba;Jardim do Rosário
MG;3134202;Ituiutaba;Jardim Estados Unidos
MG;3134202;Ituiutaba;Jardim Europa
MG;3134202;Ituiutaba;Jardim Europa II
MG;3134202;Ituiutaba;Jardim Jamila
MG;3134202;Ituiutaba;Junqueira
MG;3134202;Ituiutaba;Lagoa Azul
MG;3134202;Ituiutaba;Lagoa Azul II
MG;3134202;Ituiutaba;Marcondes Bernardes Ferreira
MG;3134202;Ituiutaba;Maria Vilela
MG;3134202;Ituiutaba;Marta Helena
MG;3134202;Ituiutaba;Mirim
MG;3134202;Ituiutaba;Morada do Sol
MG;3134202;Ituiutaba;Natal
MG;3134202;Ituiutaba;Nossa Senhora Aparecida
MG;3134202;Ituiutaba;Nova Ituiutaba I
MG;3134202;Ituiutaba;Novo Horizonte
MG;3134202;Ituiutaba;Novo Mundo
MG;3134202;Ituiutaba;Novo Tempo I
MG;3134202;Ituiutaba;Novo Tempo II
MG;3134202;Ituiutaba;Paranaíba
MG;3134202;Ituiutaba;Pirapitinga
MG;3134202;Ituiutaba;Platina
MG;3134202;Ituiutaba;Progresso
MG;3134202;Ituiutaba;Residencial Canaã
MG;3134202;Ituiutaba;Residencial Drummond
MG;3134202;Ituiutaba;Residencial Eldorado
MG;3134202;Ituiutaba;Residencial Ituiutaba
MG;3134202;Ituiutaba;Residencial Jardim Copacabana
MG;3134202;Ituiutaba;Residencial Monte Verde
MG;3134202;Ituiutaba;Residencial Nadime Derze
MG;3134202;Ituiutaba;Residencial Portal dos Ipês
MG;3134202;Ituiutaba;Residencial Primavera
MG;3134202;Ituiutaba;Residencial Santa Edwiges
MG;3134202;Ituiutaba;Ribeiro
MG;3134202;Ituiutaba;Santa Maria
MG;3134202;Ituiutaba;Santo Antônio
MG;3134202;Ituiutaba;São José
MG;3134202;Ituiutaba;Satélite Andradina
MG;3134202;Ituiutaba;Setor Norte
MG;3134202;Ituiutaba;Setor Norte Industrial
MG;3134202;Ituiutaba;Setor Sul
MG;3134202;Ituiutaba;Sol Nascente
MG;3134202;Ituiutaba;Tiradentes
MG;3134202;Ituiutaba;Tupã
MG;3134202;Ituiutaba;Universitário
MG;3134202;Ituiutaba;Vila Esperança
MG;3134202;Ituiutaba;Vila Hélio
MG;3134301;Itumirim;
MG;3134400;Iturama;
MG;3134509;Itutinga;
MG;3134608;Jaboticatubas;
MG;3134707;Jacinto;
MG;3134806;Jacuí;
MG;3134905;Jacutinga;
MG;3135001;Jaguaraçu;
MG;3135050;Jaíba;
MG;3135076;Jampruca;
MG;3135100;Janaúba;
MG;3135209;Januária;
MG;3135308;Japaraíba;
MG;3135357;Japonvar;
MG;3135407;Jeceaba;
MG;3135456;Jenipapo de Minas;
MG;3135506;Jequeri;
MG;3135605;Jequitaí;
MG;3135704;Jequitibá;
MG;3135803;Jequitinhonha;Alvorada
MG;3135803;Jequitinhonha;Santa Luzia
MG;3135902;Jesuânia;
MG;3136009;Joaíma;
MG;3136108;Joanésia;
MG;3136207;João Monlevade;
MG;3136306;João Pinheiro;
MG;3136405;Joaquim Felício;
MG;3136504;Jordânia;
MG;3136520;José Gonçalves de Minas;
MG;3136553;José Raydan;
MG;3136579;Josenópolis;
MG;3136652;Juatuba;
MG;3136702;Juiz de Fora;Aeroporto
MG;3136702;Juiz de Fora;Alto dos Passos
MG;3136702;Juiz de Fora;Bairu
MG;3136702;Juiz de Fora;Barão do Retiro
MG;3136702;Juiz de Fora;Barbosa Lage
MG;3136702;Juiz de Fora;Barreira do Triunfo
MG;3136702;Juiz de Fora;Benfica
MG;3136702;Juiz de Fora;Boa Vista
MG;3136702;Juiz de Fora;Bom Pastor
MG;3136702;Juiz de Fora;Bomba de Fogo
MG;3136702;Juiz de Fora;Bonfim
MG;3136702;Juiz de Fora;Borboleta
MG;3136702;Juiz de Fora;Botanagua
MG;3136702;Juiz de Fora;Botanágua
MG;3136702;Juiz de Fora;Carlos Chagas
MG;3136702;Juiz de Fora;Cascatinha
MG;3136702;Juiz de Fora;Centenário
MG;3136702;Juiz de Fora;Centro
MG;3136702;Juiz de Fora;Cerâmica
MG;3136702;Juiz de Fora;Cesário Alvim
MG;3136702;Juiz de Fora;Costa Carvalho
MG;3136702;Juiz de Fora;Cruzeiro de Santo Antônio
MG;3136702;Juiz de Fora;Dom Bosco
MG;3136702;Juiz de Fora;Eldorado
MG;3136702;Juiz de Fora;Esplanada
MG;3136702;Juiz de Fora;Fábrica
MG;3136702;Juiz de Fora;Floresta
MG;3136702;Juiz de Fora;Francisco Bernardino
MG;3136702;Juiz de Fora;Grajaú
MG;3136702;Juiz de Fora;Grambery
MG;3136702;Juiz de Fora;Graminha
MG;3136702;Juiz de Fora;Granbery
MG;3136702;Juiz de Fora;Granjas Bethânia
MG;3136702;Juiz de Fora;Granjas Bethania
MG;3136702;Juiz de Fora;Industrial
MG;3136702;Juiz de Fora;Ipiranga
MG;3136702;Juiz de Fora;Jardim Bom Clima
MG;3136702;Juiz de Fora;Jardim Bonclima
MG;3136702;Juiz de Fora;Jardim Glória
MG;3136702;Juiz de Fora;Jardim Natal
MG;3136702;Juiz de Fora;Jardim Paineiras
MG;3136702;Juiz de Fora;Jardim Santa Helena
MG;3136702;Juiz de Fora;Jóckei Club
MG;3136702;Juiz de Fora;Jóckey Club
MG;3136702;Juiz de Fora;Linhares
MG;3136702;Juiz de Fora;Manoel Honório
MG;3136702;Juiz de Fora;Mariano Procópio
MG;3136702;Juiz de Fora;Martelos
MG;3136702;Juiz de Fora;Meggliolário
MG;3136702;Juiz de Fora;Monte Castelo
MG;3136702;Juiz de Fora;Morro da Glória
MG;3136702;Juiz de Fora;Morro do Imperador
MG;3136702;Juiz de Fora;Muçunge da Grama
MG;3136702;Juiz de Fora;Mundo Novo
MG;3136702;Juiz de Fora;Nossa Senhora de Lourdes
MG;3136702;Juiz de Fora;Nova Califórnia
MG;3136702;Juiz de Fora;Nova Era
MG;3136702;Juiz de Fora;Novo Horizonte
MG;3136702;Juiz de Fora;Ozanan
MG;3136702;Juiz de Fora;Poço Rico
MG;3136702;Juiz de Fora;Progresso
MG;3136702;Juiz de Fora;Remonta
MG;3136702;Juiz de Fora;Reprêsa
MG;3136702;Juiz de Fora;Represa
MG;3136702;Juiz de Fora;Sagrado Coração de Jesus
MG;3136702;Juiz de Fora;Salvaterra
MG;3136702;Juiz de Fora;Santa Catarina
MG;3136702;Juiz de Fora;Santa Cecília
MG;3136702;Juiz de Fora;Santa Cruz
MG;3136702;Juiz de Fora;Santa Efigênia
MG;3136702;Juiz de Fora;Santa Luzia
MG;3136702;Juiz de Fora;Santa Rita de Cássia
MG;3136702;Juiz de Fora;Santa Terezinha
MG;3136702;Juiz de Fora;Santo Antônio do Paraibuna
MG;3136702;Juiz de Fora;São Benedito
MG;3136702;Juiz de Fora;São Bernardo
MG;3136702;Juiz de Fora;São Dimas
MG;3136702;Juiz de Fora;São Geraldo
MG;3136702;Juiz de Fora;São Mateus
MG;3136702;Juiz de Fora;São Pedro
MG;3136702;Juiz de Fora;Teixeiras
MG;3136702;Juiz de Fora;Vale do Ipê
MG;3136702;Juiz de Fora;Vale dos Bandeirantes
MG;3136702;Juiz de Fora;Vila Furtado de Menezes
MG;3136702;Juiz de Fora;Vila Ideal
MG;3136702;Juiz de Fora;Vila Olavo Costa
MG;3136702;Juiz de Fora;Vitorino Braga
MG;3136801;Juramento;
MG;3136900;Juruaia;
MG;3136959;Juvenília;
MG;3137007;Ladainha;
MG;3137106;Lagamar;
MG;3137205;Lagoa da Prata;
MG;3137304;Lagoa dos Patos;
MG;3137403;Lagoa Dourada;
MG;3137502;Lagoa Formosa;
MG;3137536;Lagoa Grande;
MG;3137601;Lagoa Santa;
MG;3137700;Lajinha;
MG;3137809;Lambari;
MG;3137908;Lamim;
MG;3138005;Laranjal;
MG;3138104;Lassance;
MG;3138203;Lavras;
MG;3138302;Leandro Ferreira;
MG;3138351;Leme do Prado;
MG;3138401;Leopoldina;
MG;3138500;Liberdade;
MG;3138609;Lima Duarte;
MG;3138625;Limeira do Oeste;
MG;3138658;Lontra;
MG;3138674;Luisburgo;
MG;3138682;Luislândia;
MG;3138708;Luminárias;
MG;3138807;Luz;
MG;3138906;Machacalis;
MG;3139003;Machado;
MG;3139102;Madre de Deus de Minas;
MG;3139201;Malacacheta;
MG;3139250;Mamonas;
MG;3139300;Manga;
MG;3139409;Manhuaçu;Pinheiro
MG;3139508;Manhumirim;
MG;3139607;Mantena;
MG;3139805;Mar de Espanha;Jardim Guanabara
MG;3139706;Maravilhas;
MG;3139904;Maria da Fé;
MG;3140001;Mariana;
MG;3140100;Marilac;
MG;3140159;Mário Campos;
MG;3140209;Maripá de Minas;
MG;3140308;Marliéria;
MG;3140407;Marmelópolis;
MG;3140506;Martinho Campos;
MG;3140530;Martins Soares;
MG;3140555;Mata Verde;
MG;3140605;Materlândia;
MG;3140704;Mateus Leme;
MG;3171501;Mathias Lobato;Bela Vista
MG;3140803;Matias Barbosa;
MG;3140852;Matias Cardoso;
MG;3140902;Matipó;
MG;3141009;Mato Verde;
MG;3141108;Matozinhos;
MG;3141207;Matutina;Alto do Rosário
MG;3141207;Matutina;Centro
MG;3141207;Matutina;Cristo Redentor
MG;3141207;Matutina;Estiva
MG;3141207;Matutina;Grama
MG;3141207;Matutina;Madre Paulina
MG;3141207;Matutina;Novo Horizonte
MG;3141207;Matutina;São José
MG;3141306;Medeiros;
MG;3141405;Medina;
MG;3141504;Mendes Pimentel;
MG;3141603;Mercês;
MG;3141702;Mesquita;
MG;3141801;Minas Novas;
MG;3141900;Minduri;
MG;3142007;Mirabela;
MG;3142106;Miradouro;
MG;3142205;Miraí;
MG;3142254;Miravânia;
MG;3142304;Moeda;
MG;3142403;Moema;
MG;3142502;Monjolos;
MG;3142601;Monsenhor Paulo;
MG;3142700;Montalvânia;
MG;3142809;Monte Alegre de Minas;Bela Vista
MG;3142809;Monte Alegre de Minas;Chapada
MG;3142809;Monte Alegre de Minas;Flamengo
MG;3142809;Monte Alegre de Minas;Industrial
MG;3142809;Monte Alegre de Minas;Paloma
MG;3142809;Monte Alegre de Minas;Petrópolis
MG;3142809;Monte Alegre de Minas;Prudente
MG;3142809;Monte Alegre de Minas;Rancho Alegre
MG;3142809;Monte Alegre de Minas;Santa Maria
MG;3142809;Monte Alegre de Minas;Santo Antônio
MG;3142908;Monte Azul;
MG;3143005;Monte Belo;
MG;3143104;Monte Carmelo;
MG;3143153;Monte Formoso;
MG;3143203;Monte Santo de Minas;
MG;3143401;Monte Sião;
MG;3143302;Montes Claros;
MG;3143450;Montezuma;
MG;3143500;Morada Nova de Minas;
MG;3143609;Morro da Garça;
MG;3143708;Morro do Pilar;
MG;3143807;Munhoz;
MG;3143906;Muriaé;
MG;3144003;Mutum;
MG;3144102;Muzambinho;
MG;3144201;Nacip Raydan;
MG;3144300;Nanuque;Centro
MG;3144300;Nanuque;Cruzeiro
MG;3144300;Nanuque;Feirinha
MG;3144300;Nanuque;Getúlio Vargas
MG;3144300;Nanuque;Israel Pinheiro
MG;3144300;Nanuque;Laticínios
MG;3144300;Nanuque;Nak Nuk
MG;3144300;Nanuque;Nossa Senhora de Fátima
MG;3144300;Nanuque;Pedra Negra
MG;3144300;Nanuque;Romilda Ruas
MG;3144300;Nanuque;São Geraldo
MG;3144300;Nanuque;Sete de Setembro
MG;3144300;Nanuque;Stella Matutina
MG;3144300;Nanuque;Vila Esperança
MG;3144300;Nanuque;Vila Nova
MG;3144300;Nanuque;Vila Operária
MG;3144300;Nanuque;Zarur
MG;3144359;Naque;
MG;3144375;Natalândia;
MG;3144409;Natércia;Cachoeirinha
MG;3144409;Natércia;Chapada
MG;3144409;Natércia;Santa Catarina
MG;3144409;Natércia;São João
MG;3144508;Nazareno;
MG;3144607;Nepomuceno;
MG;3144656;Ninheira;
MG;3144672;Nova Belém;
MG;3144706;Nova Era;Aleixo
MG;3144706;Nova Era;Armazém
MG;3144706;Nova Era;Aroeiras
MG;3144706;Nova Era;Baixada do Pimenta
MG;3144706;Nova Era;Capelinha
MG;3144706;Nova Era;Castelo
MG;3144706;Nova Era;Centenário
MG;3144706;Nova Era;Centro
MG;3144706;Nova Era;Colina
MG;3144706;Nova Era;Córrego das Pedras
MG;3144706;Nova Era;Desembargador Drummond
MG;3144706;Nova Era;Distrito Industrial
MG;3144706;Nova Era;Estação
MG;3144706;Nova Era;Fátima
MG;3144706;Nova Era;Graças
MG;3144706;Nova Era;Jardins das Acácias
MG;3144706;Nova Era;Manjahy
MG;3144706;Nova Era;Morada dos Heróis
MG;3144706;Nova Era;Morro do Pau d' Óleo
MG;3144706;Nova Era;Pedra Furada
MG;3144706;Nova Era;Praia Grande
MG;3144706;Nova Era;Santa Maria
MG;3144706;Nova Era;Santana
MG;3144706;Nova Era;Sao José
MG;3144706;Nova Era;Serra
MG;3144805;Nova Lima;
MG;3144904;Nova Módica;
MG;3145000;Nova Ponte;Centro
MG;3145000;Nova Ponte;Industrial
MG;3145000;Nova Ponte;Rosário
MG;3145000;Nova Ponte;São Francisco
MG;3145000;Nova Ponte;São João
MG;3145000;Nova Ponte;São Sebastião
MG;3145059;Nova Porteirinha;
MG;3145109;Nova Resende;
MG;3145208;Nova Serrana;
MG;3136603;Nova União;
MG;3145307;Novo Cruzeiro;
MG;3145356;Novo Oriente de Minas;
MG;3145372;Novorizonte;
MG;3145406;Olaria;
MG;3145455;Olhos-d'Água;
MG;3145505;Olímpio Noronha;
MG;3145604;Oliveira;
MG;3145703;Oliveira Fortes;
MG;3145802;Onça de Pitangui;
MG;3145851;Oratórios;
MG;3145877;Orizânia;
MG;3145901;Ouro Branco;
MG;3146008;Ouro Fino;
MG;3146107;Ouro Preto;
MG;3146206;Ouro Verde de Minas;
MG;3146255;Padre Carvalho;
MG;3146305;Padre Paraíso;
MG;3146552;Pai Pedro;
MG;3146404;Paineiras;
MG;3146503;Pains;Alvorada
MG;3146503;Pains;Bela Vista
MG;3146503;Pains;Centro
MG;3146503;Pains;Dona Ziza
MG;3146503;Pains;Dos Araújos
MG;3146503;Pains;Emidinho
MG;3146503;Pains;Lindolfo Teodoro
MG;3146503;Pains;Lindolfo Veloso
MG;3146503;Pains;Nova Brasília
MG;3146503;Pains;Serraria
MG;3146503;Pains;Várzea
MG;3146503;Pains;Vila Crispim
MG;3146602;Paiva;
MG;3146701;Palma;
MG;3146750;Palmópolis;
MG;3146909;Papagaios;
MG;3147105;Pará de Minas;
MG;3147006;Paracatu;
MG;3147204;Paraguaçu;
MG;3147303;Paraisópolis;
MG;3147402;Paraopeba;
MG;3147600;Passa Quatro;
MG;3147709;Passa Tempo;
MG;3147808;Passa Vinte;
MG;3147501;Passabém;
MG;3147907;Passos;Aclimação
MG;3147907;Passos;Aeroporto
MG;3147907;Passos;Bela Vista
MG;3147907;Passos;Belo Horizonte
MG;3147907;Passos;Califórnia
MG;3147907;Passos;Canjeranus
MG;3147907;Passos;Centro
MG;3147907;Passos;Cohab
MG;3147907;Passos;Coimbras
MG;3147907;Passos;Jardim Colégio de Passos
MG;3147907;Passos;João Paulo II
MG;3147907;Passos;Muarama
MG;3147907;Passos;Nossa Senhora Aparecida
MG;3147907;Passos;Nossa Senhora das Graças
MG;3147907;Passos;Penha
MG;3147907;Passos;Polivalente
MG;3147907;Passos;Santa Casa
MG;3147907;Passos;Santa Luzia
MG;3147907;Passos;São Benedito
MG;3147907;Passos;São Francisco
MG;3147907;Passos;Universitário
MG;3147907;Passos;Vila Rica
MG;3147907;Passos;Vila São José
MG;3147956;Patis;
MG;3148004;Patos de Minas;Abner Afonso
MG;3148004;Patos de Minas;Alto da Colina
MG;3148004;Patos de Minas;Alto do Limoeiro
MG;3148004;Patos de Minas;Alto dos Caiçaras
MG;3148004;Patos de Minas;Alvorada
MG;3148004;Patos de Minas;Antônio Caixeta
MG;3148004;Patos de Minas;Aurélio Caixeta
MG;3148004;Patos de Minas;Bela Vista
MG;3148004;Patos de Minas;Belvedere
MG;3148004;Patos de Minas;Boa Vista
MG;3148004;Patos de Minas;Brasil
MG;3148004;Patos de Minas;Brasília
MG;3148004;Patos de Minas;Caiçaras
MG;3148004;Patos de Minas;Caramuru
MG;3148004;Patos de Minas;Centro
MG;3148004;Patos de Minas;Cerrado
MG;3148004;Patos de Minas;Cidade Jardim
MG;3148004;Patos de Minas;Cidade Nova
MG;3148004;Patos de Minas;Cónego Getúlio
MG;3148004;Patos de Minas;Copacabana
MG;3148004;Patos de Minas;Coração Eucarístico
MG;3148004;Patos de Minas;Cristo Redentor
MG;3148004;Patos de Minas;Distrito Industrial I
MG;3148004;Patos de Minas;Distrito Industrial II
MG;3148004;Patos de Minas;Eldorado
MG;3148004;Patos de Minas;Guanabara
MG;3148004;Patos de Minas;Ipanema
MG;3148004;Patos de Minas;Jardim América
MG;3148004;Patos de Minas;Jardim Aquárius
MG;3148004;Patos de Minas;Jardim Califórnia
MG;3148004;Patos de Minas;Jardim Centro
MG;3148004;Patos de Minas;Jardim Céu Azul
MG;3148004;Patos de Minas;Jardim dos Andrades
MG;3148004;Patos de Minas;Jardim Esperança
MG;3148004;Patos de Minas;Jardim Floresta
MG;3148004;Patos de Minas;Jardim Itamarati
MG;3148004;Patos de Minas;Jardim Panorâmico
MG;3148004;Patos de Minas;Jardim Paraíso
MG;3148004;Patos de Minas;Jardim Paulistano
MG;3148004;Patos de Minas;Jardim Peluzzo
MG;3148004;Patos de Minas;Jardim Recanto
MG;3148004;Patos de Minas;Lagoa Grande
MG;3148004;Patos de Minas;Lagoinha
MG;3148004;Patos de Minas;Morada do Sol
MG;3148004;Patos de Minas;Nossa Senhora Aparecida
MG;3148004;Patos de Minas;Nossa Senhora das Graças
MG;3148004;Patos de Minas;Nossa Senhora de Fátima
MG;3148004;Patos de Minas;Nova Floresta
MG;3148004;Patos de Minas;Novo Horizonte
MG;3148004;Patos de Minas;Padre Eustáquio
MG;3148004;Patos de Minas;Paranaíba
MG;3148004;Patos de Minas;Planalto
MG;3148004;Patos de Minas;Queiroz de Melo
MG;3148004;Patos de Minas;Residencial Barreiro
MG;3148004;Patos de Minas;Residencial Gramado
MG;3148004;Patos de Minas;Residencial Monjolo
MG;3148004;Patos de Minas;Residencial Sorriso
MG;3148004;Patos de Minas;Rosário
MG;3148004;Patos de Minas;Santa Luzia
MG;3148004;Patos de Minas;Santa Terezinha
MG;3148004;Patos de Minas;Santo Antônio
MG;3148004;Patos de Minas;São Francisco
MG;3148004;Patos de Minas;São José Operário
MG;3148004;Patos de Minas;Sebastião Amorim
MG;3148004;Patos de Minas;Sobradinho
MG;3148004;Patos de Minas;Valparaíso
MG;3148004;Patos de Minas;Várzea
MG;3148004;Patos de Minas;Vila Garcia
MG;3148004;Patos de Minas;Vila Rosa
MG;3148103;Patrocínio;Aeroporto
MG;3148103;Patrocínio;Afrânio Amaral
MG;3148103;Patrocínio;Amir Amaral
MG;3148103;Patrocínio;Boa Esperança
MG;3148103;Patrocínio;Carajás
MG;3148103;Patrocínio;Centro
MG;3148103;Patrocínio;Cidade Jardim
MG;3148103;Patrocínio;Congonhas
MG;3148103;Patrocínio;Constantino
MG;3148103;Patrocínio;Cruzeiro da Serra
MG;3148103;Patrocínio;Dona Diva
MG;3148103;Patrocínio;Eneias Ferreira de Aguiar
MG;3148103;Patrocínio;Industrial
MG;3148103;Patrocínio;Jardim Eldorado
MG;3148103;Patrocínio;Manuel Nunes
MG;3148103;Patrocínio;Marciano Brandão
MG;3148103;Patrocínio;Matinha
MG;3148103;Patrocínio;Morada do Sol
MG;3148103;Patrocínio;Morada Nova
MG;3148103;Patrocínio;Nações
MG;3148103;Patrocínio;Nossa Senhora de Fátima
MG;3148103;Patrocínio;Olímpio Nunes
MG;3148103;Patrocínio;Ouro Preto
MG;3148103;Patrocínio;Santa Terezinha
MG;3148103;Patrocínio;Santo Antônio
MG;3148103;Patrocínio;São Benedito
MG;3148103;Patrocínio;São Cristóvão
MG;3148103;Patrocínio;São Francisco
MG;3148103;Patrocínio;São Judas Tadeu
MG;3148103;Patrocínio;São Lucas
MG;3148103;Patrocínio;São Vicente
MG;3148103;Patrocínio;Serra Negra
MG;3148202;Patrocínio do Muriaé;
MG;3148301;Paula Cândido;
MG;3148400;Paulistas;
MG;3148509;Pavão;
MG;3148608;Peçanha;Alvorada
MG;3148608;Peçanha;Bomba
MG;3148608;Peçanha;Cachoeirinha
MG;3148608;Peçanha;Centro
MG;3148608;Peçanha;Engenho Novo
MG;3148608;Peçanha;Nova Alvorada
MG;3148608;Peçanha;Sagrado Coração de Jesus
MG;3148608;Peçanha;Taquaral
MG;3148707;Pedra Azul;
MG;3148756;Pedra Bonita;
MG;3148806;Pedra do Anta;
MG;3148905;Pedra do Indaiá;
MG;3149002;Pedra Dourada;
MG;3149101;Pedralva;
MG;3149150;Pedras de Maria da Cruz;
MG;3149200;Pedrinópolis;
MG;3149309;Pedro Leopoldo;
MG;3149408;Pedro Teixeira;
MG;3149507;Pequeri;
MG;3149606;Pequi;
MG;3149705;Perdigão;
MG;3149804;Perdizes;
MG;3149903;Perdões;
MG;3149952;Periquito;
MG;3150000;Pescador;
MG;3150109;Piau;
MG;3150158;Piedade de Caratinga;
MG;3150208;Piedade de Ponte Nova;
MG;3150307;Piedade do Rio Grande;
MG;3150406;Piedade dos Gerais;
MG;3150505;Pimenta;
MG;3150539;Pingo-d'Água;
MG;3150570;Pintópolis;
MG;3150604;Piracema;
MG;3150703;Pirajuba;
MG;3150802;Piranga;
MG;3150901;Piranguçu;
MG;3151008;Piranguinho;
MG;3151107;Pirapetinga;
MG;3151206;Pirapora;Arístides Stokler Azevedo
MG;3151206;Pirapora;Bom Jesus
MG;3151206;Pirapora;Centro
MG;3151206;Pirapora;Chácaras Muniz
MG;3151206;Pirapora;Cícero Passos
MG;3151206;Pirapora;Cidade Jardim
MG;3151206;Pirapora;Cidade Jardim Mansões
MG;3151206;Pirapora;Cinquentenário
MG;3151206;Pirapora;Conjunto Habitacional João Guimarães
MG;3151206;Pirapora;Distrito Industrial
MG;3151206;Pirapora;Industrial
MG;3151206;Pirapora;Itacolomy
MG;3151206;Pirapora;Loteamento Primavera
MG;3151206;Pirapora;Nossa Senhora Aparecida
MG;3151206;Pirapora;Nossa Senhora de Fátima
MG;3151206;Pirapora;Nossa Senhora do Rosário
MG;3151206;Pirapora;Nova Pirapora
MG;3151206;Pirapora;Pernambuco
MG;3151206;Pirapora;Sagrada Família
MG;3151206;Pirapora;Santo Antônio
MG;3151206;Pirapora;Santos Dumont
MG;3151206;Pirapora;São Francisco
MG;3151206;Pirapora;São Geraldo
MG;3151206;Pirapora;São João Batista
MG;3151305;Piraúba;
MG;3151404;Pitangui;
MG;3151503;Piumhi;
MG;3151602;Planura;
MG;3151701;Poço Fundo;
MG;3151800;Poços de Caldas;Região Urbana Homogênea I
MG;3151800;Poços de Caldas;Região Urbana Homogênea II
MG;3151800;Poços de Caldas;Região Urbana Homogênea III
MG;3151800;Poços de Caldas;Região Urbana Homogênea IV
MG;3151800;Poços de Caldas;Região Urbana Homogênea IX
MG;3151800;Poços de Caldas;Região Urbana Homogênea V
MG;3151800;Poços de Caldas;Região Urbana Homogênea VI
MG;3151800;Poços de Caldas;Região Urbana Homogênea VII
MG;3151800;Poços de Caldas;Região Urbana Homogênea VIII
MG;3151800;Poços de Caldas;Região Urbana Homogênea X
MG;3151800;Poços de Caldas;Região Urbana Homogênea XI
MG;3151800;Poços de Caldas;Região Urbana Homogênea XII
MG;3151800;Poços de Caldas;Região Urbana Homogênea XIII
MG;3151800;Poços de Caldas;Região Urbana Homogênea XIV
MG;3151800;Poços de Caldas;Região Urbana Homogênea XIX
MG;3151800;Poços de Caldas;Região Urbana Homogênea XV
MG;3151800;Poços de Caldas;Região Urbana Homogênea XVI
MG;3151800;Poços de Caldas;Região Urbana Homogênea XVII
MG;3151800;Poços de Caldas;Região Urbana Homogênea XVIII
MG;3151800;Poços de Caldas;Região Urbana Homogênea XX
MG;3151800;Poços de Caldas;Região Urbana Homogênea XXI
MG;3151800;Poços de Caldas;Região Urbana Homogênea XXII
MG;3151800;Poços de Caldas;Região Urbana Homogênea XXIII
MG;3151800;Poços de Caldas;Região Urbana Homogênea XXIV
MG;3151800;Poços de Caldas;Região Urbana Homogênea XXV
MG;3151800;Poços de Caldas;Região Urbana Homogênea XXVI
MG;3151800;Poços de Caldas;Região Urbana Homogênea XXVII
MG;3151909;Pocrane;
MG;3152006;Pompéu;Aritana
MG;3152006;Pompéu;Belvedere
MG;3152006;Pompéu;Boa Vista
MG;3152006;Pompéu;Centro
MG;3152006;Pompéu;Cruz das Almas
MG;3152006;Pompéu;Dona Joaquina do Pompéu
MG;3152006;Pompéu;Dos Cristos
MG;3152006;Pompéu;Morada do Sol
MG;3152006;Pompéu;Morro Doce
MG;3152006;Pompéu;Nossa Senhora da Conceição
MG;3152006;Pompéu;Nossa Senhora da Piedade
MG;3152006;Pompéu;Paraíso
MG;3152006;Pompéu;Parque Cidade Jardim
MG;3152006;Pompéu;San Marino
MG;3152006;Pompéu;Santa Cruz
MG;3152006;Pompéu;Santo Antônio
MG;3152006;Pompéu;São Francisco
MG;3152006;Pompéu;São José
MG;3152006;Pompéu;Trevo
MG;3152006;Pompéu;Várzea das Flores
MG;3152006;Pompéu;Vitória
MG;3152006;Pompéu;Volta do Brejo
MG;3152105;Ponte Nova;Anna Florência
MG;3152105;Ponte Nova;Antar Ville
MG;3152105;Ponte Nova;Antarville
MG;3152105;Ponte Nova;Antonio Girundi
MG;3152105;Ponte Nova;Antônio Girundi
MG;3152105;Ponte Nova;Bom Jardim
MG;3152105;Ponte Nova;Bom Pastor
MG;3152105;Ponte Nova;Bom Viver
MG;3152105;Ponte Nova;Central
MG;3152105;Ponte Nova;Centro Histórico
MG;3152105;Ponte Nova;Chácara das Flores
MG;3152105;Ponte Nova;Chácara Vasconcelos
MG;3152105;Ponte Nova;Cidade Nova
MG;3152105;Ponte Nova;Copacabana
MG;3152105;Ponte Nova;Esplanada
MG;3152105;Ponte Nova;Fortaleza
MG;3152105;Ponte Nova;Guarapiranga
MG;3152105;Ponte Nova;Industrial
MG;3152105;Ponte Nova;Malvinas
MG;3152105;Ponte Nova;Nenem Mosqueira
MG;3152105;Ponte Nova;Nossa Senhora Auxiliador
MG;3152105;Ponte Nova;Nossa Senhora de Fátima
MG;3152105;Ponte Nova;Nova Almeida
MG;3152105;Ponte Nova;Nova Copacabana
MG;3152105;Ponte Nova;Nova Suiça
MG;3152105;Ponte Nova;Nova Suíça
MG;3152105;Ponte Nova;Novo Horizonte
MG;3152105;Ponte Nova;Palmeiras
MG;3152105;Ponte Nova;Palmeirense
MG;3152105;Ponte Nova;Paraíso
MG;3152105;Ponte Nova;Primeiro de Maio
MG;3152105;Ponte Nova;Progresso
MG;3152105;Ponte Nova;Quintas do Passa Tempo
MG;3152105;Ponte Nova;Rasa
MG;3152105;Ponte Nova;Recanto das Pedras
MG;3152105;Ponte Nova;Rosario
MG;3152105;Ponte Nova;Rosário
MG;3152105;Ponte Nova;Sagrado Coração de Jesus
MG;3152105;Ponte Nova;Santa Tereza
MG;3152105;Ponte Nova;Santo Antônio
MG;3152105;Ponte Nova;Santo Antonio
MG;3152105;Ponte Nova;Santo Antonio da Cidade
MG;3152105;Ponte Nova;São Geraldo
MG;3152105;Ponte Nova;São Judas Tadeu
MG;3152105;Ponte Nova;São Pedro
MG;3152105;Ponte Nova;Sargaços
MG;3152105;Ponte Nova;Sumaré
MG;3152105;Ponte Nova;Tijuca
MG;3152105;Ponte Nova;Triângulo
MG;3152105;Ponte Nova;Triângulo Novo
MG;3152105;Ponte Nova;Triângulo Verde
MG;3152105;Ponte Nova;Vale do Ipê
MG;3152105;Ponte Nova;Vale Suiço
MG;3152105;Ponte Nova;Vale Suíço
MG;3152105;Ponte Nova;Vale Verde
MG;3152105;Ponte Nova;Vila Alvarenga
MG;3152105;Ponte Nova;Vila Centenária
MG;3152105;Ponte Nova;Vila Lana
MG;3152105;Ponte Nova;Vila Oliveira
MG;3152131;Ponto Chique;
MG;3152170;Ponto dos Volantes;
MG;3152204;Porteirinha;
MG;3152303;Porto Firme;
MG;3152402;Poté;
MG;3152501;Pouso Alegre;
MG;3152600;Pouso Alto;
MG;3152709;Prados;
MG;3152808;Prata;
MG;3152907;Pratápolis;
MG;3153004;Pratinha;
MG;3153103;Presidente Bernardes;
MG;3153202;Presidente Juscelino;
MG;3153301;Presidente Kubitschek;
MG;3153400;Presidente Olegário;
MG;3153608;Prudente de Morais;
MG;3153707;Quartel Geral;
MG;3153806;Queluzito;
MG;3153905;Raposos;
MG;3154002;Raul Soares;
MG;3154101;Recreio;
MG;3154150;Reduto;
MG;3154200;Resende Costa;
MG;3154309;Resplendor;Antônio de Mattos
MG;3154408;Ressaquinha;
MG;3154457;Riachinho;
MG;3154507;Riacho dos Machados;
MG;3154606;Ribeirão das Neves;
MG;3154705;Ribeirão Vermelho;
MG;3154804;Rio Acima;
MG;3154903;Rio Casca;Areial
MG;3154903;Rio Casca;Bela Vista
MG;3154903;Rio Casca;Centro
MG;3154903;Rio Casca;Céu Azul
MG;3154903;Rio Casca;Cruzeiro
MG;3154903;Rio Casca;Irmã Dulce
MG;3154903;Rio Casca;Jacarandá
MG;3154903;Rio Casca;Nossa Senhora das Graças
MG;3154903;Rio Casca;Pôr do Sol
MG;3154903;Rio Casca;Sá Donana Mendes
MG;3154903;Rio Casca;Santa Efigênia
MG;3154903;Rio Casca;Vale da Gameleira
MG;3155108;Rio do Prado;
MG;3155009;Rio Doce;
MG;3155207;Rio Espera;
MG;3155306;Rio Manso;
MG;3155405;Rio Novo;
MG;3155504;Rio Paranaíba;
MG;3155603;Rio Pardo de Minas;
MG;3155702;Rio Piracicaba;
MG;3155801;Rio Pomba;
MG;3155900;Rio Preto;
MG;3156007;Rio Vermelho;
MG;3156106;Ritápolis;
MG;3156205;Rochedo de Minas;
MG;3156304;Rodeiro;
MG;3156403;Romaria;
MG;3156452;Rosário da Limeira;
MG;3156502;Rubelita;
MG;3156601;Rubim;
MG;3156700;Sabará;
MG;3156809;Sabinópolis;
MG;3156908;Sacramento;Azagaia
MG;3156908;Sacramento;Chafariz
MG;3156908;Sacramento;Eurípedes Barsanulfo
MG;3156908;Sacramento;João XXIII
MG;3156908;Sacramento;Santo Antônio
MG;3157005;Salinas;
MG;3157104;Salto da Divisa;
MG;3157203;Santa Bárbara;
MG;3157252;Santa Bárbara do Leste;
MG;3157278;Santa Bárbara do Monte Verde;
MG;3157302;Santa Bárbara do Tugúrio;
MG;3157336;Santa Cruz de Minas;
MG;3157377;Santa Cruz de Salinas;
MG;3157401;Santa Cruz do Escalvado;
MG;3157500;Santa Efigênia de Minas;
MG;3157609;Santa Fé de Minas;
MG;3157658;Santa Helena de Minas;
MG;3157708;Santa Juliana;Centro
MG;3157708;Santa Juliana;Céu Azul
MG;3157708;Santa Juliana;JK
MG;3157708;Santa Juliana;Nossa Senhora das Dores
MG;3157708;Santa Juliana;Nossa Senhora de Fátima
MG;3157708;Santa Juliana;Novo Horizonte
MG;3157708;Santa Juliana;Palmeiras
MG;3157708;Santa Juliana;Residencial Ordália Borges
MG;3157708;Santa Juliana;São Judas Tadeu
MG;3157807;Santa Luzia;
MG;3157906;Santa Margarida;
MG;3158003;Santa Maria de Itabira;
MG;3158102;Santa Maria do Salto;
MG;3158201;Santa Maria do Suaçuí;
MG;3159209;Santa Rita de Caldas;
MG;3159407;Santa Rita de Ibitipoca;
MG;3159308;Santa Rita de Jacutinga;
MG;3159357;Santa Rita de Minas;
MG;3159506;Santa Rita do Itueto;
MG;3159605;Santa Rita do Sapucaí;
MG;3159704;Santa Rosa da Serra;
MG;3159803;Santa Vitória;
MG;3158300;Santana da Vargem;
MG;3158409;Santana de Cataguases;
MG;3158508;Santana de Pirapama;
MG;3158607;Santana do Deserto;
MG;3158706;Santana do Garambéu;
MG;3158805;Santana do Jacaré;
MG;3158904;Santana do Manhuaçu;
MG;3158953;Santana do Paraíso;
MG;3159001;Santana do Riacho;
MG;3159100;Santana dos Montes;
MG;3159902;Santo Antônio do Amparo;
MG;3160009;Santo Antônio do Aventureiro;
MG;3160108;Santo Antônio do Grama;
MG;3160207;Santo Antônio do Itambé;
MG;3160306;Santo Antônio do Jacinto;
MG;3160405;Santo Antônio do Monte;
MG;3160454;Santo Antônio do Retiro;
MG;3160504;Santo Antônio do Rio Abaixo;
MG;3160603;Santo Hipólito;
MG;3160702;Santos Dumont;
MG;3160801;São Bento Abade;
MG;3160900;São Brás do Suaçuí;
MG;3160959;São Domingos das Dores;
MG;3161007;São Domingos do Prata;
MG;3161056;São Félix de Minas;
MG;3161106;São Francisco;
MG;3161205;São Francisco de Paula;
MG;3161304;São Francisco de Sales;
MG;3161403;São Francisco do Glória;
MG;3161502;São Geraldo;
MG;3161601;São Geraldo da Piedade;
MG;3161650;São Geraldo do Baixio;Horto
MG;3161650;São Geraldo do Baixio;Levindo Valadares
MG;3161650;São Geraldo do Baixio;Santa Helena
MG;3161700;São Gonçalo do Abaeté;
MG;3161809;São Gonçalo do Pará;
MG;3161908;São Gonçalo do Rio Abaixo;
MG;3125507;São Gonçalo do Rio Preto;
MG;3162005;São Gonçalo do Sapucaí;
MG;3162104;São Gotardo;Agro-Industrial Chapadão
MG;3162104;São Gotardo;Alto da Bela Vista
MG;3162104;São Gotardo;Boa Esperança
MG;3162104;São Gotardo;Campestre
MG;3162104;São Gotardo;Centro
MG;3162104;São Gotardo;Jardim das Flores
MG;3162104;São Gotardo;Nossa Senhora de Fátima
MG;3162104;São Gotardo;Santa Terezinha
MG;3162104;São Gotardo;São Geraldo
MG;3162104;São Gotardo;São Vicente
MG;3162104;São Gotardo;Sol Nascente
MG;3162104;São Gotardo;Taquaril
MG;3162203;São João Batista do Glória;
MG;3162252;São João da Lagoa;
MG;3162302;São João da Mata;
MG;3162401;São João da Ponte;
MG;3162450;São João das Missões;
MG;3162500;São João del Rei;Bonfim
MG;3162500;São João del Rei;Centro
MG;3162500;São João del Rei;Colônia do Marçal
MG;3162500;São João del Rei;Fábricas
MG;3162500;São João del Rei;Jardim Central
MG;3162500;São João del Rei;Matosinhos
MG;3162500;São João del Rei;Senhor dos Montes
MG;3162500;São João del Rei;Tejuco
MG;3162559;São João do Manhuaçu;
MG;3162575;São João do Manteninha;
MG;3162609;São João do Oriente;
MG;3162658;São João do Pacuí;
MG;3162708;São João do Paraíso;
MG;3162807;São João Evangelista;
MG;3162906;São João Nepomuceno;
MG;3162922;São Joaquim de Bicas;
MG;3162948;São José da Barra;
MG;3162955;São José da Lapa;
MG;3163003;São José da Safira;
MG;3163102;São José da Varginha;
MG;3163201;São José do Alegre;
MG;3163300;São José do Divino;
MG;3163409;São José do Goiabal;
MG;3163508;São José do Jacuri;
MG;3163607;São José do Mantimento;
MG;3163706;São Lourenço;
MG;3163805;São Miguel do Anta;
MG;3163904;São Pedro da União;
MG;3164100;São Pedro do Suaçuí;
MG;3164001;São Pedro dos Ferros;
MG;3164209;São Romão;Beira Rio
MG;3164209;São Romão;Centro
MG;3164209;São Romão;Novo Horizonte
MG;3164209;São Romão;Primavera
MG;3164209;São Romão;Renascer
MG;3164209;São Romão;Santo Antônio
MG;3164308;São Roque de Minas;
MG;3164407;São Sebastião da Bela Vista;
MG;3164431;São Sebastião da Vargem Alegre;
MG;3164472;São Sebastião do Anta;
MG;3164506;São Sebastião do Maranhão;
MG;3164605;São Sebastião do Oeste;
MG;3164704;São Sebastião do Paraíso;
MG;3164803;São Sebastião do Rio Preto;
MG;3164902;São Sebastião do Rio Verde;
MG;3165008;São Tiago;
MG;3165107;São Tomás de Aquino;
MG;3165206;São Tomé das Letras;
MG;3165305;São Vicente de Minas;
MG;3165404;Sapucaí-Mirim;
MG;3165503;Sardoá;
MG;3165537;Sarzedo;
MG;3165560;Sem-Peixe;
MG;3165578;Senador Amaral;
MG;3165602;Senador Cortes;
MG;3165701;Senador Firmino;
MG;3165800;Senador José Bento;
MG;3165909;Senador Modestino Gonçalves;
MG;3166006;Senhora de Oliveira;
MG;3166105;Senhora do Porto;
MG;3166204;Senhora dos Remédios;
MG;3166303;Sericita;
MG;3166402;Seritinga;
MG;3166501;Serra Azul de Minas;
MG;3166600;Serra da Saudade;
MG;3166808;Serra do Salitre;
MG;3166709;Serra dos Aimorés;
MG;3166907;Serrania;
MG;3166956;Serranópolis de Minas;
MG;3167004;Serranos;
MG;3167103;Serro;
MG;3167202;Sete Lagoas;
MG;3165552;Setubinha;
MG;3167301;Silveirânia;
MG;3167400;Silvianópolis;
MG;3167509;Simão Pereira;
MG;3167608;Simonésia;
MG;3167707;Sobrália;Albertino Conrado Eller
MG;3167707;Sobrália;Nossa Senhora Aparecida
MG;3167707;Sobrália;São Vicente
MG;3167806;Soledade de Minas;
MG;3167905;Tabuleiro;
MG;3168002;Taiobeiras;
MG;3168051;Taparuba;
MG;3168101;Tapira;
MG;3168200;Tapiraí;
MG;3168309;Taquaraçu de Minas;
MG;3168408;Tarumirim;
MG;3168507;Teixeiras;
MG;3168606;Teófilo Otoni;Altino Barbosa
MG;3168606;Teófilo Otoni;Barreiros
MG;3168606;Teófilo Otoni;Bela Vista
MG;3168606;Teófilo Otoni;Castro Pires
MG;3168606;Teófilo Otoni;Centro
MG;3168606;Teófilo Otoni;Cidade Alta
MG;3168606;Teófilo Otoni;Concórdia
MG;3168606;Teófilo Otoni;Doutor Laerte Laender
MG;3168606;Teófilo Otoni;Esperança
MG;3168606;Teófilo Otoni;Fátima
MG;3168606;Teófilo Otoni;Filadélfia
MG;3168606;Teófilo Otoni;Frei Dimas
MG;3168606;Teófilo Otoni;Frimusa
MG;3168606;Teófilo Otoni;Grão-Pará
MG;3168606;Teófilo Otoni;Ipiranga
MG;3168606;Teófilo Otoni;Jardim das Acácias
MG;3168606;Teófilo Otoni;Jardim Iracema
MG;3168606;Teófilo Otoni;Jardim São Paulo
MG;3168606;Teófilo Otoni;Joaquim Pedrosa
MG;3168606;Teófilo Otoni;Lourival Soares da Costa
MG;3168606;Teófilo Otoni;Manoel Pimenta
MG;3168606;Teófilo Otoni;Marajoara
MG;3168606;Teófilo Otoni;Matinha
MG;3168606;Teófilo Otoni;Minas Novas
MG;3168606;Teófilo Otoni;Mucuri
MG;3168606;Teófilo Otoni;Novo Horizonte
MG;3168606;Teófilo Otoni;Olga Prates Corrêa
MG;3168606;Teófilo Otoni;Palmeiras
MG;3168606;Teófilo Otoni;Pampulhinha
MG;3168606;Teófilo Otoni;Santa Clara
MG;3168606;Teófilo Otoni;São Cristóvão
MG;3168606;Teófilo Otoni;São Diogo
MG;3168606;Teófilo Otoni;São Francisco
MG;3168606;Teófilo Otoni;São Jacinto
MG;3168606;Teófilo Otoni;São João
MG;3168606;Teófilo Otoni;Serra Verde
MG;3168606;Teófilo Otoni;Solidariedade
MG;3168606;Teófilo Otoni;Tabajaras
MG;3168606;Teófilo Otoni;Teófilo Rocha
MG;3168705;Timóteo;Alegre
MG;3168705;Timóteo;Alphaville
MG;3168705;Timóteo;Alvorada
MG;3168705;Timóteo;Ana Malaquias
MG;3168705;Timóteo;Ana Moura
MG;3168705;Timóteo;Ana Rita
MG;3168705;Timóteo;Bela Vista
MG;3168705;Timóteo;Bromelias
MG;3168705;Timóteo;Bromélias
MG;3168705;Timóteo;Centro
MG;3168705;Timóteo;Centro Sul
MG;3168705;Timóteo;Córrego Caçador
MG;3168705;Timóteo;Cruzeirinho
MG;3168705;Timóteo;Distrito Industrial Limoeiro
MG;3168705;Timóteo;Funcionários
MG;3168705;Timóteo;João XXIII
MG;3168705;Timóteo;John Kennedy
MG;3168705;Timóteo;Limoeiro
MG;3168705;Timóteo;Macuco
MG;3168705;Timóteo;Nossa Senhora das Graças
MG;3168705;Timóteo;Nova Esperança
MG;3168705;Timóteo;Novo Horizonte
MG;3168705;Timóteo;Novo Tempo
MG;3168705;Timóteo;Nucleo Industrial
MG;3168705;Timóteo;Núcleo Industrial
MG;3168705;Timóteo;Olaria II
MG;3168705;Timóteo;Petropolis
MG;3168705;Timóteo;Petrópolis
MG;3168705;Timóteo;Primavera
MG;3168705;Timóteo;Quitandinha
MG;3168705;Timóteo;Recanto Verde
MG;3168705;Timóteo;Santa Cecília
MG;3168705;Timóteo;Santa Maria
MG;3168705;Timóteo;Santa Terezinha
MG;3168705;Timóteo;São Cristóvão
MG;3168705;Timóteo;São José
MG;3168705;Timóteo;Serenata
MG;3168705;Timóteo;Timirim
MG;3168705;Timóteo;Timotinho
MG;3168705;Timóteo;Tinotinho
MG;3168705;Timóteo;Vale Verde
MG;3168705;Timóteo;Vila Cachoeira do Vale
MG;3168705;Timóteo;Vila dos Técnicos
MG;3168705;Timóteo;Vila Tecnicos
MG;3168804;Tiradentes;
MG;3168903;Tiros;
MG;3169000;Tocantins;
MG;3169059;Tocos do Moji;
MG;3169109;Toledo;
MG;3169208;Tombos;
MG;3169307;Três Corações;Alto Peró
MG;3169307;Três Corações;Amadeu Miguel
MG;3169307;Três Corações;Cafezinho
MG;3169307;Três Corações;Centro
MG;3169307;Três Corações;Chácara das Rosas
MG;3169307;Três Corações;Cinturão Verde
MG;3169307;Três Corações;Condomínio Elias Júlio Matuck
MG;3169307;Três Corações;Cotia
MG;3169307;Três Corações;Estancia dos Reis
MG;3169307;Três Corações;Feira de Gado
MG;3169307;Três Corações;Flora
MG;3169307;Três Corações;Jardim América
MG;3169307;Três Corações;Jardim Califórnia
MG;3169307;Três Corações;Jardim das Alterosas
MG;3169307;Três Corações;Jardim das Hotências
MG;3169307;Três Corações;Jardim Eldorado
MG;3169307;Três Corações;Jardim Esperança
MG;3169307;Três Corações;Jardim Fabiana
MG;3169307;Três Corações;Jardim Monte Verde
MG;3169307;Três Corações;Jardim Monte Verde II
MG;3169307;Três Corações;Jardim Paraíso
MG;3169307;Três Corações;Jardim Planalto
MG;3169307;Três Corações;Jardim Primavera
MG;3169307;Três Corações;Jardim Santa Teresa
MG;3169307;Três Corações;Monte Alegre
MG;3169307;Três Corações;Morada do Lago
MG;3169307;Três Corações;Morada do Sol
MG;3169307;Três Corações;Nossa Senhora Aparecida
MG;3169307;Três Corações;Nova Três Corações
MG;3169307;Três Corações;Odilon Rezende Andrade
MG;3169307;Três Corações;Parque das Colinas
MG;3169307;Três Corações;Parque Jussara
MG;3169307;Três Corações;Parque São José
MG;3169307;Três Corações;Residencial Progresso
MG;3169307;Três Corações;Rio do Peixe
MG;3169307;Três Corações;Santa Fé
MG;3169307;Três Corações;Santo Afonso
MG;3169307;Três Corações;São Conrado
MG;3169307;Três Corações;São Jerônimo
MG;3169307;Três Corações;Sitio Tapera
MG;3169307;Três Corações;Triângulo
MG;3169307;Três Corações;Vila Amorelli
MG;3169307;Três Corações;Vila Bela II
MG;3169307;Três Corações;Vila Bela III
MG;3169307;Três Corações;Vila Bela Vista
MG;3169307;Três Corações;Vila Fernão Dias
MG;3169307;Três Corações;Vila Jessé
MG;3169307;Três Corações;Vila Lima
MG;3169307;Três Corações;Vila Mariana
MG;3169307;Três Corações;Vila Melo
MG;3169307;Três Corações;Vila Militar
MG;3169307;Três Corações;Vila Nossa Senhora de Fátima
MG;3169307;Três Corações;Vila Rezende
MG;3169307;Três Corações;Vila Sueli
MG;3169307;Três Corações;Vila Viana
MG;3169307;Três Corações;Vilas Boas
MG;3169356;Três Marias;
MG;3169406;Três Pontas;
MG;3169505;Tumiritinga;
MG;3169604;Tupaciguara;Boa Vista
MG;3169604;Tupaciguara;Bom Sucesso
MG;3169604;Tupaciguara;Brasil
MG;3169604;Tupaciguara;Centro
MG;3169604;Tupaciguara;Cyntia
MG;3169604;Tupaciguara;Das Andorinhas
MG;3169604;Tupaciguara;das Andorinhas
MG;3169604;Tupaciguara;das Paineiras
MG;3169604;Tupaciguara;Das Paineiras
MG;3169604;Tupaciguara;Distrito Industrial
MG;3169604;Tupaciguara;Jardim do Lago
MG;3169604;Tupaciguara;Morada Nova
MG;3169604;Tupaciguara;Nova Esperança
MG;3169604;Tupaciguara;Olaria
MG;3169604;Tupaciguara;Primavera
MG;3169604;Tupaciguara;São Cristóvão
MG;3169604;Tupaciguara;São Vicente
MG;3169604;Tupaciguara;Tiradentes
MG;3169703;Turmalina;
MG;3169802;Turvolândia;
MG;3169901;Ubá;
MG;3170008;Ubaí;
MG;3170057;Ubaporanga;
MG;3170107;Uberaba;Abadia
MG;3170107;Uberaba;Aeroporto
MG;3170107;Uberaba;Alfredo Freire
MG;3170107;Uberaba;Amoroso Costa
MG;3170107;Uberaba;Boa Esperança
MG;3170107;Uberaba;Boa Vista
MG;3170107;Uberaba;Bouganville
MG;3170107;Uberaba;Buriti
MG;3170107;Uberaba;Caçu
MG;3170107;Uberaba;Campo Verde
MG;3170107;Uberaba;Centro
MG;3170107;Uberaba;Conquistinha
MG;3170107;Uberaba;Costa Teles
MG;3170107;Uberaba;Distrito Empresarial
MG;3170107;Uberaba;Distrito Industrial I
MG;3170107;Uberaba;Estados Unidos
MG;3170107;Uberaba;Fabrício
MG;3170107;Uberaba;Grande Horizonte
MG;3170107;Uberaba;Jockey Park
MG;3170107;Uberaba;Lageado
MG;3170107;Uberaba;Leblon
MG;3170107;Uberaba;Lourdes
MG;3170107;Uberaba;Maracanã
MG;3170107;Uberaba;Marajó
MG;3170107;Uberaba;Mercês
MG;3170107;Uberaba;Morumbi
MG;3170107;Uberaba;Paraíso
MG;3170107;Uberaba;Parque das Américas
MG;3170107;Uberaba;Parque do Café
MG;3170107;Uberaba;Parque Empresarial
MG;3170107;Uberaba;Parque Tecnológico
MG;3170107;Uberaba;Portal
MG;3170107;Uberaba;Recreio dos Bandeirantes
MG;3170107;Uberaba;Residencial 2000
MG;3170107;Uberaba;Santa Cecília
MG;3170107;Uberaba;Santa Clara
MG;3170107;Uberaba;Santa Maria
MG;3170107;Uberaba;São Benedito
MG;3170107;Uberaba;São Cristóvão
MG;3170107;Uberaba;São Francisco
MG;3170107;Uberaba;São Geraldo
MG;3170107;Uberaba;Três Córregos
MG;3170107;Uberaba;Vallim
MG;3170107;Uberaba;Vila Real
MG;3170206;Uberlândia;Aclimação
MG;3170206;Uberlândia;Alto Umuarama
MG;3170206;Uberlândia;Alvorada
MG;3170206;Uberlândia;Bom Jesus
MG;3170206;Uberlândia;Brasil
MG;3170206;Uberlândia;Carajás
MG;3170206;Uberlândia;Cazeca
MG;3170206;Uberlândia;Centro
MG;3170206;Uberlândia;Chácaras Tubalina e Quartel
MG;3170206;Uberlândia;Cidade Jardim
MG;3170206;Uberlândia;Custódio Pereira
MG;3170206;Uberlândia;Daniel Fonseca
MG;3170206;Uberlândia;Distrito Industrial
MG;3170206;Uberlândia;Dona Zulmira
MG;3170206;Uberlândia;Fundinho
MG;3170206;Uberlândia;Gávea
MG;3170206;Uberlândia;Granada
MG;3170206;Uberlândia;Grand Ville
MG;3170206;Uberlândia;Granja Marileusa
MG;3170206;Uberlândia;Guarani
MG;3170206;Uberlândia;Jaraguá
MG;3170206;Uberlândia;Jardim Brasília
MG;3170206;Uberlândia;Jardim Canaã
MG;3170206;Uberlândia;Jardim das Palmeiras
MG;3170206;Uberlândia;Jardim Europa
MG;3170206;Uberlândia;Jardim Holanda
MG;3170206;Uberlândia;Jardim Inconfidência
MG;3170206;Uberlândia;Jardim Ipanema
MG;3170206;Uberlândia;Jardim Karaíba
MG;3170206;Uberlândia;Jardim Patrícia
MG;3170206;Uberlândia;Jardim Sul
MG;3170206;Uberlândia;Lagoinha
MG;3170206;Uberlândia;Laranjeiras
MG;3170206;Uberlândia;Lídice
MG;3170206;Uberlândia;Luizote de Freitas
MG;3170206;Uberlândia;Mansour
MG;3170206;Uberlândia;Maravilha
MG;3170206;Uberlândia;Marta Helena
MG;3170206;Uberlândia;Martins
MG;3170206;Uberlândia;Minas Gerais
MG;3170206;Uberlândia;Morada da Colina
MG;3170206;Uberlândia;Morada do Sol
MG;3170206;Uberlândia;Morada dos Pássaros
MG;3170206;Uberlândia;Morumbi
MG;3170206;Uberlândia;Nossa Senhora Aparecida
MG;3170206;Uberlândia;Nossa Senhora das Graças
MG;3170206;Uberlândia;Nova Alvorada
MG;3170206;Uberlândia;Nova Uberlândia
MG;3170206;Uberlândia;Novo Mundo
MG;3170206;Uberlândia;Osvaldo Rezende
MG;3170206;Uberlândia;Pacaembú
MG;3170206;Uberlândia;Pampulha
MG;3170206;Uberlândia;Panorama
MG;3170206;Uberlândia;Patrimônio
MG;3170206;Uberlândia;Pequis
MG;3170206;Uberlândia;Planalto
MG;3170206;Uberlândia;Portal do Vale
MG;3170206;Uberlândia;Presidente Roosevelt
MG;3170206;Uberlândia;Residencial Gramado
MG;3170206;Uberlândia;Residencial Integração
MG;3170206;Uberlândia;Santa Luzia
MG;3170206;Uberlândia;Santa Mônica
MG;3170206;Uberlândia;Santa Rosa
MG;3170206;Uberlândia;São Jorge
MG;3170206;Uberlândia;São José
MG;3170206;Uberlândia;Saraiva
MG;3170206;Uberlândia;Segismundo Pereira
MG;3170206;Uberlândia;Shopping Park
MG;3170206;Uberlândia;Tabajaras
MG;3170206;Uberlândia;Taiaman
MG;3170206;Uberlândia;Tibery
MG;3170206;Uberlândia;Tocantins
MG;3170206;Uberlândia;Tubalina
MG;3170206;Uberlândia;Umuarama
MG;3170206;Uberlândia;Vigilato Pereira
MG;3170305;Umburatiba;
MG;3170404;Unaí;
MG;3170438;União de Minas;
MG;3170479;Uruana de Minas;Centro
MG;3170479;Uruana de Minas;Cruzeiro
MG;3170479;Uruana de Minas;Eldorado
MG;3170479;Uruana de Minas;Primavera
MG;3170479;Uruana de Minas;São Sebastião
MG;3170479;Uruana de Minas;Uruaninha
MG;3170503;Urucânia;
MG;3170529;Urucuia;
MG;3170578;Vargem Alegre;
MG;3170602;Vargem Bonita;
MG;3170651;Vargem Grande do Rio Pardo;
MG;3170701;Varginha;Aeroporto
MG;3170701;Varginha;Área Urbana XVII - Pinheiros
MG;3170701;Varginha;Área Urbana XXX-Corcetti
MG;3170701;Varginha;Área Urbana XXXI - Parque Rinaldo
MG;3170701;Varginha;Barcelona
MG;3170701;Varginha;Bela Vista
MG;3170701;Varginha;Boa Vista
MG;3170701;Varginha;Bom Pastor
MG;3170701;Varginha;Campos Elíseos
MG;3170701;Varginha;Canaã
MG;3170701;Varginha;Catanduvas
MG;3170701;Varginha;Centenário
MG;3170701;Varginha;Centro
MG;3170701;Varginha;Cidade Nova
MG;3170701;Varginha;Condomínio Ilha das Orquídeas
MG;3170701;Varginha;Condomínio Lagamar
MG;3170701;Varginha;Damasco
MG;3170701;Varginha;Distrito Industrial Cláudio Galvão Nogueira
MG;3170701;Varginha;Fátima
MG;3170701;Varginha;Floresta
MG;3170701;Varginha;Imaculada Conceição
MG;3170701;Varginha;Industrial JK
MG;3170701;Varginha;Industrial Miguel de Luca
MG;3170701;Varginha;Jardim Andere
MG;3170701;Varginha;Jardim Áurea
MG;3170701;Varginha;Padre Vitor
MG;3170701;Varginha;Parque de Exposições
MG;3170701;Varginha;Parque Mariela
MG;3170701;Varginha;Rezende
MG;3170701;Varginha;Santa Luíza
MG;3170701;Varginha;Santa Maria
MG;3170701;Varginha;Santana
MG;3170701;Varginha;Sion
MG;3170701;Varginha;Urupês
MG;3170701;Varginha;Vale dos Ipês
MG;3170701;Varginha;Vargem
MG;3170701;Varginha;Vila Pinto
MG;3170750;Varjão de Minas;
MG;3170800;Várzea da Palma;
MG;3170909;Varzelândia;
MG;3171006;Vazante;
MG;3171030;Verdelândia;
MG;3171071;Veredinha;
MG;3171105;Veríssimo;
MG;3171154;Vermelho Novo;
MG;3171204;Vespasiano;Caieira
MG;3171204;Vespasiano;Célvia
MG;3171204;Vespasiano;Centro
MG;3171204;Vespasiano;De Lourdes
MG;3171204;Vespasiano;Fagundes
MG;3171204;Vespasiano;Názia
MG;3171204;Vespasiano;Parque Jardim Alterosa
MG;3171204;Vespasiano;Parque Jardim Itaú
MG;3171204;Vespasiano;Santo Antônio
MG;3171303;Viçosa;
MG;3171402;Vieiras;
MG;3171600;Virgem da Lapa;
MG;3171709;Virgínia;
MG;3171808;Virginópolis;
MG;3171907;Virgolândia;
MG;3172004;Visconde do Rio Branco;
MG;3172103;Volta Grande;
MG;3172202;Wenceslau Braz;
MS;5000203;Água Clara;
MS;5000252;Alcinópolis;
MS;5000609;Amambai;
MS;5000708;Anastácio;
MS;5000807;Anaurilândia;
MS;5000856;Angélica;Alvorada
MS;5000856;Angélica;Antônio Mota Ramos
MS;5000856;Angélica;Antonio Mota Ramos
MS;5000856;Angélica;Cerejo
MS;5000856;Angélica;das Nações
MS;5000856;Angélica;Das Nações
MS;5000856;Angélica;Dos Estados
MS;5000856;Angélica;dos Estados
MS;5000856;Angélica;Esperança
MS;5000856;Angélica;Esplanada
MS;5000856;Angélica;Imperial
MS;5000856;Angélica;Jardim das Flores
MS;5000856;Angélica;Jardim dos Estados
MS;5000856;Angélica;Jardim Ouro Verde
MS;5000856;Angélica;Mutum
MS;5000856;Angélica;Santa Clara
MS;5000856;Angélica;Setor Industrial
MS;5000906;Antônio João;Centro
MS;5000906;Antônio João;Vila Arabela Freire
MS;5000906;Antônio João;Vila Guarany
MS;5000906;Antônio João;Vila Nova
MS;5000906;Antônio João;Vila Penzo
MS;5001003;Aparecida do Taboado;
MS;5001102;Aquidauana;Alto
MS;5001102;Aquidauana;Centro
MS;5001102;Aquidauana;Cidade Nova
MS;5001102;Aquidauana;Exposição
MS;5001102;Aquidauana;Guanandi
MS;5001102;Aquidauana;Nova Aquidauana
MS;5001102;Aquidauana;Santa Terezinha
MS;5001102;Aquidauana;São Francisco
MS;5001102;Aquidauana;Serraria
MS;5001102;Aquidauana;Trindade
MS;5001243;Aral Moreira;
MS;5001508;Bandeirantes;
MS;5001904;Bataguassu;
MS;5002001;Batayporã;Centro
MS;5002001;Batayporã;Vila Antonia Nantes
MS;5002001;Batayporã;Vila Cantidiano Duarte
MS;5002001;Batayporã;Vila José Mustafá
MS;5002001;Batayporã;Vila Maria Gonçalves da Silva
MS;5002001;Batayporã;Vila Militar
MS;5002001;Batayporã;Vila Nídio Boffo
MS;5002001;Batayporã;Vila Nova Era
MS;5002100;Bela Vista;Água Doce
MS;5002100;Bela Vista;Antônio João
MS;5002100;Bela Vista;Centro
MS;5002100;Bela Vista;Costa e Silva
MS;5002100;Bela Vista;Espírito Santo
MS;5002100;Bela Vista;Nova Bela Vista
MS;5002100;Bela Vista;Planalto
MS;5002100;Bela Vista;Primaveras
MS;5002100;Bela Vista;Serradinho
MS;5002159;Bodoquena;
MS;5002209;Bonito;Alvorada
MS;5002209;Bonito;Atlântico
MS;5002209;Bonito;Formoso
MS;5002209;Bonito;Rincão Bonito
MS;5002209;Bonito;Singular
MS;5002308;Brasilândia;
MS;5002407;Caarapó;
MS;5002605;Camapuã;
MS;5002704;Campo Grande;Aero Rancho
MS;5002704;Campo Grande;Alves Pereira
MS;5002704;Campo Grande;Amambaí
MS;5002704;Campo Grande;América
MS;5002704;Campo Grande;Autonomista
MS;5002704;Campo Grande;Bandeirantes
MS;5002704;Campo Grande;Batistão
MS;5002704;Campo Grande;Bela Vista
MS;5002704;Campo Grande;Cabreúva
MS;5002704;Campo Grande;Caiçara
MS;5002704;Campo Grande;Caiobá
MS;5002704;Campo Grande;Carandá
MS;5002704;Campo Grande;Carlota
MS;5002704;Campo Grande;Carvalho
MS;5002704;Campo Grande;Centenário
MS;5002704;Campo Grande;Centro
MS;5002704;Campo Grande;Centro-Oeste
MS;5002704;Campo Grande;Chácara Cachoeira
MS;5002704;Campo Grande;Chácara dos Poderes
MS;5002704;Campo Grande;Coophavila II
MS;5002704;Campo Grande;Coronel Antonino
MS;5002704;Campo Grande;Cruzeiro
MS;5002704;Campo Grande;Dr. Albuquerque
MS;5002704;Campo Grande;Estrela Dalva
MS;5002704;Campo Grande;Glória
MS;5002704;Campo Grande;Guanandi
MS;5002704;Campo Grande;Itanhangá
MS;5002704;Campo Grande;Jacy
MS;5002704;Campo Grande;Jardim dos Estados
MS;5002704;Campo Grande;Jardim Paulista
MS;5002704;Campo Grande;Jóckey Club
MS;5002704;Campo Grande;José Abrão
MS;5002704;Campo Grande;Lageado
MS;5002704;Campo Grande;Leblon
MS;5002704;Campo Grande;Los Angeles
MS;5002704;Campo Grande;Margarida
MS;5002704;Campo Grande;Maria Aparecida Pedrossian
MS;5002704;Campo Grande;Mata do Jacinto
MS;5002704;Campo Grande;Mata do Segredo
MS;5002704;Campo Grande;Monte Castelo
MS;5002704;Campo Grande;Monte Líbano
MS;5002704;Campo Grande;Moreninha
MS;5002704;Campo Grande;Nasser
MS;5002704;Campo Grande;Noroeste
MS;5002704;Campo Grande;Nova Campo Grande
MS;5002704;Campo Grande;Nova Lima
MS;5002704;Campo Grande;Novos Estados
MS;5002704;Campo Grande;Núcleo Industrial
MS;5002704;Campo Grande;Panamá
MS;5002704;Campo Grande;Parati
MS;5002704;Campo Grande;Pioneiros
MS;5002704;Campo Grande;Piratininga
MS;5002704;Campo Grande;Planalto
MS;5002704;Campo Grande;Popular
MS;5002704;Campo Grande;Rita Vieira
MS;5002704;Campo Grande;Santa Fé
MS;5002704;Campo Grande;Santo Amaro
MS;5002704;Campo Grande;Santo Antônio
MS;5002704;Campo Grande;Santo Antonio
MS;5002704;Campo Grande;São Bento
MS;5002704;Campo Grande;São Conrado
MS;5002704;Campo Grande;São Francisco
MS;5002704;Campo Grande;São Lourenço
MS;5002704;Campo Grande;Seminário
MS;5002704;Campo Grande;Sobrinho
MS;5002704;Campo Grande;Taquarussu
MS;5002704;Campo Grande;Tarumã
MS;5002704;Campo Grande;Taveirópolis
MS;5002704;Campo Grande;Tijuca
MS;5002704;Campo Grande;Tiradentes
MS;5002704;Campo Grande;Tv Morena
MS;5002704;Campo Grande;União
MS;5002704;Campo Grande;Universitário
MS;5002704;Campo Grande;Veraneio
MS;5002704;Campo Grande;Vilas Boas
MS;5002803;Caracol;
MS;5002902;Cassilândia;
MS;5002951;Chapadão do Sul;
MS;5003108;Corguinho;
MS;5003157;Coronel Sapucaia;
MS;5003207;Corumbá;Aeroporto
MS;5003207;Corumbá;Arthur Marinho
MS;5003207;Corumbá;Beira-Rio
MS;5003207;Corumbá;Borrowsky
MS;5003207;Corumbá;Centro
MS;5003207;Corumbá;Centro-América
MS;5003207;Corumbá;Cervejaria
MS;5003207;Corumbá;Cristo Redentor
MS;5003207;Corumbá;Dom Bosco
MS;5003207;Corumbá;Generoso
MS;5003207;Corumbá;Guarani
MS;5003207;Corumbá;Guatós
MS;5003207;Corumbá;Industrial
MS;5003207;Corumbá;Jardim dos Estados
MS;5003207;Corumbá;Maria Leite
MS;5003207;Corumbá;Nossa Senhora de Fátima
MS;5003207;Corumbá;Nova Corumbá
MS;5003207;Corumbá;Popular Nova
MS;5003207;Corumbá;Popular Velha
MS;5003207;Corumbá;Previsul
MS;5003207;Corumbá;Universitário
MS;5003256;Costa Rica;
MS;5003306;Coxim;
MS;5003454;Deodápolis;
MS;5003488;Dois Irmãos do Buriti;
MS;5003504;Douradina;
MS;5003702;Dourados;
MS;5003751;Eldorado;Centro
MS;5003751;Eldorado;Cerâmica
MS;5003751;Eldorado;Jardim das Grevílias
MS;5003751;Eldorado;Jardim das Palmeiras
MS;5003751;Eldorado;Jardim dos Ipês
MS;5003751;Eldorado;Jardim Novo Eldorado
MS;5003751;Eldorado;Primavera
MS;5003751;Eldorado;Rui Barbosa
MS;5003751;Eldorado;Spartaco Astolfi
MS;5003801;Fátima do Sul;
MS;5003900;Figueirão;
MS;5004007;Glória de Dourados;
MS;5004106;Guia Lopes da Laguna;
MS;5004304;Iguatemi;Centro
MS;5004304;Iguatemi;Jardim dos Eucaliptos
MS;5004304;Iguatemi;Vila Jardim Aeroporto
MS;5004304;Iguatemi;Vila Nova
MS;5004304;Iguatemi;Vila Nova Esperança
MS;5004304;Iguatemi;Vila Operária
MS;5004304;Iguatemi;Vila Rosa
MS;5004403;Inocência;
MS;5004502;Itaporã;
MS;5004601;Itaquiraí;
MS;5004700;Ivinhema;Água Azul
MS;5004700;Ivinhema;Centro
MS;5004700;Ivinhema;Guiraí
MS;5004700;Ivinhema;Itapoã
MS;5004700;Ivinhema;Piravevê
MS;5004700;Ivinhema;Triaguenã
MS;5004700;Ivinhema;Vitória
MS;5004809;Japorã;
MS;5004908;Jaraguari;
MS;5005004;Jardim;
MS;5005103;Jateí;
MS;5005152;Juti;
MS;5005202;Ladário;Almirante Tamandaré
MS;5005202;Ladário;Boa Esperança
MS;5005202;Ladário;Centro
MS;5005202;Ladário;Nova Ladário
MS;5005202;Ladário;Popular
MS;5005202;Ladário;Santo Antônio
MS;5005251;Laguna Carapã;Centro
MS;5005251;Laguna Carapã;Cristo Rei
MS;5005251;Laguna Carapã;Monte Alegre
MS;5005251;Laguna Carapã;Nossa Senhora Aparecida
MS;5005400;Maracaju;
MS;5005608;Miranda;
MS;5005681;Mundo Novo;
MS;5005707;Naviraí;Centro
MS;5005707;Naviraí;Chácara de Recreio Recanto do Bosque
MS;5005707;Naviraí;Chácara Recreio Bandeirantes
MS;5005707;Naviraí;Classe A Residence
MS;5005707;Naviraí;Condomínio Green Park Residence
MS;5005707;Naviraí;Condominio Green Park Residence
MS;5005707;Naviraí;Condomínio Zeus Closed Village
MS;5005707;Naviraí;Conjunto Habitacional BNH 1º Plano
MS;5005707;Naviraí;Conjunto Habitacional Boa Vista
MS;5005707;Naviraí;Conjunto Habitacional Harry Amorim Costa
MS;5005707;Naviraí;Conjunto Habitacional Odercio de Matos
MS;5005707;Naviraí;Distrito Verde
MS;5005707;Naviraí;Eco Park Residence
MS;5005707;Naviraí;Interlagos
MS;5005707;Naviraí;Jardim Alvorada
MS;5005707;Naviraí;Jardim Nova Era
MS;5005707;Naviraí;Jardim Oasis I
MS;5005707;Naviraí;Jardim Paraíso
MS;5005707;Naviraí;Jardim Paraíso IV
MS;5005707;Naviraí;Jardim Progresso
MS;5005707;Naviraí;Jardim Tarumã
MS;5005707;Naviraí;Jardim União
MS;5005707;Naviraí;Jardim Vale Encantado
MS;5005707;Naviraí;Parque Beija Flor
MS;5005707;Naviraí;Parque Industrial I
MS;5005707;Naviraí;Parque Industrial II
MS;5005707;Naviraí;Residencial Athenas
MS;5005707;Naviraí;Residencial Ipê
MS;5005707;Naviraí;Residencial Morumbi
MS;5005707;Naviraí;Residencial Oasis II
MS;5005707;Naviraí;Residencial Portal
MS;5005707;Naviraí;Residencial Portinari
MS;5005707;Naviraí;Residencial Sol Nascente
MS;5005707;Naviraí;Royal Golf Residence
MS;5005707;Naviraí;Royal Park Residence
MS;5005707;Naviraí;Vila João de Barro
MS;5005707;Naviraí;Vila Nova
MS;5005806;Nioaque;
MS;5006002;Nova Alvorada do Sul;
MS;5006200;Nova Andradina;Alvorada
MS;5006200;Nova Andradina;Argemiro Ortega
MS;5006200;Nova Andradina;Campo Verde
MS;5006200;Nova Andradina;Capilé
MS;5006200;Nova Andradina;Centro
MS;5006200;Nova Andradina;Centro Educacional
MS;5006200;Nova Andradina;Cristo Rei
MS;5006200;Nova Andradina;Durval Andrade Filho
MS;5006200;Nova Andradina;Exposição
MS;5006200;Nova Andradina;Francisco Alves
MS;5006200;Nova Andradina;Guiomar Soares Andrade
MS;5006200;Nova Andradina;Horto Florestal
MS;5006200;Nova Andradina;Industrial
MS;5006200;Nova Andradina;Irman Ribeiro
MS;5006200;Nova Andradina;Mambaré
MS;5006200;Nova Andradina;Monte Carlo
MS;5006200;Nova Andradina;Morada do Sol
MS;5006200;Nova Andradina;Paris
MS;5006200;Nova Andradina;Pedro Pedrossian
MS;5006200;Nova Andradina;Portal do Parque
MS;5006200;Nova Andradina;Santa Terezinha
MS;5006200;Nova Andradina;Torre
MS;5006200;Nova Andradina;Tropical
MS;5006200;Nova Andradina;Universitário
MS;5006200;Nova Andradina;Vicente de Paulo
MS;5006200;Nova Andradina;Vila Beatriz
MS;5006200;Nova Andradina;Vila Operária
MS;5006200;Nova Andradina;Vila Santo Antonio
MS;5006259;Novo Horizonte do Sul;
MS;5006275;Paraíso das Águas;
MS;5006309;Paranaíba;
MS;5006358;Paranhos;
MS;5006408;Pedro Gomes;
MS;5006606;Ponta Porã;A
MS;5006606;Ponta Porã;B
MS;5006606;Ponta Porã;C
MS;5006606;Ponta Porã;Centro
MS;5006606;Ponta Porã;D
MS;5006606;Ponta Porã;E
MS;5006606;Ponta Porã;G
MS;5006606;Ponta Porã;H
MS;5006606;Ponta Porã;I
MS;5006606;Ponta Porã;J
MS;5006606;Ponta Porã;K
MS;5006606;Ponta Porã;L
MS;5006606;Ponta Porã;M
MS;5006606;Ponta Porã;N
MS;5006606;Ponta Porã;O
MS;5006903;Porto Murtinho;
MS;5007109;Ribas do Rio Pardo;
MS;5007208;Rio Brilhante;
MS;5007307;Rio Negro;
MS;5007406;Rio Verde de Mato Grosso;
MS;5007505;Rochedo;
MS;5007554;Santa Rita do Pardo;
MS;5007695;São Gabriel do Oeste;Amábile Maffissoni
MS;5007695;São Gabriel do Oeste;Centro
MS;5007695;São Gabriel do Oeste;Fênix
MS;5007695;São Gabriel do Oeste;Jardim Alvorada
MS;5007695;São Gabriel do Oeste;Jardim Gramado
MS;5007695;São Gabriel do Oeste;Jardim Primavera
MS;5007695;São Gabriel do Oeste;Milani
MS;5007695;São Gabriel do Oeste;Milani ou Vila São Gabriel
MS;5007695;São Gabriel do Oeste;Primavera
MS;5007695;São Gabriel do Oeste;Primo Maffissoni
MS;5007802;Selvíria;
MS;5007703;Sete Quedas;
MS;5007901;Sidrolândia;
MS;5007935;Sonora;
MS;5007950;Tacuru;
MS;5007976;Taquarussu;
MS;5008008;Terenos;
MS;5008305;Três Lagoas;Acácias
MS;5008305;Três Lagoas;Alto da Boa Vista
MS;5008305;Três Lagoas;Bela Vista
MS;5008305;Três Lagoas;Centro
MS;5008305;Três Lagoas;Chácara Imperial
MS;5008305;Três Lagoas;Colinos
MS;5008305;Três Lagoas;da Lapa
MS;5008305;Três Lagoas;Distrito Industrial
MS;5008305;Três Lagoas;Guanabara
MS;5008305;Três Lagoas;Interlagos
MS;5008305;Três Lagoas;Jardim Alvorada
MS;5008305;Três Lagoas;Jardim Brasília
MS;5008305;Três Lagoas;Jardim Dourado
MS;5008305;Três Lagoas;Jardim Ypê
MS;5008305;Três Lagoas;Jupiá
MS;5008305;Três Lagoas;Maristela
MS;5008305;Três Lagoas;Nossa Senhora Aparecida
MS;5008305;Três Lagoas;Osmar Ferreira Dutra
MS;5008305;Três Lagoas;Paranapungá
MS;5008305;Três Lagoas;Quinta da Lagoa
MS;5008305;Três Lagoas;Santa Luzia
MS;5008305;Três Lagoas;Santa Rita
MS;5008305;Três Lagoas;Santa Terezinha
MS;5008305;Três Lagoas;Santo André
MS;5008305;Três Lagoas;Santos Dumont
MS;5008305;Três Lagoas;São Carlos
MS;5008305;Três Lagoas;São João
MS;5008305;Três Lagoas;Vila Carioca
MS;5008305;Três Lagoas;Vila Haro
MS;5008305;Três Lagoas;Vila Nova
MS;5008305;Três Lagoas;Vila Piloto
MS;5008305;Três Lagoas;Vila Zuque
MS;5008305;Três Lagoas;Vista Alegre
MS;5008404;Vicentina;
MT;5100102;Acorizal;
MT;5100201;Água Boa;Centro
MT;5100201;Água Boa;Centro II
MT;5100201;Água Boa;Guarujá
MT;5100201;Água Boa;Guarujá - Expansão
MT;5100201;Água Boa;Jardim Tropical
MT;5100201;Água Boa;Nova Era
MT;5100201;Água Boa;Operário
MT;5100201;Água Boa;Primavera
MT;5100201;Água Boa;Vila Nova
MT;5100250;Alta Floresta;Boa Esperança
MT;5100250;Alta Floresta;Boa Nova
MT;5100250;Alta Floresta;Bom Jesus
MT;5100250;Alta Floresta;Bom Pastor
MT;5100250;Alta Floresta;Cidade Alta
MT;5100250;Alta Floresta;Cidade Bela
MT;5100250;Alta Floresta;Distrito Industrial
MT;5100250;Alta Floresta;Jardim das Araras
MT;5100250;Alta Floresta;Jardim das Flores
MT;5100250;Alta Floresta;Jardim Flamboyant
MT;5100250;Alta Floresta;Jardim Guaraná
MT;5100250;Alta Floresta;Jardim Imperial
MT;5100250;Alta Floresta;Jardim Oliveiras
MT;5100250;Alta Floresta;Jardim Panorama
MT;5100250;Alta Floresta;Jardim Perimetral
MT;5100250;Alta Floresta;Jardim Primavera
MT;5100250;Alta Floresta;Jardim Renascer
MT;5100250;Alta Floresta;Jardim Tropical
MT;5100250;Alta Floresta;Parque dos Lagos
MT;5100250;Alta Floresta;Residencial das Mangueiras ou Simplesmente R das Mangueiras
MT;5100250;Alta Floresta;Residencial Universitário
MT;5100250;Alta Floresta;Santa Maria
MT;5100250;Alta Floresta;São José Operário
MT;5100250;Alta Floresta;Setor Trevo
MT;5100250;Alta Floresta;Vila Nova
MT;5100300;Alto Araguaia;Aeroporto
MT;5100300;Alto Araguaia;Alvorada
MT;5100300;Alto Araguaia;Atlântico
MT;5100300;Alto Araguaia;Beira Rio
MT;5100300;Alto Araguaia;Boiadeiro
MT;5100300;Alto Araguaia;Centro
MT;5100300;Alto Araguaia;Cohab
MT;5100300;Alto Araguaia;Distrito Industrial
MT;5100300;Alto Araguaia;Dom Bosco
MT;5100300;Alto Araguaia;Novo Araguaia
MT;5100300;Alto Araguaia;Primavera
MT;5100300;Alto Araguaia;São Francisco de Assis
MT;5100359;Alto Boa Vista;
MT;5100409;Alto Garças;
MT;5100508;Alto Paraguai;
MT;5100607;Alto Taquari;
MT;5100805;Apiacás;Bom Jesus
MT;5100805;Apiacás;Jardim das Nações
MT;5100805;Apiacás;Pioneiro
MT;5100805;Apiacás;Primavera
MT;5101001;Araguaiana;
MT;5101209;Araguainha;Centro
MT;5101209;Araguainha;Cohab
MT;5101209;Araguainha;João de Barro
MT;5101209;Araguainha;Nossa Senhora Aparecida
MT;5101209;Araguainha;São Francisco
MT;5101258;Araputanga;
MT;5101308;Arenápolis;Bela Vista
MT;5101308;Arenápolis;Bolívia
MT;5101308;Arenápolis;Campinas
MT;5101308;Arenápolis;Centro
MT;5101308;Arenápolis;da Ponte
MT;5101308;Arenápolis;Jardim Canaã
MT;5101308;Arenápolis;Novo Horizonte
MT;5101308;Arenápolis;Planalto dos Diamantes
MT;5101308;Arenápolis;Primavera
MT;5101308;Arenápolis;São Mateus
MT;5101308;Arenápolis;Vila Nova
MT;5101308;Arenápolis;Vila Rica
MT;5101407;Aripuanã;
MT;5101605;Barão de Melgaço;
MT;5101704;Barra do Bugres;13 de Maio
MT;5101704;Barra do Bugres;Centro
MT;5101704;Barra do Bugres;Distrito Industrial
MT;5101704;Barra do Bugres;Jardim Aeroporto
MT;5101704;Barra do Bugres;Maracanã
MT;5101704;Barra do Bugres;Nova Esperança
MT;5101704;Barra do Bugres;Santa Cruz
MT;5101704;Barra do Bugres;São Raimundo
MT;5101704;Barra do Bugres;União
MT;5101803;Barra do Garças;
MT;5101837;Boa Esperança do Norte;
MT;5101852;Bom Jesus do Araguaia;
MT;5101902;Brasnorte;Aeroporto
MT;5101902;Brasnorte;Arco Íris
MT;5101902;Brasnorte;Pôr do Sol
MT;5102504;Cáceres;Betel
MT;5102504;Cáceres;Carrapatinho
MT;5102504;Cáceres;Cavalhada I
MT;5102504;Cáceres;Cavalhada II
MT;5102504;Cáceres;Cavalhada III
MT;5102504;Cáceres;Centro
MT;5102504;Cáceres;Cidade Alta
MT;5102504;Cáceres;Cidade Nova
MT;5102504;Cáceres;Cohab Nova
MT;5102504;Cáceres;Cohab Velha
MT;5102504;Cáceres;Dner
MT;5102504;Cáceres;Espírito Santo
MT;5102504;Cáceres;Garcez
MT;5102504;Cáceres;Jardim Celeste
MT;5102504;Cáceres;Jardim do Trevo
MT;5102504;Cáceres;Jardim Guanabara
MT;5102504;Cáceres;Jardim Imperial
MT;5102504;Cáceres;Jardim Marajoara
MT;5102504;Cáceres;Jardim Padre Paulo
MT;5102504;Cáceres;Jardim Panorama
MT;5102504;Cáceres;Jardim Paraíso
MT;5102504;Cáceres;Jardim São Luiz da Ponte
MT;5102504;Cáceres;Jardim União
MT;5102504;Cáceres;Joaquim Murtinho
MT;5102504;Cáceres;Junco
MT;5102504;Cáceres;Lavapés
MT;5102504;Cáceres;Lobo
MT;5102504;Cáceres;Maracanãzinho
MT;5102504;Cáceres;Massa Barro
MT;5102504;Cáceres;Monte Verde
MT;5102504;Cáceres;Nova Era
MT;5102504;Cáceres;Olhos D'água
MT;5102504;Cáceres;Olhos D'agua
MT;5102504;Cáceres;Residencial Aroldo Fanaia
MT;5102504;Cáceres;Rodeio
MT;5102504;Cáceres;Santa Cruz
MT;5102504;Cáceres;Santa Izabel
MT;5102504;Cáceres;Santa Rosa
MT;5102504;Cáceres;Santo Antônio
MT;5102504;Cáceres;Santos Dumont
MT;5102504;Cáceres;São Jorge
MT;5102504;Cáceres;São Lourenço
MT;5102504;Cáceres;São Miguel
MT;5102504;Cáceres;Vila Irene
MT;5102504;Cáceres;Vila Mariana
MT;5102504;Cáceres;Vila Nova
MT;5102504;Cáceres;Vila Real
MT;5102504;Cáceres;Vitória Régia
MT;5102603;Campinápolis;Amélio
MT;5102603;Campinápolis;Antônio Pedro
MT;5102603;Campinápolis;Castilho
MT;5102603;Campinápolis;Centro
MT;5102603;Campinápolis;Cristalina
MT;5102603;Campinápolis;União
MT;5102603;Campinápolis;Zé Viola
MT;5102637;Campo Novo do Parecis;Alvorada
MT;5102637;Campo Novo do Parecis;Boa Esperança
MT;5102637;Campo Novo do Parecis;Centro
MT;5102637;Campo Novo do Parecis;Jardim das Palmeiras
MT;5102637;Campo Novo do Parecis;Jardim Primavera
MT;5102637;Campo Novo do Parecis;Nossa Senhora Aparecida
MT;5102637;Campo Novo do Parecis;Olença
MT;5102637;Campo Novo do Parecis;Olenka
MT;5102678;Campo Verde;Centro
MT;5102678;Campo Verde;Jardim Campo Verde
MT;5102678;Campo Verde;Jupiara
MT;5102678;Campo Verde;São Lourenço
MT;5102678;Campo Verde;Vale do Sol
MT;5102686;Campos de Júlio;
MT;5102694;Canabrava do Norte;
MT;5102702;Canarana;
MT;5102793;Carlinda;Boa Esperança
MT;5102793;Carlinda;Boa Vista
MT;5102793;Carlinda;Bom Jesus
MT;5102793;Carlinda;Centro
MT;5102793;Carlinda;Cristo Rey
MT;5102793;Carlinda;Santa Terezinha
MT;5102850;Castanheira;Centro
MT;5102850;Castanheira;Guadalupe
MT;5102850;Castanheira;Noga
MT;5102850;Castanheira;Santa Rita
MT;5102850;Castanheira;Santo Antonio
MT;5102850;Castanheira;Santo Antônio
MT;5103007;Chapada dos Guimarães;
MT;5103056;Cláudia;Campo Verde
MT;5103056;Cláudia;Centro Cívico
MT;5103056;Cláudia;Florestal
MT;5103056;Cláudia;Jardim União
MT;5103056;Cláudia;Lions Internacional
MT;5103056;Cláudia;Rotary Internacional
MT;5103106;Cocalinho;
MT;5103205;Colíder;
MT;5103254;Colniza;
MT;5103304;Comodoro;Centro
MT;5103304;Comodoro;Cidade Verde
MT;5103304;Comodoro;Cristo Rei
MT;5103304;Comodoro;Jardim Mato Grosso
MT;5103304;Comodoro;Nossa Senhora de Fátima
MT;5103304;Comodoro;Nova Vacaria
MT;5103304;Comodoro;São Francisco de Assis
MT;5103304;Comodoro;Tertúlia
MT;5103353;Confresa;
MT;5103361;Conquista D'Oeste;
MT;5103379;Cotriguaçu;
MT;5103403;Cuiabá;Alto da Serra I
MT;5103403;Cuiabá;Altos do Coxipó
MT;5103403;Cuiabá;Alvorada
MT;5103403;Cuiabá;Araés
MT;5103403;Cuiabá;Areão
MT;5103403;Cuiabá;Bandeirantes
MT;5103403;Cuiabá;Barbado
MT;5103403;Cuiabá;Barra do Pari
MT;5103403;Cuiabá;Baú
MT;5103403;Cuiabá;Bela Marina
MT;5103403;Cuiabá;Bela Vista
MT;5103403;Cuiabá;Boa Esperança
MT;5103403;Cuiabá;Bosque da Saúde
MT;5103403;Cuiabá;Cachoeira das Garças
MT;5103403;Cuiabá;Campo Velho
MT;5103403;Cuiabá;Campo Verde
MT;5103403;Cuiabá;Canjica
MT;5103403;Cuiabá;Carumbé
MT;5103403;Cuiabá;Centro Norte
MT;5103403;Cuiabá;Centro Político Administrativo
MT;5103403;Cuiabá;Centro Sul
MT;5103403;Cuiabá;Chácara dos Pinheiros
MT;5103403;Cuiabá;Cidade Alta
MT;5103403;Cuiabá;Cidade Verde
MT;5103403;Cuiabá;Cohab São Gonçalo
MT;5103403;Cuiabá;Coophamil
MT;5103403;Cuiabá;Coophema
MT;5103403;Cuiabá;Coxipó
MT;5103403;Cuiabá;Despraiado
MT;5103403;Cuiabá;Dom Aquino
MT;5103403;Cuiabá;Dom Bosco
MT;5103403;Cuiabá;Dr. Fábio Leite I
MT;5103403;Cuiabá;Duque de Caxias
MT;5103403;Cuiabá;Goiabeira
MT;5103403;Cuiabá;Grande Terceiro
MT;5103403;Cuiabá;Jardim Aclimação
MT;5103403;Cuiabá;Jardim Califórnia
MT;5103403;Cuiabá;Jardim Campus Elizius
MT;5103403;Cuiabá;Jardim Comodoro
MT;5103403;Cuiabá;Jardim Cuiabá
MT;5103403;Cuiabá;Jardim das Américas
MT;5103403;Cuiabá;Jardim das Palmeiras
MT;5103403;Cuiabá;Jardim dos Ipês
MT;5103403;Cuiabá;Jardim Eldorado
MT;5103403;Cuiabá;Jardim Europa
MT;5103403;Cuiabá;Jardim Florianópolis
MT;5103403;Cuiabá;Jardim Fortaleza
MT;5103403;Cuiabá;Jardim Gramado
MT;5103403;Cuiabá;Jardim Imperial
MT;5103403;Cuiabá;Jardim Industriário
MT;5103403;Cuiabá;Jardim Itália
MT;5103403;Cuiabá;Jardim Leblon
MT;5103403;Cuiabá;Jardim Mariana
MT;5103403;Cuiabá;Jardim Mossoró
MT;5103403;Cuiabá;Jardim Passaredo
MT;5103403;Cuiabá;Jardim Paulista
MT;5103403;Cuiabá;Jardim Petrópolis
MT;5103403;Cuiabá;Jardim Presidente
MT;5103403;Cuiabá;Jardim Shangri-lá
MT;5103403;Cuiabá;Jardim Tropical
MT;5103403;Cuiabá;Jardim Ubirajara
MT;5103403;Cuiabá;Jardim Universitário
MT;5103403;Cuiabá;Jardim Vitória
MT;5103403;Cuiabá;Jordão
MT;5103403;Cuiabá;Lagoa Azul
MT;5103403;Cuiabá;Lixeira
MT;5103403;Cuiabá;Morada da Serra
MT;5103403;Cuiabá;Morada do Ouro
MT;5103403;Cuiabá;Morada dos Nobres
MT;5103403;Cuiabá;Nossa Senhora Aparecida
MT;5103403;Cuiabá;Nova Conquista
MT;5103403;Cuiabá;Nova Esperança
MT;5103403;Cuiabá;Novo Colorado
MT;5103403;Cuiabá;Novo Horizonte
MT;5103403;Cuiabá;Novo Mato Grosso
MT;5103403;Cuiabá;Novo Terceiro
MT;5103403;Cuiabá;Osmar Cabral
MT;5103403;Cuiabá;Paiaguás
MT;5103403;Cuiabá;Paraíso
MT;5103403;Cuiabá;Parque Atalaia
MT;5103403;Cuiabá;Parque Cuiabá
MT;5103403;Cuiabá;Parque Geórgia
MT;5103403;Cuiabá;Parque Ohara
MT;5103403;Cuiabá;Pascoal Ramos
MT;5103403;Cuiabá;Pedra 90
MT;5103403;Cuiabá;Pedregal
MT;5103403;Cuiabá;Pico do Amor
MT;5103403;Cuiabá;Planalto
MT;5103403;Cuiabá;Poção
MT;5103403;Cuiabá;Popular
MT;5103403;Cuiabá;Porto
MT;5103403;Cuiabá;Praeirinho
MT;5103403;Cuiabá;Praeiro
MT;5103403;Cuiabá;Primeiro de Março
MT;5103403;Cuiabá;Quilombo
MT;5103403;Cuiabá;Recanto dos Pássaros
MT;5103403;Cuiabá;Residencial Coxipó
MT;5103403;Cuiabá;Residencial Itamaraty
MT;5103403;Cuiabá;Residencial Santa Inês
MT;5103403;Cuiabá;Residencial São Carlos
MT;5103403;Cuiabá;Ribeirão da Ponte
MT;5103403;Cuiabá;Ribeirão do Lipa
MT;5103403;Cuiabá;Santa Cruz
MT;5103403;Cuiabá;Santa Isabel
MT;5103403;Cuiabá;Santa Laura
MT;5103403;Cuiabá;Santa Marta
MT;5103403;Cuiabá;Santa Rosa
MT;5103403;Cuiabá;São Francisco
MT;5103403;Cuiabá;São Gonçalo Beira Rio
MT;5103403;Cuiabá;São João Del Rey
MT;5103403;Cuiabá;São José
MT;5103403;Cuiabá;São Roque
MT;5103403;Cuiabá;São Sebastião
MT;5103403;Cuiabá;Sol Nascente
MT;5103403;Cuiabá;Terceiro
MT;5103403;Cuiabá;Terra Nova
MT;5103403;Cuiabá;Tijucal
MT;5103403;Cuiabá;Três Barras
MT;5103403;Cuiabá;Ufmt
MT;5103403;Cuiabá;Vista Alegre
MT;5103437;Curvelândia;
MT;5103452;Denise;
MT;5103502;Diamantino;
MT;5103601;Dom Aquino;
MT;5103700;Feliz Natal;
MT;5103809;Figueirópolis D'Oeste;
MT;5103858;Gaúcha do Norte;
MT;5103908;General Carneiro;
MT;5103957;Glória D'Oeste;Aldelvidon Vieira dos Santos
MT;5103957;Glória D'Oeste;Antonio Savoine
MT;5103957;Glória D'Oeste;Antônio Savoine
MT;5103957;Glória D'Oeste;Arlindo Mateus da Costa
MT;5103957;Glória D'Oeste;Centro
MT;5103957;Glória D'Oeste;José Bejo
MT;5103957;Glória D'Oeste;José Claudino
MT;5104104;Guarantã do Norte;Centro
MT;5104104;Guarantã do Norte;Cidade Nova
MT;5104104;Guarantã do Norte;Cristo Rei
MT;5104104;Guarantã do Norte;Horizonte II
MT;5104104;Guarantã do Norte;Jardim Aeroporto
MT;5104104;Guarantã do Norte;Jardim Araguaia
MT;5104104;Guarantã do Norte;Jardim das Palmeiras
MT;5104104;Guarantã do Norte;Jardim Guaranorte
MT;5104104;Guarantã do Norte;Jardim Maranata
MT;5104104;Guarantã do Norte;Jardim Novo Horizonte
MT;5104104;Guarantã do Norte;Jardim São Lourenço
MT;5104104;Guarantã do Norte;Jardim Vitória
MT;5104104;Guarantã do Norte;Ouro Verde
MT;5104104;Guarantã do Norte;Parque do Lago
MT;5104104;Guarantã do Norte;Residencial 13 de Maio
MT;5104203;Guiratinga;Areião
MT;5104203;Guiratinga;Boa Vista
MT;5104203;Guiratinga;Centro
MT;5104203;Guiratinga;Garça Branca ( Cohab Nova )
MT;5104203;Guiratinga;Garça Branca -  Cohab Nova
MT;5104203;Guiratinga;Jardim Brasil
MT;5104203;Guiratinga;Novo Horizonte
MT;5104203;Guiratinga;Santa Cruz
MT;5104203;Guiratinga;Santa Maria Bertila
MT;5104203;Guiratinga;São Sebastião
MT;5104203;Guiratinga;Serrano ( Cohab Velha )
MT;5104203;Guiratinga;Serrano -  Cohab Velha
MT;5104203;Guiratinga;Tancredo Neves
MT;5104203;Guiratinga;Vila Guanabara
MT;5104203;Guiratinga;Zaidem ( Aeroporto )
MT;5104203;Guiratinga;Zaidem -  Aeroporto
MT;5104500;Indiavaí;
MT;5104526;Ipiranga do Norte;
MT;5104542;Itanhangá;
MT;5104559;Itaúba;Centro
MT;5104559;Itaúba;Cidade Alta
MT;5104559;Itaúba;Jardim Vitória
MT;5104559;Itaúba;Recanto dos Pássaros
MT;5104559;Itaúba;Sol Nascente
MT;5104609;Itiquira;
MT;5104807;Jaciara;
MT;5104906;Jangada;
MT;5105002;Jauru;
MT;5105101;Juara;
MT;5105150;Juína;Cidade Alta
MT;5105150;Juína;Módulo 05
MT;5105150;Juína;Padre Duílio
MT;5105150;Juína;Palmiteira
MT;5105150;Juína;São José Operário
MT;5105176;Juruena;
MT;5105200;Juscimeira;
MT;5105234;Lambari D'Oeste;
MT;5105259;Lucas do Rio Verde;Alphaville
MT;5105259;Lucas do Rio Verde;Alvorada
MT;5105259;Lucas do Rio Verde;Bandeirantes
MT;5105259;Lucas do Rio Verde;Bandeirantes II
MT;5105259;Lucas do Rio Verde;Bandeirantes III
MT;5105259;Lucas do Rio Verde;Centro
MT;5105259;Lucas do Rio Verde;Cerrado
MT;5105259;Lucas do Rio Verde;Cidade Nova
MT;5105259;Lucas do Rio Verde;Dalastra
MT;5105259;Lucas do Rio Verde;Industrial
MT;5105259;Lucas do Rio Verde;Jaime Seiti Fujii
MT;5105259;Lucas do Rio Verde;Jardim Amazônia
MT;5105259;Lucas do Rio Verde;Jardim Europa
MT;5105259;Lucas do Rio Verde;Jardim Imperial
MT;5105259;Lucas do Rio Verde;Jardim Palmeiras
MT;5105259;Lucas do Rio Verde;Jardim Primavera
MT;5105259;Lucas do Rio Verde;João Campagnaro
MT;5105259;Lucas do Rio Verde;Maffini
MT;5105259;Lucas do Rio Verde;Menino Deus
MT;5105259;Lucas do Rio Verde;Parque das Américas
MT;5105259;Lucas do Rio Verde;Parque das Araras
MT;5105259;Lucas do Rio Verde;Parque das Emas
MT;5105259;Lucas do Rio Verde;Parque das Emas II
MT;5105259;Lucas do Rio Verde;Parque das Emas III
MT;5105259;Lucas do Rio Verde;Parque dos Buritis
MT;5105259;Lucas do Rio Verde;Pioneiro
MT;5105259;Lucas do Rio Verde;Pioneiro II
MT;5105259;Lucas do Rio Verde;Rio Verde
MT;5105259;Lucas do Rio Verde;Setor Industrial III
MT;5105259;Lucas do Rio Verde;Telesse Junior
MT;5105259;Lucas do Rio Verde;Tessele Junior
MT;5105259;Lucas do Rio Verde;Urbano Bieger
MT;5105259;Lucas do Rio Verde;Urbano Veneza V
MT;5105259;Lucas do Rio Verde;Veneza
MT;5105259;Lucas do Rio Verde;Veneza III
MT;5105259;Lucas do Rio Verde;Veneza IV
MT;5105259;Lucas do Rio Verde;Ventura
MT;5105259;Lucas do Rio Verde;Verde Lago
MT;5105309;Luciara;
MT;5105580;Marcelândia;
MT;5105606;Matupá;
MT;5105622;Mirassol d'Oeste;
MT;5105903;Nobres;Aeroporto
MT;5105903;Nobres;Centro
MT;5105903;Nobres;Cohab Marzagão
MT;5105903;Nobres;Jardim Carolina
MT;5105903;Nobres;Jardim Glória
MT;5105903;Nobres;Jardim Paraná
MT;5105903;Nobres;Jardim Petrópolis
MT;5105903;Nobres;Jardim São Jorge
MT;5105903;Nobres;Jardim Tropical
MT;5105903;Nobres;Ponte de Ferro
MT;5105903;Nobres;Residencial Pôr do Sol
MT;5105903;Nobres;São José
MT;5105903;Nobres;Serragem
MT;5106000;Nortelândia;Bandeirantes
MT;5106000;Nortelândia;Centro
MT;5106000;Nortelândia;da Ponte
MT;5106000;Nortelândia;Da Ponte
MT;5106000;Nortelândia;Joaquim da Silva
MT;5106000;Nortelândia;Novo Horizonte
MT;5106000;Nortelândia;Santo Antonio
MT;5106000;Nortelândia;Santo Antônio
MT;5106000;Nortelândia;Tapirapuã
MT;5106109;Nossa Senhora do Livramento;
MT;5106158;Nova Bandeirantes;
MT;5106208;Nova Brasilândia;
MT;5106216;Nova Canaã do Norte;
MT;5108808;Nova Guarita;
MT;5106182;Nova Lacerda;
MT;5108857;Nova Marilândia;Centro
MT;5108857;Nova Marilândia;Planalto
MT;5108857;Nova Marilândia;Renascer
MT;5108907;Nova Maringá;
MT;5108956;Nova Monte Verde;
MT;5106224;Nova Mutum;Acácias
MT;5106224;Nova Mutum;Ágata
MT;5106224;Nova Mutum;Alto da Colina
MT;5106224;Nova Mutum;Arara Azul
MT;5106224;Nova Mutum;Beija Flor
MT;5106224;Nova Mutum;Bela Vista
MT;5106224;Nova Mutum;Buritis
MT;5106224;Nova Mutum;Centro
MT;5106224;Nova Mutum;Colina II
MT;5106224;Nova Mutum;Esplanda do Sol
MT;5106224;Nova Mutum;Flamboyant
MT;5106224;Nova Mutum;Flor do Cerrado
MT;5106224;Nova Mutum;Hilda Strenger Ribeiro
MT;5106224;Nova Mutum;Industrial Norte
MT;5106224;Nova Mutum;Industrial Sul
MT;5106224;Nova Mutum;Ipês
MT;5106224;Nova Mutum;Jardim
MT;5106224;Nova Mutum;Jardim das Orquídeas
MT;5106224;Nova Mutum;Jardim II
MT;5106224;Nova Mutum;Jardim Imperial
MT;5106224;Nova Mutum;Jardim Primavera
MT;5106224;Nova Mutum;Jardim Primavera II
MT;5106224;Nova Mutum;José Aparecido Ribeiro
MT;5106224;Nova Mutum;N. Senhora Aparecida
MT;5106224;Nova Mutum;Palmeiras
MT;5106224;Nova Mutum;Paraíso
MT;5106224;Nova Mutum;Parque das Águas
MT;5106224;Nova Mutum;Parque do Sol
MT;5106224;Nova Mutum;Reserva Técnica
MT;5106224;Nova Mutum;Topázio
MT;5106224;Nova Mutum;Vitória
MT;5106174;Nova Nazaré;
MT;5106232;Nova Olímpia;Boa Esperança
MT;5106232;Nova Olímpia;Centro
MT;5106232;Nova Olímpia;Jardim Castanheira
MT;5106232;Nova Olímpia;Jardim das Oliveiras
MT;5106232;Nova Olímpia;Jardim Itamarati
MT;5106232;Nova Olímpia;Jardim Itamarati II
MT;5106232;Nova Olímpia;Jardim Novo Horizonte
MT;5106232;Nova Olímpia;Jardim Ouro Verde
MT;5106232;Nova Olímpia;Jardim Santa Rosa
MT;5106232;Nova Olímpia;Jardim São João I
MT;5106232;Nova Olímpia;Jardim São João II
MT;5106232;Nova Olímpia;Jardim Shangri-lá
MT;5106232;Nova Olímpia;Jardim Soletti
MT;5106232;Nova Olímpia;Residencial Itamarati
MT;5106232;Nova Olímpia;Vila Alvorada
MT;5106232;Nova Olímpia;Vila Lima
MT;5106190;Nova Santa Helena;
MT;5106240;Nova Ubiratã;
MT;5106257;Nova Xavantina;Barro Vermelho
MT;5106257;Nova Xavantina;Boa Vista
MT;5106257;Nova Xavantina;Campos Verdes
MT;5106257;Nova Xavantina;Central
MT;5106257;Nova Xavantina;Centro Comercial
MT;5106257;Nova Xavantina;Centro Oeste
MT;5106257;Nova Xavantina;Deus é Amor
MT;5106257;Nova Xavantina;Estilac Leal
MT;5106257;Nova Xavantina;Flor de Liz
MT;5106257;Nova Xavantina;Industrial
MT;5106257;Nova Xavantina;Jardim Alvorada
MT;5106257;Nova Xavantina;Jardim Oliveira
MT;5106257;Nova Xavantina;Jardim Tropical
MT;5106257;Nova Xavantina;Montes Claros
MT;5106257;Nova Xavantina;Novo Horizonte
MT;5106257;Nova Xavantina;Santa Mônica
MT;5106257;Nova Xavantina;Santana
MT;5106257;Nova Xavantina;Toneto
MT;5106257;Nova Xavantina;União
MT;5106257;Nova Xavantina;Xavantina Velha
MT;5106273;Novo Horizonte do Norte;
MT;5106265;Novo Mundo;
MT;5106315;Novo Santo Antônio;
MT;5106281;Novo São Joaquim;
MT;5106299;Paranaíta;
MT;5106307;Paranatinga;Centro
MT;5106307;Paranatinga;Novo Horizonte
MT;5106307;Paranatinga;Panorama
MT;5106307;Paranatinga;Rui Barbosa
MT;5106307;Paranatinga;Teles Pires
MT;5106307;Paranatinga;União
MT;5106307;Paranatinga;Vila Concórdia
MT;5106307;Paranatinga;Vila Nova
MT;5106307;Paranatinga;Vista alegre
MT;5106372;Pedra Preta;
MT;5106422;Peixoto de Azevedo;
MT;5106455;Planalto da Serra;
MT;5106505;Poconé;
MT;5106653;Pontal do Araguaia;
MT;5106703;Ponte Branca;
MT;5106752;Pontes e Lacerda;6 de Abril
MT;5106752;Pontes e Lacerda;Altos da Glória
MT;5106752;Pontes e Lacerda;Bela Vista
MT;5106752;Pontes e Lacerda;Cantão
MT;5106752;Pontes e Lacerda;Centro
MT;5106752;Pontes e Lacerda;DERMAT
MT;5106752;Pontes e Lacerda;EBEC
MT;5106752;Pontes e Lacerda;Flor da Serra
MT;5106752;Pontes e Lacerda;Jardim Alvorada
MT;5106752;Pontes e Lacerda;Jardim Buriti
MT;5106752;Pontes e Lacerda;Jardim das Palmeiras
MT;5106752;Pontes e Lacerda;Jardim Marília
MT;5106752;Pontes e Lacerda;Morada da Serra
MT;5106752;Pontes e Lacerda;Santa Cruz
MT;5106752;Pontes e Lacerda;São José
MT;5106752;Pontes e Lacerda;Vila Guaporé
MT;5106778;Porto Alegre do Norte;
MT;5106802;Porto dos Gaúchos;
MT;5106828;Porto Esperidião;
MT;5106851;Porto Estrela;
MT;5107008;Poxoréu;Almeida Monchão Dourado
MT;5107008;Poxoréu;Bela Vista
MT;5107008;Poxoréu;Centro
MT;5107008;Poxoréu;Centro Histórico
MT;5107008;Poxoréu;Diamante Azul
MT;5107008;Poxoréu;Irantinópolis
MT;5107008;Poxoréu;Jardim Brilhante
MT;5107008;Poxoréu;Jardim Cândido
MT;5107008;Poxoréu;Jardim das Américas
MT;5107008;Poxoréu;Jardim Novo Horizonte
MT;5107008;Poxoréu;Jardim Popular
MT;5107008;Poxoréu;Jardim Poxoréu
MT;5107008;Poxoréu;Jardim Tropical
MT;5107008;Poxoréu;João Pessoa
MT;5107008;Poxoréu;Lagoa I
MT;5107008;Poxoréu;Lagoa II
MT;5107008;Poxoréu;Maria André
MT;5107008;Poxoréu;Maria Sabina
MT;5107008;Poxoréu;Parque Industrial
MT;5107008;Poxoréu;Parque Panorama
MT;5107008;Poxoréu;Parque Rodoviário
MT;5107008;Poxoréu;Pedra Branca
MT;5107008;Poxoréu;Santa Luzia
MT;5107008;Poxoréu;Santa Maria
MT;5107008;Poxoréu;Vila Cruzeiro
MT;5107008;Poxoréu;Vila Santa Terezinha
MT;5107008;Poxoréu;Xavante
MT;5107040;Primavera do Leste;
MT;5107065;Querência;
MT;5107156;Reserva do Cabaçal;
MT;5107180;Ribeirão Cascalheira;
MT;5107198;Ribeirãozinho;Centro
MT;5107198;Ribeirãozinho;Flamboyant
MT;5107198;Ribeirãozinho;Jardim das Flores
MT;5107198;Ribeirãozinho;Jardim dos Ipês
MT;5107198;Ribeirãozinho;João de Barro
MT;5107198;Ribeirãozinho;Parque Araguaia
MT;5107198;Ribeirãozinho;Raio de Luz
MT;5107206;Rio Branco;
MT;5107578;Rondolândia;Centro
MT;5107578;Rondolândia;Colina Verde
MT;5107578;Rondolândia;Primavera
MT;5107602;Rondonópolis;Centro - A
MT;5107602;Rondonópolis;Centro - B
MT;5107602;Rondonópolis;Chácara Estrela Dalva
MT;5107602;Rondonópolis;Chácaras Adriana Quito
MT;5107602;Rondonópolis;Chácaras Alegria
MT;5107602;Rondonópolis;Chácaras Beija-flor
MT;5107602;Rondonópolis;Chácaras Beira Rio
MT;5107602;Rondonópolis;Chácaras Globo Recreio II
MT;5107602;Rondonópolis;Chácaras Nossa Senhora da Guia
MT;5107602;Rondonópolis;Chácaras Paraíso
MT;5107602;Rondonópolis;Chácaras Pica-pau
MT;5107602;Rondonópolis;Chácaras Res. Parque das Nações
MT;5107602;Rondonópolis;Chácaras Rio Vermelho
MT;5107602;Rondonópolis;Cidade Natal
MT;5107602;Rondonópolis;Cidade Salmen
MT;5107602;Rondonópolis;Conjunto Hab. Cidade de Deus
MT;5107602;Rondonópolis;Conjunto Hab. Lucia Maggi
MT;5107602;Rondonópolis;Coophalis
MT;5107602;Rondonópolis;Distrito Ind. Augusto Bortoli Razia
MT;5107602;Rondonópolis;Distrito Industrial Rondonópolis
MT;5107602;Rondonópolis;Gleba Dom Bosco
MT;5107602;Rondonópolis;Jardim América
MT;5107602;Rondonópolis;Jardim Ana Carla
MT;5107602;Rondonópolis;Jardim Assunção
MT;5107602;Rondonópolis;Jardim Assunção Segunda Parte
MT;5107602;Rondonópolis;Jardim Atlântico
MT;5107602;Rondonópolis;Jardim Beira Rio
MT;5107602;Rondonópolis;Jardim Bela Vista
MT;5107602;Rondonópolis;Jardim Belo Horizonte
MT;5107602;Rondonópolis;Jardim Belo Panorama
MT;5107602;Rondonópolis;Jardim Brasil
MT;5107602;Rondonópolis;Jardim Brasília
MT;5107602;Rondonópolis;Jardim Brasília Segunda Parte
MT;5107602;Rondonópolis;Jardim Copacabana
MT;5107602;Rondonópolis;Jardim da Mata
MT;5107602;Rondonópolis;Jardim das Flores
MT;5107602;Rondonópolis;Jardim das Hortencias
MT;5107602;Rondonópolis;Jardim das Paineiras
MT;5107602;Rondonópolis;Jardim Dinalva Muniz
MT;5107602;Rondonópolis;Jardim do Sol
MT;5107602;Rondonópolis;Jardim Dom Bosco
MT;5107602;Rondonópolis;Jardim Dom Bosco Prolongamento
MT;5107602;Rondonópolis;Jardim Dom Oscar Romero
MT;5107602;Rondonópolis;Jardim dos Pioneiros
MT;5107602;Rondonópolis;Jardim Ebenezer
MT;5107602;Rondonópolis;Jardim Eldorado
MT;5107602;Rondonópolis;Jardim Eldorado Segunda Parte
MT;5107602;Rondonópolis;Jardim Esmeralda
MT;5107602;Rondonópolis;Jardim Europa
MT;5107602;Rondonópolis;Jardim Glória
MT;5107602;Rondonópolis;Jardim Gramado
MT;5107602;Rondonópolis;Jardim Gramado Dois
MT;5107602;Rondonópolis;Jardim Guanabara
MT;5107602;Rondonópolis;Jardim Guanabara Segunda Parte
MT;5107602;Rondonópolis;Jardim HD
MT;5107602;Rondonópolis;Jardim Iguassu Primeira Parte
MT;5107602;Rondonópolis;Jardim Iguassu Segunda Parte
MT;5107602;Rondonópolis;Jardim Ipanema
MT;5107602;Rondonópolis;Jardim Ipe
MT;5107602;Rondonópolis;Jardim Ipe Prolongamento
MT;5107602;Rondonópolis;Jardim Ipiranga Três
MT;5107602;Rondonópolis;Jardim Irapua
MT;5107602;Rondonópolis;Jardim Kenia
MT;5107602;Rondonópolis;Jardim Liberdade I Parte
MT;5107602;Rondonópolis;Jardim Liberdade II Parte
MT;5107602;Rondonópolis;Jardim Lourdes
MT;5107602;Rondonópolis;Jardim Maracanã
MT;5107602;Rondonópolis;Jardim Marajó
MT;5107602;Rondonópolis;Jardim Maria Tereza
MT;5107602;Rondonópolis;Jardim Maria Vetorasso
MT;5107602;Rondonópolis;Jardim Marialva
MT;5107602;Rondonópolis;Jardim Mato Grosso
MT;5107602;Rondonópolis;Jardim Mato Grosso Prolongamento
MT;5107602;Rondonópolis;Jardim Mirrasol
MT;5107602;Rondonópolis;Jardim Modelo
MT;5107602;Rondonópolis;Jardim Morada dos Bandeirantes
MT;5107602;Rondonópolis;Jardim Morumbi
MT;5107602;Rondonópolis;Jardim Nilmara
MT;5107602;Rondonópolis;Jardim Nossa Senhora da Gloria
MT;5107602;Rondonópolis;Jardim Novo Horizonte
MT;5107602;Rondonópolis;Jardim Oliveira
MT;5107602;Rondonópolis;Jardim Oliveira Segunda Parte
MT;5107602;Rondonópolis;Jardim Padre Rodolfo Lunkenbei
MT;5107602;Rondonópolis;Jardim Paulista
MT;5107602;Rondonópolis;Jardim Pindorama 1A Parte
MT;5107602;Rondonópolis;Jardim Pindorama 2A Parte
MT;5107602;Rondonópolis;Jardim Primavera Primeira Parte
MT;5107602;Rondonópolis;Jardim Primavera Segunda Parte
MT;5107602;Rondonópolis;Jardim Progresso
MT;5107602;Rondonópolis;Jardim Reis
MT;5107602;Rondonópolis;Jardim Residencial Lajeadinho
MT;5107602;Rondonópolis;Jardim Residencial São José
MT;5107602;Rondonópolis;Jardim Riviera
MT;5107602;Rondonópolis;Jardim Rondônia
MT;5107602;Rondonópolis;Jardim Rui Barbosa
MT;5107602;Rondonópolis;Jardim Santa Bárbara
MT;5107602;Rondonópolis;Jardim Santa Clara
MT;5107602;Rondonópolis;Jardim Santa Clara 2A Parte
MT;5107602;Rondonópolis;Jardim Santa Fé
MT;5107602;Rondonópolis;Jardim Santa Luzdayara
MT;5107602;Rondonópolis;Jardim Santa Marta
MT;5107602;Rondonópolis;Jardim Santa Rosa
MT;5107602;Rondonópolis;Jardim São Bento
MT;5107602;Rondonópolis;Jardim São Francisco
MT;5107602;Rondonópolis;Jardim Serra Dourada 1A Parte
MT;5107602;Rondonópolis;Jardim Serra Dourada 2A Parte
MT;5107602;Rondonópolis;Jardim Sumaré
MT;5107602;Rondonópolis;Jardim Sunflower
MT;5107602;Rondonópolis;Jardim Taiti
MT;5107602;Rondonópolis;Jardim Tancredo Neves
MT;5107602;Rondonópolis;Jardim Três Poderes
MT;5107602;Rondonópolis;Jardim Tropical
MT;5107602;Rondonópolis;Jardim Urupes
MT;5107602;Rondonópolis;Jardim Urupes - A
MT;5107602;Rondonópolis;Jardim Vera Cruz
MT;5107602;Rondonópolis;Jardim Village do Cerrado
MT;5107602;Rondonópolis;João Dom Bosco Segunda Parte
MT;5107602;Rondonópolis;La Salle AG-31
MT;5107602;Rondonópolis;La Salle AG-32
MT;5107602;Rondonópolis;Lot. Padre João Bosco Burnier
MT;5107602;Rondonópolis;Loteamento Alves
MT;5107602;Rondonópolis;Loteamento André Maggi
MT;5107602;Rondonópolis;Loteamento Carlos Bezerra
MT;5107602;Rondonópolis;Loteamento Carlos Bezerra II
MT;5107602;Rondonópolis;Loteamento Cellos
MT;5107602;Rondonópolis;Loteamento Esplanada
MT;5107602;Rondonópolis;Loteamento Jacob
MT;5107602;Rondonópolis;Loteamento Jambalaia Primeira Parte
MT;5107602;Rondonópolis;Loteamento Jambalaia Segunda Parte
MT;5107602;Rondonópolis;Loteamento Kennedy
MT;5107602;Rondonópolis;Loteamento Monte Líbano
MT;5107602;Rondonópolis;Loteamento N. Senhora Aparecida
MT;5107602;Rondonópolis;Loteamento N. Senhora do Carmo
MT;5107602;Rondonópolis;Loteamento Olivina
MT;5107602;Rondonópolis;Loteamento Padre Ezequiel Ramim
MT;5107602;Rondonópolis;Loteamento Parque das Rosas
MT;5107602;Rondonópolis;Loteamento Pedra Noventa
MT;5107602;Rondonópolis;Loteamento Quiteria Teruel Lopes
MT;5107602;Rondonópolis;Loteamento Santa Esther
MT;5107602;Rondonópolis;Loteamento Santa Laura
MT;5107602;Rondonópolis;Loteamento Santos Dumont
MT;5107602;Rondonópolis;Loteamento Valencia Cristina
MT;5107602;Rondonópolis;Loteamento Zé Sobrinho
MT;5107602;Rondonópolis;Núcleo Hab. Marechal Rondon
MT;5107602;Rondonópolis;Núcleo Hab. Rio Vermelho
MT;5107602;Rondonópolis;Núcleo Hab. São José Dois
MT;5107602;Rondonópolis;Núcleo Hab. São José Três
MT;5107602;Rondonópolis;Núcleo Hab. São José Um
MT;5107602;Rondonópolis;Núcleo Habitacional Participação
MT;5107602;Rondonópolis;Núcleo Habitacional Verde Teto
MT;5107602;Rondonópolis;Parque Ind. Fabrício Vetorasso Mendes
MT;5107602;Rondonópolis;Parque Ind. Vetorasso
MT;5107602;Rondonópolis;Parque Real
MT;5107602;Rondonópolis;Parque Residencial Buriti
MT;5107602;Rondonópolis;Parque Residencial Cidade Alta
MT;5107602;Rondonópolis;Parque Residencial Cidade Alta II
MT;5107602;Rondonópolis;Parque Residencial Nova Era
MT;5107602;Rondonópolis;Parque Residencial Oasis
MT;5107602;Rondonópolis;Parque Residencial Universitário
MT;5107602;Rondonópolis;Parque Sagrada Família
MT;5107602;Rondonópolis;Parque São Jorge
MT;5107602;Rondonópolis;Portal do Cerrado
MT;5107602;Rondonópolis;Projeto João de Barro
MT;5107602;Rondonópolis;Prolongamento
MT;5107602;Rondonópolis;Recanto Maria Flávia
MT;5107602;Rondonópolis;Residencial Bela Vista
MT;5107602;Rondonópolis;Residencial Margaridas
MT;5107602;Rondonópolis;Residencial Paraíso
MT;5107602;Rondonópolis;Residencial Sítio Farias
MT;5107602;Rondonópolis;Residencial Vila Mineira
MT;5107602;Rondonópolis;Santa Cruz
MT;5107602;Rondonópolis;Setor Residencial Boa Vista
MT;5107602;Rondonópolis;Setor Residencial Granville I
MT;5107602;Rondonópolis;Setor Residencial Granville II
MT;5107602;Rondonópolis;Sítio de Recreio Elierica
MT;5107602;Rondonópolis;Sítio de Recreio São Rosalvo
MT;5107602;Rondonópolis;Sítio Farias
MT;5107602;Rondonópolis;Vila Adriana
MT;5107602;Rondonópolis;Vila Amizade
MT;5107602;Rondonópolis;Vila Andreia
MT;5107602;Rondonópolis;Vila Aurora Primeira Parte
MT;5107602;Rondonópolis;Vila Aurora Segunda Parte
MT;5107602;Rondonópolis;Vila Aurora Terceira Parte
MT;5107602;Rondonópolis;Vila Baixa
MT;5107602;Rondonópolis;Vila Birigui
MT;5107602;Rondonópolis;Vila Boa Esperança
MT;5107602;Rondonópolis;Vila Bom Pastor
MT;5107602;Rondonópolis;Vila Canaã
MT;5107602;Rondonópolis;Vila Cardoso
MT;5107602;Rondonópolis;Vila Carvalho
MT;5107602;Rondonópolis;Vila Castelo
MT;5107602;Rondonópolis;Vila Clarion
MT;5107602;Rondonópolis;Vila Dom Pedro
MT;5107602;Rondonópolis;Vila Duarte
MT;5107602;Rondonópolis;Vila Duste Vilalba
MT;5107602;Rondonópolis;Vila Esperança
MT;5107602;Rondonópolis;Vila Estrela Dalva
MT;5107602;Rondonópolis;Vila Florisbela
MT;5107602;Rondonópolis;Vila Goulart
MT;5107602;Rondonópolis;Vila Goulart 2 Parte
MT;5107602;Rondonópolis;Vila Goulart 3 Parte
MT;5107602;Rondonópolis;Vila Ipiranga
MT;5107602;Rondonópolis;Vila Iracy
MT;5107602;Rondonópolis;Vila Itamaraty
MT;5107602;Rondonópolis;Vila José Luis
MT;5107602;Rondonópolis;Vila Kamal Jumblat
MT;5107602;Rondonópolis;Vila Mamed
MT;5107602;Rondonópolis;Vila Maria
MT;5107602;Rondonópolis;Vila Mariana
MT;5107602;Rondonópolis;Vila Mariley
MT;5107602;Rondonópolis;Vila Marinapolis
MT;5107602;Rondonópolis;Vila Nova - A
MT;5107602;Rondonópolis;Vila Olga Maria
MT;5107602;Rondonópolis;Vila Olinda
MT;5107602;Rondonópolis;Vila Operária
MT;5107602;Rondonópolis;Vila Planalto
MT;5107602;Rondonópolis;Vila Poroxo
MT;5107602;Rondonópolis;Vila Portal das Águas
MT;5107602;Rondonópolis;Vila Rica
MT;5107602;Rondonópolis;Vila Rosaly
MT;5107602;Rondonópolis;Vila Salmem Segunda Parte
MT;5107602;Rondonópolis;Vila Salmen I
MT;5107602;Rondonópolis;Vila Salmen II
MT;5107602;Rondonópolis;Vila Santa Catarina
MT;5107602;Rondonópolis;Vila Santa Catarina 2A Parte
MT;5107602;Rondonópolis;Vila Santa Luzia
MT;5107602;Rondonópolis;Vila Santa Maria
MT;5107602;Rondonópolis;Vila Santo Antonio
MT;5107602;Rondonópolis;Vila São José
MT;5107602;Rondonópolis;Vila São Paulo
MT;5107602;Rondonópolis;Vila São Pedro
MT;5107602;Rondonópolis;Vila São Sebastião Dois
MT;5107602;Rondonópolis;Vila São Sebastião Um
MT;5107602;Rondonópolis;Vila União
MT;5107602;Rondonópolis;Vila Valéria
MT;5107602;Rondonópolis;Vila Verde
MT;5107701;Rosário Oeste;Aeroporto
MT;5107701;Rosário Oeste;Alto
MT;5107701;Rosário Oeste;Centro
MT;5107701;Rosário Oeste;Cohab Velha
MT;5107701;Rosário Oeste;Da Torre
MT;5107701;Rosário Oeste;Monjolo
MT;5107701;Rosário Oeste;Nossa Senhora Aparecida
MT;5107701;Rosário Oeste;Nossa Senhora da Piedade
MT;5107701;Rosário Oeste;Santa Isabel
MT;5107701;Rosário Oeste;Santo Antônio
MT;5107701;Rosário Oeste;São Benedito
MT;5107750;Salto do Céu;
MT;5107248;Santa Carmem;
MT;5107743;Santa Cruz do Xingu;
MT;5107768;Santa Rita do Trivelato;
MT;5107776;Santa Terezinha;
MT;5107263;Santo Afonso;Bandeirantes
MT;5107263;Santo Afonso;Bolívia
MT;5107263;Santo Afonso;Centro
MT;5107263;Santo Afonso;Conjunto Habitacional Dona Jacinta
MT;5107263;Santo Afonso;Vila Alta
MT;5107800;Santo Antônio de Leverger;
MT;5107792;Santo Antônio do Leste;
MT;5107859;São Félix do Araguaia;
MT;5107297;São José do Povo;
MT;5107305;São José do Rio Claro;Jardim Arco-Íris
MT;5107305;São José do Rio Claro;Jardim Bela Vista
MT;5107305;São José do Rio Claro;Jardim Casa Nova
MT;5107305;São José do Rio Claro;Jardim Novo Horizonte
MT;5107305;São José do Rio Claro;Jardim Olinda
MT;5107305;São José do Rio Claro;Jardim Rio Claro
MT;5107354;São José do Xingu;
MT;5107107;São José dos Quatro Marcos;
MT;5107404;São Pedro da Cipa;
MT;5107875;Sapezal;
MT;5107883;Serra Nova Dourada;
MT;5107909;Sinop;Bairro São Cristóvão
MT;5107909;Sinop;Chácara de Lazer São Cristóvão II
MT;5107909;Sinop;Chácara Maria Carolina II
MT;5107909;Sinop;Habitar Brasil
MT;5107909;Sinop;Jardim América
MT;5107909;Sinop;Jardim Boa Esperança
MT;5107909;Sinop;Jardim Botânico
MT;5107909;Sinop;Jardim Celeste
MT;5107909;Sinop;Jardim das Azaléias
MT;5107909;Sinop;Jardim das Nações
MT;5107909;Sinop;Jardim das Nações II
MT;5107909;Sinop;Jardim das Nações III
MT;5107909;Sinop;Jardim das Oliveiras
MT;5107909;Sinop;Jardim das Orquídeas
MT;5107909;Sinop;Jardim das Palmeiras
MT;5107909;Sinop;Jardim Europa
MT;5107909;Sinop;Jardim Ibirapuera
MT;5107909;Sinop;Jardim Imperial
MT;5107909;Sinop;Jardim Ipê
MT;5107909;Sinop;Jardim Ipiranga
MT;5107909;Sinop;Jardim Italia
MT;5107909;Sinop;Jardim Jacarandas
MT;5107909;Sinop;Jardim Maringá
MT;5107909;Sinop;Jardim Novo Estado
MT;5107909;Sinop;Jardim Ouro
MT;5107909;Sinop;Jardim Paraíso
MT;5107909;Sinop;Jardim Paulista
MT;5107909;Sinop;Jardim Paulista II
MT;5107909;Sinop;Jardim Primavera
MT;5107909;Sinop;Jardim Santa Monica
MT;5107909;Sinop;Jardim Santa Rita
MT;5107909;Sinop;Jardim São Paulo I e II
MT;5107909;Sinop;Jardim Terra Rica
MT;5107909;Sinop;Jardim Umuarama
MT;5107909;Sinop;Jardim Umuarama II
MT;5107909;Sinop;Jardim Violetas
MT;5107909;Sinop;Loteamento Florais da Amazônia
MT;5107909;Sinop;Loteamento Menino Jesus
MT;5107909;Sinop;Loteamento Menino Jesus II
MT;5107909;Sinop;Parque das Araras
MT;5107909;Sinop;Pequena Londres
MT;5107909;Sinop;Residencial Bella Suíça
MT;5107909;Sinop;Residencial Brasília
MT;5107909;Sinop;Residencial Chácara 1-B-1
MT;5107909;Sinop;Residencial Delta
MT;5107909;Sinop;Residencial Gente Feliz
MT;5107909;Sinop;Residencial Jequitibás
MT;5107909;Sinop;Residencial José Adriano Leitão
MT;5107909;Sinop;Residencial Lisboa
MT;5107909;Sinop;Residencial Maripa
MT;5107909;Sinop;Residencial Nossa Senhora Aparecida
MT;5107909;Sinop;Residencial Nossa Senhora Aparecida II
MT;5107909;Sinop;Residencial Perola
MT;5107909;Sinop;Residencial Villa Italia
MT;5107909;Sinop;Residencial Village
MT;5107909;Sinop;Residencial Vitória Régia
MT;5107909;Sinop;Setor Comercial
MT;5107909;Sinop;Setor Industrial
MT;5107909;Sinop;Setor Residencial Norte
MT;5107909;Sinop;Setor Residencial Sul
MT;5107925;Sorriso;Bela Vista
MT;5107925;Sorriso;Benjamim Raiser
MT;5107925;Sorriso;Boa Esperança
MT;5107925;Sorriso;Bom Jesus
MT;5107925;Sorriso;Fraternidade
MT;5107925;Sorriso;Jardim Alvorada
MT;5107925;Sorriso;Jardim Amazônia
MT;5107925;Sorriso;Jardim Aurora
MT;5107925;Sorriso;Jardim Bela Vista
MT;5107925;Sorriso;Jardim Califónia
MT;5107925;Sorriso;Jardim das Américas
MT;5107925;Sorriso;Jardim Europa
MT;5107925;Sorriso;Jardim Itália
MT;5107925;Sorriso;Jardim Primavera
MT;5107925;Sorriso;Jardim Taiamã
MT;5107925;Sorriso;Jardim Tropical
MT;5107925;Sorriso;Morada do Sol
MT;5107925;Sorriso;Nova Prata
MT;5107925;Sorriso;Parque Universitário
MT;5107925;Sorriso;Recanto dos Pássaros
MT;5107925;Sorriso;Residencial Alphaville
MT;5107925;Sorriso;Residencial Vila Bela
MT;5107925;Sorriso;Residencial Village
MT;5107925;Sorriso;São Domingos
MT;5107925;Sorriso;São José I
MT;5107925;Sorriso;São José II
MT;5107925;Sorriso;Vitória Régia
MT;5107941;Tabaporã;
MT;5107958;Tangará da Serra;Centro
MT;5107958;Tangará da Serra;Jardim Acácia
MT;5107958;Tangará da Serra;Jardim Aeroporto
MT;5107958;Tangará da Serra;Jardim Alto da Boa Vista
MT;5107958;Tangará da Serra;Jardim Buritis
MT;5107958;Tangará da Serra;Jardim Cidade Alta
MT;5107958;Tangará da Serra;Jardim Dona Júlia
MT;5107958;Tangará da Serra;Jardim dos Ipês
MT;5107958;Tangará da Serra;Jardim Esmeralda
MT;5107958;Tangará da Serra;Jardim Europa
MT;5107958;Tangará da Serra;Jardim Floriza
MT;5107958;Tangará da Serra;Jardim Goiás
MT;5107958;Tangará da Serra;Jardim Horizonte
MT;5107958;Tangará da Serra;Jardim Mituo
MT;5107958;Tangará da Serra;Jardim Monte Líbano
MT;5107958;Tangará da Serra;Jardim Morada do Sol
MT;5107958;Tangará da Serra;Jardim Nazaré
MT;5107958;Tangará da Serra;Jardim Rio Preto
MT;5107958;Tangará da Serra;Jardim Santa Lúcia
MT;5107958;Tangará da Serra;Jardim São Paulo
MT;5107958;Tangará da Serra;Jardim Shangri-lá
MT;5107958;Tangará da Serra;Jardim Tanaka
MT;5107958;Tangará da Serra;Jardim Tarumã
MT;5107958;Tangará da Serra;Parque da Serra
MT;5107958;Tangará da Serra;Parque Figueira
MT;5107958;Tangará da Serra;Parque Mansões
MT;5107958;Tangará da Serra;Parque Tangará
MT;5107958;Tangará da Serra;Parque Universitário
MT;5107958;Tangará da Serra;Setor 1
MT;5107958;Tangará da Serra;Setor 10
MT;5107958;Tangará da Serra;Setor 11
MT;5107958;Tangará da Serra;Setor 12
MT;5107958;Tangará da Serra;Setor 13
MT;5107958;Tangará da Serra;Setor 14
MT;5107958;Tangará da Serra;Setor 15
MT;5107958;Tangará da Serra;Setor 16
MT;5107958;Tangará da Serra;Setor 17
MT;5107958;Tangará da Serra;Setor 18
MT;5107958;Tangará da Serra;Setor 19
MT;5107958;Tangará da Serra;Setor 2
MT;5107958;Tangará da Serra;Setor 20
MT;5107958;Tangará da Serra;Setor 21
MT;5107958;Tangará da Serra;Setor 22
MT;5107958;Tangará da Serra;Setor 23
MT;5107958;Tangará da Serra;Setor 24
MT;5107958;Tangará da Serra;Setor 25
MT;5107958;Tangará da Serra;Setor 26
MT;5107958;Tangará da Serra;Setor 27
MT;5107958;Tangará da Serra;Setor 28
MT;5107958;Tangará da Serra;Setor 3
MT;5107958;Tangará da Serra;Setor 4
MT;5107958;Tangará da Serra;Setor 5
MT;5107958;Tangará da Serra;Setor 6
MT;5107958;Tangará da Serra;Setor 7
MT;5107958;Tangará da Serra;Setor 8
MT;5107958;Tangará da Serra;Setor 9
MT;5108006;Tapurah;Cristo Rei
MT;5108006;Tapurah;Jardim Juliana
MT;5108006;Tapurah;Joelma
MT;5108006;Tapurah;São Cristovão
MT;5108055;Terra Nova do Norte;
MT;5108105;Tesouro;
MT;5108204;Torixoréu;
MT;5108303;União do Sul;Centro
MT;5108303;União do Sul;Imperatriz
MT;5108303;União do Sul;São Luiz
MT;5108352;Vale de São Domingos;
MT;5108402;Várzea Grande;23 de Setembro
MT;5108402;Várzea Grande;Canelas
MT;5108402;Várzea Grande;Capão do Pequi
MT;5108402;Várzea Grande;Centro Norte
MT;5108402;Várzea Grande;Centro Sul
MT;5108402;Várzea Grande;Costa Verde
MT;5108402;Várzea Grande;Cristo Rei
MT;5108402;Várzea Grande;Glória
MT;5108402;Várzea Grande;Ikaray
MT;5108402;Várzea Grande;Jardim dos Estados
MT;5108402;Várzea Grande;Mapim
MT;5108402;Várzea Grande;Marajoara
MT;5108402;Várzea Grande;Novo Mundo
MT;5108402;Várzea Grande;Paiaguás
MT;5108402;Várzea Grande;Parque do Lago
MT;5108402;Várzea Grande;Petrópolis
MT;5108402;Várzea Grande;Ponte Nova
MT;5108402;Várzea Grande;Primavera
MT;5108402;Várzea Grande;Santa Izabel
MT;5108402;Várzea Grande;São Mateus
MT;5108402;Várzea Grande;São Matheus
MT;5108402;Várzea Grande;São Simão
MT;5108402;Várzea Grande;Vitória Régia
MT;5108501;Vera;
MT;5105507;Vila Bela da Santíssima Trindade;
MT;5108600;Vila Rica;Bela Vista
MT;5108600;Vila Rica;Cidade Jardim
MT;5108600;Vila Rica;Inconfidentes
MT;5108600;Vila Rica;Vila Nova
PA;1500107;Abaetetuba;Algodoal
PA;1500107;Abaetetuba;Aviação
PA;1500107;Abaetetuba;Castanhal
PA;1500107;Abaetetuba;Centro
PA;1500107;Abaetetuba;Cristo Redentor
PA;1500107;Abaetetuba;Francilândia
PA;1500107;Abaetetuba;Mutirão
PA;1500107;Abaetetuba;Santa Clara
PA;1500107;Abaetetuba;Santa Rosa
PA;1500107;Abaetetuba;São Domingos da Angélica
PA;1500107;Abaetetuba;São João
PA;1500107;Abaetetuba;São José
PA;1500107;Abaetetuba;São Lourenço
PA;1500107;Abaetetuba;São Sebastião
PA;1500131;Abel Figueiredo;
PA;1500206;Acará;
PA;1500305;Afuá;Capim Marinho
PA;1500347;Água Azul do Norte;
PA;1500404;Alenquer;
PA;1500503;Almeirim;
PA;1500602;Altamira;Alberto Soares
PA;1500602;Altamira;Aparecida
PA;1500602;Altamira;Bela Vista
PA;1500602;Altamira;Boa Esperança
PA;1500602;Altamira;Brasília
PA;1500602;Altamira;Centro
PA;1500602;Altamira;Colinas
PA;1500602;Altamira;Esplanada do Xingu
PA;1500602;Altamira;Ibiza
PA;1500602;Altamira;Jardim Altamira
PA;1500602;Altamira;Jardim Independente I
PA;1500602;Altamira;Jardim Independente II
PA;1500602;Altamira;Jardim Uirapuru
PA;1500602;Altamira;Liberdade
PA;1500602;Altamira;Multirão
PA;1500602;Altamira;Nova Altamira
PA;1500602;Altamira;Premem
PA;1500602;Altamira;Sudam I
PA;1500602;Altamira;Sudam II
PA;1500701;Anajás;
PA;1500800;Ananindeua;
PA;1500859;Anapu;
PA;1500909;Augusto Corrêa;
PA;1500958;Aurora do Pará;
PA;1501006;Aveiro;
PA;1501105;Bagre;
PA;1501204;Baião;
PA;1501253;Bannach;
PA;1501303;Barcarena;
PA;1501402;Belém;Aeroporto
PA;1501402;Belém;Água Boa
PA;1501402;Belém;Águas Lindas
PA;1501402;Belém;Águas Negras
PA;1501402;Belém;Agulha
PA;1501402;Belém;Arirambá
PA;1501402;Belém;Aurá
PA;1501402;Belém;Baía do Sol
PA;1501402;Belém;Barreiro
PA;1501402;Belém;Batista Campos
PA;1501402;Belém;Bengui
PA;1501402;Belém;Bonfim
PA;1501402;Belém;Brasília
PA;1501402;Belém;Cabanagem
PA;1501402;Belém;Campina
PA;1501402;Belém;Campina de Icoaraci
PA;1501402;Belém;Canudos
PA;1501402;Belém;Carananduba
PA;1501402;Belém;Caruara
PA;1501402;Belém;Castanheira
PA;1501402;Belém;Chapéu Virado
PA;1501402;Belém;Cidade Velha
PA;1501402;Belém;Condor
PA;1501402;Belém;Coqueiro
PA;1501402;Belém;Cremação
PA;1501402;Belém;Cruzeiro
PA;1501402;Belém;Curió-Utinga
PA;1501402;Belém;Farol
PA;1501402;Belém;Fátima
PA;1501402;Belém;Guamá
PA;1501402;Belém;Guanabara
PA;1501402;Belém;Itaiteua
PA;1501402;Belém;Jurunas
PA;1501402;Belém;Mangueirão
PA;1501402;Belém;Mangueiras
PA;1501402;Belém;Maracacuera
PA;1501402;Belém;Maracajá
PA;1501402;Belém;Maracangalha
PA;1501402;Belém;Marahú
PA;1501402;Belém;Marambaia
PA;1501402;Belém;Marco
PA;1501402;Belém;Miramar
PA;1501402;Belém;Montese (Terra Firme)
PA;1501402;Belém;Montese - Terra Firme
PA;1501402;Belém;Murubira
PA;1501402;Belém;Natal do Murubira
PA;1501402;Belém;Nazaré
PA;1501402;Belém;Paracuri
PA;1501402;Belém;Paraíso
PA;1501402;Belém;Parque Guajará
PA;1501402;Belém;Parque Verde
PA;1501402;Belém;Pedreira
PA;1501402;Belém;Ponta Grossa
PA;1501402;Belém;Porto Arthur
PA;1501402;Belém;Praia Grande
PA;1501402;Belém;Pratinha
PA;1501402;Belém;Reduto
PA;1501402;Belém;Sacramenta
PA;1501402;Belém;São Bras
PA;1501402;Belém;São Brás
PA;1501402;Belém;São Clemente
PA;1501402;Belém;São Francisco
PA;1501402;Belém;São João do Outeiro
PA;1501402;Belém;Souza
PA;1501402;Belém;Sucurijuquara
PA;1501402;Belém;Tapanã
PA;1501402;Belém;Telégrafo
PA;1501402;Belém;Tenoné
PA;1501402;Belém;Umarizal
PA;1501402;Belém;Una
PA;1501402;Belém;Universitário
PA;1501402;Belém;Val-de-Cães
PA;1501402;Belém;Vila
PA;1501451;Belterra;
PA;1501501;Benevides;Begolândia
PA;1501501;Benevides;Cajueiro
PA;1501501;Benevides;Centro
PA;1501501;Benevides;Duque de Caxias
PA;1501501;Benevides;Flores
PA;1501501;Benevides;Independente
PA;1501501;Benevides;Liberdade
PA;1501501;Benevides;Madre Teresa
PA;1501501;Benevides;Maguari
PA;1501501;Benevides;Neópolis
PA;1501501;Benevides;Novo Bairro
PA;1501501;Benevides;Presidente Médici
PA;1501501;Benevides;Santa Rosa
PA;1501501;Benevides;Santos Dumont
PA;1501576;Bom Jesus do Tocantins;
PA;1501600;Bonito;
PA;1501709;Bragança;Aldeia
PA;1501709;Bragança;Alegre
PA;1501709;Bragança;Centro
PA;1501709;Bragança;Cereja
PA;1501709;Bragança;Morro
PA;1501709;Bragança;Padre Luís
PA;1501709;Bragança;Padre Luis
PA;1501709;Bragança;Perpétuo Socorro
PA;1501709;Bragança;Riozinho
PA;1501709;Bragança;Samaumapara
PA;1501709;Bragança;Taíra
PA;1501709;Bragança;Vila Nova
PA;1501709;Bragança;Vila Sinhá
PA;1501725;Brasil Novo;
PA;1501758;Brejo Grande do Araguaia;
PA;1501782;Breu Branco;Bela Vista
PA;1501782;Breu Branco;Centro
PA;1501782;Breu Branco;Conquista
PA;1501782;Breu Branco;Continental
PA;1501782;Breu Branco;Felicidade
PA;1501782;Breu Branco;Japonês
PA;1501782;Breu Branco;Liberdade
PA;1501782;Breu Branco;Novo Horizonte
PA;1501782;Breu Branco;Novo Paraíso
PA;1501808;Breves;
PA;1501907;Bujaru;
PA;1502004;Cachoeira do Arari;
PA;1501956;Cachoeira do Piriá;
PA;1502103;Cametá;Aldeia
PA;1502103;Cametá;Baixa Verde
PA;1502103;Cametá;Brasília
PA;1502103;Cametá;Cidade Nova
PA;1502103;Cametá;Jardim Primavera
PA;1502103;Cametá;Marambaia
PA;1502103;Cametá;Matinha
PA;1502103;Cametá;Nova Cametá
PA;1502103;Cametá;Novo
PA;1502103;Cametá;Santa Maria
PA;1502103;Cametá;São Benedito
PA;1502103;Cametá;São João Batista
PA;1502103;Cametá;São Pedro
PA;1502152;Canaã dos Carajás;
PA;1502202;Capanema;
PA;1502301;Capitão Poço;
PA;1502400;Castanhal;
PA;1502509;Chaves;
PA;1502608;Colares;
PA;1502707;Conceição do Araguaia;Canudinho
PA;1502707;Conceição do Araguaia;Capelinha
PA;1502707;Conceição do Araguaia;Centro
PA;1502707;Conceição do Araguaia;Cruzeiro
PA;1502707;Conceição do Araguaia;Dos Pescadores
PA;1502707;Conceição do Araguaia;dos Pescadores
PA;1502707;Conceição do Araguaia;Emerêncio
PA;1502707;Conceição do Araguaia;Giovamira
PA;1502707;Conceição do Araguaia;Jardim Petrópolis
PA;1502707;Conceição do Araguaia;Morada do Sol
PA;1502707;Conceição do Araguaia;Novo Araguaia
PA;1502707;Conceição do Araguaia;Olaria Norte
PA;1502707;Conceição do Araguaia;São Luiz I
PA;1502707;Conceição do Araguaia;São Luiz II
PA;1502707;Conceição do Araguaia;Tancredo Neves
PA;1502707;Conceição do Araguaia;Universitário
PA;1502707;Conceição do Araguaia;Vila Amizade
PA;1502707;Conceição do Araguaia;Vila Nova
PA;1502707;Conceição do Araguaia;Vila Real
PA;1502756;Concórdia do Pará;
PA;1502764;Cumaru do Norte;
PA;1502772;Curionópolis;
PA;1502806;Curralinho;
PA;1502855;Curuá;Centro
PA;1502855;Curuá;Cidade Nova
PA;1502855;Curuá;Curuá Velho
PA;1502855;Curuá;Nossa Senhora do Carmo
PA;1502855;Curuá;Nova Floresta
PA;1502855;Curuá;Planalto
PA;1502855;Curuá;Ribeirinho
PA;1502855;Curuá;Santa Maria Goretti
PA;1502855;Curuá;Santa Terezinha
PA;1502905;Curuçá;
PA;1502939;Dom Eliseu;
PA;1502954;Eldorado do Carajás;
PA;1503002;Faro;Campina
PA;1503002;Faro;Centro da Cidade
PA;1503002;Faro;Morumbi
PA;1503002;Faro;Nossa Senhora de Aparecida
PA;1503002;Faro;Porto de Cima
PA;1503044;Floresta do Araguaia;
PA;1503077;Garrafão do Norte;
PA;1503093;Goianésia do Pará;
PA;1503101;Gurupá;
PA;1503200;Igarapé-Açu;
PA;1503309;Igarapé-Miri;Boa Esperança
PA;1503309;Igarapé-Miri;Centro
PA;1503309;Igarapé-Miri;Cidade Nova
PA;1503309;Igarapé-Miri;Jatuíra
PA;1503309;Igarapé-Miri;Matinha
PA;1503309;Igarapé-Miri;Perpétuo Socorro
PA;1503309;Igarapé-Miri;Santa Clara
PA;1503408;Inhangapi;
PA;1503457;Ipixuna do Pará;
PA;1503507;Irituia;
PA;1503606;Itaituba;Bela Vista
PA;1503606;Itaituba;Boa Esperança
PA;1503606;Itaituba;Bom Jardim
PA;1503606;Itaituba;Bom Remédio
PA;1503606;Itaituba;Campo Belo
PA;1503606;Itaituba;Comercial
PA;1503606;Itaituba;Floresta
PA;1503606;Itaituba;Incra
PA;1503606;Itaituba;Jardim Aeroporto
PA;1503606;Itaituba;Jardim América
PA;1503606;Itaituba;Jardim das Araras
PA;1503606;Itaituba;Jardim do Éden
PA;1503606;Itaituba;Jardim Tapajós
PA;1503606;Itaituba;Liberdade
PA;1503606;Itaituba;Maria Magdalena
PA;1503606;Itaituba;Nossa Senhora do Perpétuo Socorro
PA;1503606;Itaituba;Nova Itaituba
PA;1503606;Itaituba;Nova Miritituba
PA;1503606;Itaituba;Paz
PA;1503606;Itaituba;Piracanã
PA;1503606;Itaituba;Santo Antônio
PA;1503606;Itaituba;São Francisco
PA;1503606;Itaituba;São José
PA;1503606;Itaituba;São Tomé
PA;1503606;Itaituba;União
PA;1503606;Itaituba;Vale do Piracanã
PA;1503606;Itaituba;Vale do Tapajós
PA;1503606;Itaituba;Vitória Régia
PA;1503606;Itaituba;Viva Itaituba
PA;1503705;Itupiranga;
PA;1503754;Jacareacanga;
PA;1503804;Jacundá;
PA;1503903;Juruti;
PA;1504000;Limoeiro do Ajuru;
PA;1504059;Mãe do Rio;
PA;1504109;Magalhães Barata;
PA;1504208;Marabá;
PA;1504307;Maracanã;
PA;1504406;Marapanim;
PA;1504422;Marituba;Almir Gabriel
PA;1504422;Marituba;Bairro Novo
PA;1504422;Marituba;Bela Vista
PA;1504422;Marituba;Boa Vista
PA;1504422;Marituba;Canaã
PA;1504422;Marituba;Centro
PA;1504422;Marituba;Decoville
PA;1504422;Marituba;Dom Aristides
PA;1504422;Marituba;Miritizal
PA;1504422;Marituba;Nova Marituba
PA;1504422;Marituba;Novo Horizonte
PA;1504422;Marituba;Oriboca
PA;1504422;Marituba;Pedreirinha
PA;1504422;Marituba;Riacho Doce
PA;1504422;Marituba;Santa Clara
PA;1504422;Marituba;Santa Lúcia
PA;1504422;Marituba;São Francisco
PA;1504422;Marituba;São João
PA;1504422;Marituba;São José
PA;1504422;Marituba;União
PA;1504455;Medicilândia;
PA;1504505;Melgaço;
PA;1504604;Mocajuba;
PA;1504703;Moju;
PA;1504752;Mojuí dos Campos;
PA;1504802;Monte Alegre;Cidade Baixa
PA;1504802;Monte Alegre;Curaxi
PA;1504802;Monte Alegre;Pajuçara
PA;1504802;Monte Alegre;Papagaio
PA;1504802;Monte Alegre;Planalto
PA;1504802;Monte Alegre;Serra Ocidental
PA;1504802;Monte Alegre;Serra Oriental
PA;1504802;Monte Alegre;Turu
PA;1504901;Muaná;
PA;1504950;Nova Esperança do Piriá;
PA;1504976;Nova Ipixuna;
PA;1505007;Nova Timboteua;
PA;1505031;Novo Progresso;
PA;1505064;Novo Repartimento;Parque da Ladeira
PA;1505064;Novo Repartimento;Parque Espigão
PA;1505064;Novo Repartimento;Parque Morumbi
PA;1505064;Novo Repartimento;Parque Uirapuru
PA;1505064;Novo Repartimento;Parque Vale do Sol
PA;1505064;Novo Repartimento;Parque Vila Nova
PA;1505064;Novo Repartimento;Parque Vila Tucuruí
PA;1505106;Óbidos;Bela Vista
PA;1505106;Óbidos;Centro
PA;1505106;Óbidos;Cidade Nova
PA;1505106;Óbidos;Fátima
PA;1505106;Óbidos;Lourdes
PA;1505106;Óbidos;Perpétuo Socorro
PA;1505106;Óbidos;Santa Terezinha
PA;1505106;Óbidos;São Francisco
PA;1505205;Oeiras do Pará;
PA;1505304;Oriximiná;
PA;1505403;Ourém;
PA;1505437;Ourilândia do Norte;
PA;1505486;Pacajá;Alto Bonito
PA;1505486;Pacajá;Bela vista
PA;1505486;Pacajá;Centro
PA;1505486;Pacajá;Colinas
PA;1505486;Pacajá;Novo Horizonte
PA;1505486;Pacajá;São Francisco
PA;1505486;Pacajá;Sol Nascente
PA;1505486;Pacajá;Tozzeti
PA;1505494;Palestina do Pará;
PA;1505502;Paragominas;Açaizal
PA;1505502;Paragominas;Angelim
PA;1505502;Paragominas;Camboatã
PA;1505502;Paragominas;Célio Miranda
PA;1505502;Paragominas;Industrial
PA;1505502;Paragominas;Jardim Atlântico
PA;1505502;Paragominas;Juparanã
PA;1505502;Paragominas;Nagibão
PA;1505502;Paragominas;Nova Conquista
PA;1505502;Paragominas;Presidente Juscelino
PA;1505502;Paragominas;Promissão
PA;1505502;Paragominas;Tião Mineiro
PA;1505502;Paragominas;Uraim
PA;1505536;Parauapebas;
PA;1505551;Pau D'Arco;
PA;1505601;Peixe-Boi;
PA;1505635;Piçarra;
PA;1505650;Placas;
PA;1505700;Ponta de Pedras;
PA;1505809;Portel;
PA;1505908;Porto de Moz;
PA;1506005;Prainha;
PA;1506104;Primavera;
PA;1506112;Quatipuru;
PA;1506138;Redenção;
PA;1506161;Rio Maria;
PA;1506187;Rondon do Pará;
PA;1506195;Rurópolis;
PA;1506203;Salinópolis;
PA;1506302;Salvaterra;Cajú
PA;1506302;Salvaterra;Centro
PA;1506302;Salvaterra;Coqueirinho
PA;1506302;Salvaterra;Marabá
PA;1506302;Salvaterra;Paes de Carvalho
PA;1506351;Santa Bárbara do Pará;
PA;1506401;Santa Cruz do Arari;
PA;1506500;Santa Izabel do Pará;
PA;1506559;Santa Luzia do Pará;
PA;1506583;Santa Maria das Barreiras;
PA;1506609;Santa Maria do Pará;
PA;1506708;Santana do Araguaia;
PA;1506807;Santarém;Aeroporto Velho
PA;1506807;Santarém;Aldeia
PA;1506807;Santarém;Alvorada
PA;1506807;Santarém;Amparo
PA;1506807;Santarém;Aparecida
PA;1506807;Santarém;Área Verde
PA;1506807;Santarém;Cambuquira
PA;1506807;Santarém;Caranazal
PA;1506807;Santarém;Centro
PA;1506807;Santarém;Conquista
PA;1506807;Santarém;Diamantino
PA;1506807;Santarém;Elcione Barbalho
PA;1506807;Santarém;Esperança
PA;1506807;Santarém;Fátima
PA;1506807;Santarém;Floresta
PA;1506807;Santarém;Interventoria
PA;1506807;Santarém;Ipanema
PA;1506807;Santarém;Jaderlândia
PA;1506807;Santarém;Jardim Santarém
PA;1506807;Santarém;Jutaí
PA;1506807;Santarém;Laguinho
PA;1506807;Santarém;Liberdade
PA;1506807;Santarém;Livramento
PA;1506807;Santarém;Maicá
PA;1506807;Santarém;Mapiri
PA;1506807;Santarém;Maracanã
PA;1506807;Santarém;Maracanã I
PA;1506807;Santarém;Mararú
PA;1506807;Santarém;Matinha
PA;1506807;Santarém;Nova República
PA;1506807;Santarém;Nova Vitória
PA;1506807;Santarém;Novo Horizonte
PA;1506807;Santarém;Pérola do Maicá
PA;1506807;Santarém;Prainha
PA;1506807;Santarém;Salé
PA;1506807;Santarém;Santa Clara
PA;1506807;Santarém;Santana
PA;1506807;Santarém;Santarenzinho
PA;1506807;Santarém;Santíssimo
PA;1506807;Santarém;Santo André
PA;1506807;Santarém;São Cristóvão
PA;1506807;Santarém;São Francisco
PA;1506807;Santarém;São José Operário
PA;1506807;Santarém;Uruará
PA;1506807;Santarém;Urumanduba
PA;1506807;Santarém;Urumari
PA;1506807;Santarém;Vigia
PA;1506807;Santarém;Vitória Régia
PA;1506906;Santarém Novo;
PA;1507003;Santo Antônio do Tauá;
PA;1507102;São Caetano de Odivelas;
PA;1507151;São Domingos do Araguaia;
PA;1507201;São Domingos do Capim;
PA;1507300;São Félix do Xingu;
PA;1507409;São Francisco do Pará;
PA;1507458;São Geraldo do Araguaia;
PA;1507466;São João da Ponta;
PA;1507474;São João de Pirabas;
PA;1507508;São João do Araguaia;
PA;1507607;São Miguel do Guamá;
PA;1507706;São Sebastião da Boa Vista;
PA;1507755;Sapucaia;
PA;1507805;Senador José Porfírio;
PA;1507904;Soure;Central
PA;1507904;Soure;Macacheira
PA;1507904;Soure;Matinha
PA;1507904;Soure;Novo
PA;1507904;Soure;Pacoval
PA;1507904;Soure;São Pedro
PA;1507904;Soure;Tucumanaúba
PA;1507904;Soure;Umirizal
PA;1507953;Tailândia;Aeroporto
PA;1507953;Tailândia;Centro
PA;1507953;Tailândia;Greenville
PA;1507953;Tailândia;Nossa Senhora de Fátima
PA;1507953;Tailândia;Novo
PA;1507953;Tailândia;Piçarreira
PA;1507953;Tailândia;Santa Maria
PA;1507953;Tailândia;Vila Macarrão
PA;1507961;Terra Alta;
PA;1507979;Terra Santa;Aparecida
PA;1507979;Terra Santa;Centro
PA;1507979;Terra Santa;Juvenil
PA;1507979;Terra Santa;Santa Clara
PA;1507979;Terra Santa;São Francisco
PA;1508001;Tomé-Açu;Campina
PA;1508001;Tomé-Açu;Centro
PA;1508001;Tomé-Açu;Maranhense
PA;1508035;Tracuateua;
PA;1508050;Trairão;
PA;1508084;Tucumã;
PA;1508100;Tucuruí;
PA;1508126;Ulianópolis;
PA;1508159;Uruará;
PA;1508209;Vigia;
PA;1508308;Viseu;
PA;1508357;Vitória do Xingu;
PA;1508407;Xinguara;
PB;2500106;Água Branca;
PB;2500205;Aguiar;
PB;2500304;Alagoa Grande;
PB;2500403;Alagoa Nova;
PB;2500502;Alagoinha;
PB;2500536;Alcantil;
PB;2500577;Algodão de Jandaíra;
PB;2500601;Alhandra;
PB;2500734;Amparo;
PB;2500775;Aparecida;
PB;2500809;Araçagi;
PB;2500908;Arara;
PB;2501005;Araruna;
PB;2501104;Areia;
PB;2501153;Areia de Baraúnas;
PB;2501203;Areial;
PB;2501302;Aroeiras;
PB;2501351;Assunção;
PB;2501401;Baía da Traição;
PB;2501500;Bananeiras;
PB;2501534;Baraúna;
PB;2501609;Barra de Santa Rosa;
PB;2501575;Barra de Santana;
PB;2501708;Barra de São Miguel;
PB;2501807;Bayeux;Alto da Boa Vista
PB;2501807;Bayeux;Baralho
PB;2501807;Bayeux;Brasília
PB;2501807;Bayeux;Centro
PB;2501807;Bayeux;Comercial Norte
PB;2501807;Bayeux;Imaculada
PB;2501807;Bayeux;Jardim Aeroporto
PB;2501807;Bayeux;Jardim São Severino
PB;2501807;Bayeux;Jardim São Vicente
PB;2501807;Bayeux;Mário Andreazza
PB;2501807;Bayeux;Rio do Meio
PB;2501807;Bayeux;São Bento
PB;2501807;Bayeux;Sesi
PB;2501807;Bayeux;Tambay
PB;2501906;Belém;
PB;2502003;Belém do Brejo do Cruz;
PB;2502052;Bernardino Batista;
PB;2502102;Boa Ventura;
PB;2502151;Boa Vista;
PB;2502201;Bom Jesus;
PB;2502300;Bom Sucesso;
PB;2502409;Bonito de Santa Fé;
PB;2502508;Boqueirão;
PB;2502706;Borborema;
PB;2502805;Brejo do Cruz;
PB;2502904;Brejo dos Santos;
PB;2503001;Caaporã;
PB;2503100;Cabaceiras;
PB;2503209;Cabedelo;Amazônia Park
PB;2503209;Cabedelo;Areia Dourada
PB;2503209;Cabedelo;Camalaú
PB;2503209;Cabedelo;Camboinha
PB;2503209;Cabedelo;Centro
PB;2503209;Cabedelo;Formosa
PB;2503209;Cabedelo;Intermares
PB;2503209;Cabedelo;Jacaré
PB;2503209;Cabedelo;Jardim América
PB;2503209;Cabedelo;Jardim Brasília
PB;2503209;Cabedelo;Jardim Camboinha
PB;2503209;Cabedelo;Jardim Manguinhos
PB;2503209;Cabedelo;Monte Castelo
PB;2503209;Cabedelo;Morada Nova
PB;2503209;Cabedelo;Parque Esperança
PB;2503209;Cabedelo;Parque Verde
PB;2503209;Cabedelo;Poço
PB;2503209;Cabedelo;Ponta de Campina
PB;2503209;Cabedelo;Ponta de Matos
PB;2503209;Cabedelo;Portal do Poço
PB;2503209;Cabedelo;Recanto do Poço
PB;2503209;Cabedelo;Renascer
PB;2503209;Cabedelo;Salinas Ribamar
PB;2503209;Cabedelo;Santa Catarina
PB;2503308;Cachoeira dos Índios;
PB;2503407;Cacimba de Areia;
PB;2503506;Cacimba de Dentro;
PB;2503555;Cacimbas;
PB;2503605;Caiçara;
PB;2503704;Cajazeiras;
PB;2503753;Cajazeirinhas;
PB;2503803;Caldas Brandão;
PB;2503902;Camalaú;
PB;2504009;Campina Grande;Acácio Figueiredo
PB;2504009;Campina Grande;Alto Branco
PB;2504009;Campina Grande;Aluizio Afonso Campos
PB;2504009;Campina Grande;Araxá
PB;2504009;Campina Grande;Bela Vista
PB;2504009;Campina Grande;Bento Figueiredo
PB;2504009;Campina Grande;Bodocongó
PB;2504009;Campina Grande;Castelo Branco
PB;2504009;Campina Grande;Catirina
PB;2504009;Campina Grande;Catolé
PB;2504009;Campina Grande;Centenário
PB;2504009;Campina Grande;Centro de Campina Grande
PB;2504009;Campina Grande;Cidades
PB;2504009;Campina Grande;Conceição
PB;2504009;Campina Grande;Cruzeiro
PB;2504009;Campina Grande;Cuites
PB;2504009;Campina Grande;Cuités
PB;2504009;Campina Grande;Dinamérica
PB;2504009;Campina Grande;Distrito Industrial
PB;2504009;Campina Grande;Estação Velha
PB;2504009;Campina Grande;Itararé
PB;2504009;Campina Grande;Jardim Continental
PB;2504009;Campina Grande;Jardim Itararé
PB;2504009;Campina Grande;Jardim Paulistano
PB;2504009;Campina Grande;Jardim Quarenta
PB;2504009;Campina Grande;Jardim Tavares
PB;2504009;Campina Grande;Jeremias
PB;2504009;Campina Grande;José Pinheiro
PB;2504009;Campina Grande;Lagoa de Dentro
PB;2504009;Campina Grande;Lauritzen
PB;2504009;Campina Grande;Liberdade
PB;2504009;Campina Grande;Louzeiro
PB;2504009;Campina Grande;Malvinas
PB;2504009;Campina Grande;Mirante
PB;2504009;Campina Grande;Monte Castelo
PB;2504009;Campina Grande;Monte Santo
PB;2504009;Campina Grande;Nações
PB;2504009;Campina Grande;Nova Brasília
PB;2504009;Campina Grande;Novo Bodocongó
PB;2504009;Campina Grande;Novo Bodocongo
PB;2504009;Campina Grande;Palmeira
PB;2504009;Campina Grande;Palmeira Imperial
PB;2504009;Campina Grande;Pedregal
PB;2504009;Campina Grande;Prata
PB;2504009;Campina Grande;Presidente Médici
PB;2504009;Campina Grande;Quarenta
PB;2504009;Campina Grande;Ramadinha
PB;2504009;Campina Grande;Ronaldo Cunha Lima
PB;2504009;Campina Grande;Sandra Cavalcante
PB;2504009;Campina Grande;Santa Cruz
PB;2504009;Campina Grande;Santa Rosa
PB;2504009;Campina Grande;Santa Terezinha
PB;2504009;Campina Grande;Santo Antônio
PB;2504009;Campina Grande;São Januário
PB;2504009;Campina Grande;São José
PB;2504009;Campina Grande;Serrotão
PB;2504009;Campina Grande;Tambor
PB;2504009;Campina Grande;Três Irmãs
PB;2504009;Campina Grande;Tropeiros da Borborema
PB;2504009;Campina Grande;Universitário
PB;2504009;Campina Grande;Velame
PB;2504009;Campina Grande;Vila Cabral
PB;2504033;Capim;
PB;2504074;Caraúbas;
PB;2504108;Carrapateira;
PB;2504157;Casserengue;
PB;2504207;Catingueira;
PB;2504306;Catolé do Rocha;
PB;2504355;Caturité;
PB;2504405;Conceição;
PB;2504504;Condado;
PB;2504603;Conde;
PB;2504702;Congo;
PB;2504801;Coremas;
PB;2504850;Coxixola;
PB;2504900;Cruz do Espírito Santo;
PB;2505006;Cubati;
PB;2505105;Cuité;
PB;2505238;Cuité de Mamanguape;
PB;2505204;Cuitegi;
PB;2505279;Curral de Cima;
PB;2505303;Curral Velho;
PB;2505352;Damião;
PB;2505402;Desterro;
PB;2505600;Diamante;
PB;2505709;Dona Inês;
PB;2505808;Duas Estradas;
PB;2505907;Emas;
PB;2506004;Esperança;
PB;2506103;Fagundes;
PB;2506202;Frei Martinho;
PB;2506251;Gado Bravo;
PB;2506301;Guarabira;
PB;2506400;Gurinhém;
PB;2506509;Gurjão;
PB;2506608;Ibiara;
PB;2502607;Igaracy;
PB;2506707;Imaculada;
PB;2506806;Ingá;Bela Vista
PB;2506806;Ingá;Cazuzinha
PB;2506806;Ingá;Centro
PB;2506806;Ingá;Estação
PB;2506806;Ingá;Imbioca
PB;2506806;Ingá;Jardim Farias
PB;2506806;Ingá;Senzala
PB;2506905;Itabaiana;Açude das Pedras
PB;2506905;Itabaiana;Alto Alegre
PB;2506905;Itabaiana;Botafogo
PB;2506905;Itabaiana;Centro
PB;2506905;Itabaiana;Conjunto Costa e Silva
PB;2506905;Itabaiana;Conjunto Habitacional Dr. Aglair da Silva
PB;2506905;Itabaiana;Conjunto José Benedito da Silveira
PB;2506905;Itabaiana;Conjunto José Justino de Paiva
PB;2506905;Itabaiana;Conjunto Luis Saraiva de Araújo
PB;2506905;Itabaiana;Conjunto Residencial Antônio Mariz
PB;2506905;Itabaiana;Conjunto Residencial Luis Félix de Almeida
PB;2506905;Itabaiana;José Bandeira Júnior
PB;2506905;Itabaiana;Jucuri
PB;2506905;Itabaiana;Justino Cabral de Melo
PB;2506905;Itabaiana;Loteamento Anel Viário
PB;2506905;Itabaiana;Nova Itabaiana
PB;2507002;Itaporanga;
PB;2507101;Itapororoca;
PB;2507200;Itatuba;
PB;2507309;Jacaraú;
PB;2507408;Jericó;
PB;2507507;João Pessoa;Aeroclube
PB;2507507;João Pessoa;Água Fria
PB;2507507;João Pessoa;Altiplano Cabo Branco
PB;2507507;João Pessoa;Alto do Céu
PB;2507507;João Pessoa;Alto do Mateus
PB;2507507;João Pessoa;Anatólia
PB;2507507;João Pessoa;Bancários
PB;2507507;João Pessoa;Barra de Gramame
PB;2507507;João Pessoa;Bessa
PB;2507507;João Pessoa;Brisamar
PB;2507507;João Pessoa;Cabo Branco
PB;2507507;João Pessoa;Castelo Branco
PB;2507507;João Pessoa;Centro
PB;2507507;João Pessoa;Cidade dos Colibris
PB;2507507;João Pessoa;Costa do Sol
PB;2507507;João Pessoa;Costa e Silva
PB;2507507;João Pessoa;Cristo Redentor
PB;2507507;João Pessoa;Cruz das Armas
PB;2507507;João Pessoa;Cuiá
PB;2507507;João Pessoa;Distrito Industrial
PB;2507507;João Pessoa;Ernani Sátiro
PB;2507507;João Pessoa;Ernesto Geisel
PB;2507507;João Pessoa;Estados
PB;2507507;João Pessoa;Expedicionários
PB;2507507;João Pessoa;Funcionários
PB;2507507;João Pessoa;Gramame
PB;2507507;João Pessoa;Grotão
PB;2507507;João Pessoa;Ilha do Bispo
PB;2507507;João Pessoa;Indústrias
PB;2507507;João Pessoa;Ipês
PB;2507507;João Pessoa;Jaguaribe
PB;2507507;João Pessoa;Jardim Cidade Universitária
PB;2507507;João Pessoa;Jardim Oceania
PB;2507507;João Pessoa;Jardim São Paulo
PB;2507507;João Pessoa;Jardim Veneza
PB;2507507;João Pessoa;João Agripino
PB;2507507;João Pessoa;João Paulo II
PB;2507507;João Pessoa;José Américo
PB;2507507;João Pessoa;Manaíra
PB;2507507;João Pessoa;Mandacarú
PB;2507507;João Pessoa;Mangabeira
PB;2507507;João Pessoa;Miramar
PB;2507507;João Pessoa;Mucumago
PB;2507507;João Pessoa;Muçumagro
PB;2507507;João Pessoa;Mumbaba
PB;2507507;João Pessoa;Mussuré
PB;2507507;João Pessoa;Oitizeiro
PB;2507507;João Pessoa;Padre Zé
PB;2507507;João Pessoa;Paratibe
PB;2507507;João Pessoa;Pedro Gondim
PB;2507507;João Pessoa;Penha
PB;2507507;João Pessoa;Planalto da Boa Esperança
PB;2507507;João Pessoa;Ponta do Seixas
PB;2507507;João Pessoa;Portal do Sol
PB;2507507;João Pessoa;Roger
PB;2507507;João Pessoa;São José
PB;2507507;João Pessoa;Tambaú
PB;2507507;João Pessoa;Tambauzinho
PB;2507507;João Pessoa;Tambiá
PB;2507507;João Pessoa;Torre
PB;2507507;João Pessoa;Treze de Maio
PB;2507507;João Pessoa;Trincheiras
PB;2507507;João Pessoa;Valentina
PB;2507507;João Pessoa;Varadouro
PB;2507507;João Pessoa;Varjão
PB;2513653;Joca Claudino;
PB;2507606;Juarez Távora;
PB;2507705;Juazeirinho;
PB;2507804;Junco do Seridó;
PB;2507903;Juripiranga;
PB;2508000;Juru;
PB;2508109;Lagoa;
PB;2508208;Lagoa de Dentro;
PB;2508307;Lagoa Seca;
PB;2508406;Lastro;
PB;2508505;Livramento;
PB;2508554;Logradouro;
PB;2508604;Lucena;
PB;2508703;Mãe d'Água;
PB;2508802;Malta;
PB;2508901;Mamanguape;
PB;2509008;Manaíra;
PB;2509057;Marcação;
PB;2509107;Mari;
PB;2509156;Marizópolis;
PB;2509206;Massaranduba;
PB;2509305;Mataraca;
PB;2509339;Matinhas;
PB;2509370;Mato Grosso;
PB;2509396;Maturéia;
PB;2509404;Mogeiro;
PB;2509503;Montadas;
PB;2509602;Monte Horebe;
PB;2509701;Monteiro;
PB;2509800;Mulungu;
PB;2509909;Natuba;
PB;2510006;Nazarezinho;
PB;2510105;Nova Floresta;
PB;2510204;Nova Olinda;
PB;2510303;Nova Palmeira;
PB;2510402;Olho d'Água;
PB;2510501;Olivedos;
PB;2510600;Ouro Velho;
PB;2510659;Parari;
PB;2510709;Passagem;
PB;2510808;Patos;Alto da Tubiba
PB;2510808;Patos;Ana Leite
PB;2510808;Patos;Bela Vista
PB;2510808;Patos;Belo Horizonte
PB;2510808;Patos;Bivar Olinto
PB;2510808;Patos;Brasília
PB;2510808;Patos;Centro
PB;2510808;Patos;Distrito Industrial
PB;2510808;Patos;Jardim Magnólia
PB;2510808;Patos;Jatobá
PB;2510808;Patos;Liberdade
PB;2510808;Patos;Maternidade
PB;2510808;Patos;Monte Castelo
PB;2510808;Patos;Morada do Sol
PB;2510808;Patos;Morro
PB;2510808;Patos;Noé Trajano
PB;2510808;Patos;Nova Conquista
PB;2510808;Patos;Novo Horizonte
PB;2510808;Patos;Salgadinho
PB;2510808;Patos;Santa Cecília
PB;2510808;Patos;Santo Antônio
PB;2510808;Patos;São Sebastião
PB;2510808;Patos;Sete Casas
PB;2510907;Paulista;
PB;2511004;Pedra Branca;
PB;2511103;Pedra Lavrada;
PB;2511202;Pedras de Fogo;
PB;2512721;Pedro Régis;
PB;2511301;Piancó;
PB;2511400;Picuí;
PB;2511509;Pilar;
PB;2511608;Pilões;
PB;2511707;Pilõezinhos;
PB;2511806;Pirpirituba;
PB;2511905;Pitimbu;
PB;2512002;Pocinhos;
PB;2512036;Poço Dantas;
PB;2512077;Poço de José de Moura;
PB;2512101;Pombal;Centro
PB;2512101;Pombal;Jardim Rogério
PB;2512101;Pombal;Nova Vida
PB;2512101;Pombal;Pereiros
PB;2512101;Pombal;Santa Rosa
PB;2512200;Prata;
PB;2512309;Princesa Isabel;
PB;2512408;Puxinanã;
PB;2512507;Queimadas;
PB;2512606;Quixaba;
PB;2512705;Remígio;
PB;2512747;Riachão;
PB;2512754;Riachão do Bacamarte;
PB;2512762;Riachão do Poço;
PB;2512788;Riacho de Santo Antônio;
PB;2512804;Riacho dos Cavalos;
PB;2512903;Rio Tinto;
PB;2513000;Salgadinho;
PB;2513109;Salgado de São Félix;
PB;2513158;Santa Cecília;
PB;2513208;Santa Cruz;
PB;2513307;Santa Helena;
PB;2513356;Santa Inês;
PB;2513406;Santa Luzia;Antônio Bento
PB;2513406;Santa Luzia;Centro
PB;2513406;Santa Luzia;Frei Damião
PB;2513406;Santa Luzia;Nossa Senhora de Fátima
PB;2513406;Santa Luzia;São José
PB;2513406;Santa Luzia;São Sebastião
PB;2513703;Santa Rita;Açude
PB;2513703;Santa Rita;Centro
PB;2513703;Santa Rita;Distrito de Várzea Nova
PB;2513703;Santa Rita;Distrito Industrial Flávio Ribeiro Coutinho
PB;2513703;Santa Rita;Heitel Santiago
PB;2513703;Santa Rita;Jardim Carolina
PB;2513703;Santa Rita;Jardim Europa
PB;2513703;Santa Rita;Jardins
PB;2513703;Santa Rita;Marcos Moura
PB;2513703;Santa Rita;Naelson Panta Júnior
PB;2513703;Santa Rita;Popular
PB;2513703;Santa Rita;Portal de Tibiri
PB;2513703;Santa Rita;Privê Aeroporto
PB;2513703;Santa Rita;Santo Amaro
PB;2513703;Santa Rita;Tibiri
PB;2513703;Santa Rita;Vale das Águas
PB;2513703;Santa Rita;Vale de Santa Rita
PB;2513703;Santa Rita;Vidal de Negreiros
PB;2513802;Santa Teresinha;
PB;2513505;Santana de Mangueira;
PB;2513604;Santana dos Garrotes;
PB;2513851;Santo André;
PB;2513927;São Bentinho;
PB;2513901;São Bento;
PB;2513968;São Domingos;
PB;2513943;São Domingos do Cariri;
PB;2513984;São Francisco;Bento Soares da Silva
PB;2513984;São Francisco;Francisco Chagas de Andrade
PB;2513984;São Francisco;Maria Ivone Silveira Pereira
PB;2513984;São Francisco;Raimunda Gabriel de Sousa
PB;2514008;São João do Cariri;
PB;2500700;São João do Rio do Peixe;
PB;2514107;São João do Tigre;
PB;2514206;São José da Lagoa Tapada;
PB;2514305;São José de Caiana;
PB;2514404;São José de Espinharas;
PB;2514503;São José de Piranhas;
PB;2514552;São José de Princesa;
PB;2514602;São José do Bonfim;
PB;2514651;São José do Brejo do Cruz;
PB;2514701;São José do Sabugi;
PB;2514800;São José dos Cordeiros;
PB;2514453;São José dos Ramos;
PB;2514909;São Mamede;
PB;2515005;São Miguel de Taipu;
PB;2515104;São Sebastião de Lagoa de Roça;
PB;2515203;São Sebastião do Umbuzeiro;
PB;2515401;São Vicente do Seridó;
PB;2515302;Sapé;
PB;2515500;Serra Branca;
PB;2515609;Serra da Raiz;
PB;2515708;Serra Grande;
PB;2515807;Serra Redonda;
PB;2515906;Serraria;
PB;2515930;Sertãozinho;
PB;2515971;Sobrado;
PB;2516003;Solânea;
PB;2516102;Soledade;
PB;2516151;Sossêgo;
PB;2516201;Sousa;
PB;2516300;Sumé;Alto Alegre
PB;2516300;Sumé;Alto da Caixa d’Água
PB;2516300;Sumé;Alto do Jorge
PB;2516300;Sumé;Alvorada
PB;2516300;Sumé;Carro Quebrado
PB;2516300;Sumé;Centro
PB;2516300;Sumé;Conjunto Habitacional Pedro Ferreira Filho
PB;2516300;Sumé;Conjunto Habitacional Sebastião Vitorino
PB;2516300;Sumé;Frei Damião
PB;2516300;Sumé;Mandacaru
PB;2516300;Sumé;Oriente
PB;2516300;Sumé;Pedregal
PB;2516300;Sumé;Renascer
PB;2516300;Sumé;Santa Rosa
PB;2516300;Sumé;Várzea Redonda
PB;2516300;Sumé;Zé Marcolino
PB;2516409;Tacima;
PB;2516508;Taperoá;
PB;2516607;Tavares;
PB;2516706;Teixeira;
PB;2516755;Tenório;
PB;2516805;Triunfo;
PB;2516904;Uiraúna;
PB;2517001;Umbuzeiro;
PB;2517100;Várzea;
PB;2517209;Vieirópolis;
PB;2505501;Vista Serrana;
PB;2517407;Zabelê;
PE;2600054;Abreu e Lima;Alto da Bela Vista
PE;2600054;Abreu e Lima;Alto São Miguel
PE;2600054;Abreu e Lima;Caetés I
PE;2600054;Abreu e Lima;Caetés II
PE;2600054;Abreu e Lima;Caetés III
PE;2600054;Abreu e Lima;Centro
PE;2600054;Abreu e Lima;Desterro
PE;2600054;Abreu e Lima;Distrito Industrial
PE;2600054;Abreu e Lima;Fosfato
PE;2600054;Abreu e Lima;Jardim Caetés
PE;2600054;Abreu e Lima;Matinha
PE;2600054;Abreu e Lima;Planalto
PE;2600054;Abreu e Lima;Timbó
PE;2600104;Afogados da Ingazeira;Borges
PE;2600104;Afogados da Ingazeira;Brotas
PE;2600104;Afogados da Ingazeira;Costa
PE;2600104;Afogados da Ingazeira;Manoela Valadares
PE;2600104;Afogados da Ingazeira;Pe. Pedro Pereira
PE;2600104;Afogados da Ingazeira;São Braz
PE;2600104;Afogados da Ingazeira;São Francisco
PE;2600104;Afogados da Ingazeira;São Sebastião
PE;2600104;Afogados da Ingazeira;Sobreira
PE;2600203;Afrânio;
PE;2600302;Agrestina;
PE;2600401;Água Preta;Alto do Cruzeiro
PE;2600401;Água Preta;Centro
PE;2600401;Água Preta;Forrozão
PE;2600401;Água Preta;Jiquiá
PE;2600401;Água Preta;Joaquim Coutinho
PE;2600401;Água Preta;Liberdade
PE;2600500;Águas Belas;
PE;2600609;Alagoinha;
PE;2600708;Aliança;
PE;2600807;Altinho;
PE;2600906;Amaraji;Bela Vista
PE;2600906;Amaraji;Campo de Aviação
PE;2600906;Amaraji;Centro
PE;2600906;Amaraji;Cruzeiro
PE;2600906;Amaraji;do Campo
PE;2600906;Amaraji;Do Campo
PE;2600906;Amaraji;João Paulo II
PE;2600906;Amaraji;Miquilina
PE;2600906;Amaraji;Nossa Senhora da Conceição
PE;2600906;Amaraji;Nossa Senhora de Fátima
PE;2600906;Amaraji;Santo Amaro
PE;2600906;Amaraji;Tancredo Neves
PE;2601003;Angelim;
PE;2601052;Araçoiaba;Hildebrando Carneiro
PE;2601052;Araçoiaba;Quinze
PE;2601102;Araripina;
PE;2601201;Arcoverde;Boa Esperança
PE;2601201;Arcoverde;Boa Vista
PE;2601201;Arcoverde;Cardeal
PE;2601201;Arcoverde;Centro
PE;2601201;Arcoverde;Cidade Jardim
PE;2601201;Arcoverde;Coronel Siqueira Campos
PE;2601201;Arcoverde;Pôr do Sol
PE;2601201;Arcoverde;Santa Luzia
PE;2601201;Arcoverde;Santos Dumont
PE;2601201;Arcoverde;São Cristóvão
PE;2601201;Arcoverde;São Geraldo
PE;2601201;Arcoverde;São Miguel
PE;2601201;Arcoverde;Sucupira
PE;2601201;Arcoverde;Tamboril
PE;2601300;Barra de Guabiraba;Amaro Ferreira de Albuquerque
PE;2601409;Barreiros;
PE;2601508;Belém de Maria;
PE;2601607;Belém do São Francisco;
PE;2601706;Belo Jardim;
PE;2601805;Betânia;
PE;2601904;Bezerros;Centro
PE;2601904;Bezerros;Cohab
PE;2601904;Bezerros;Cruzeiro
PE;2601904;Bezerros;Encruzilhada de São João
PE;2601904;Bezerros;Gameleira
PE;2601904;Bezerros;Irmã Julia
PE;2601904;Bezerros;Mororó
PE;2601904;Bezerros;Nossa Senhora Aparecida
PE;2601904;Bezerros;Queimada Dantas
PE;2601904;Bezerros;Retiro
PE;2601904;Bezerros;Rosário
PE;2601904;Bezerros;Salgado
PE;2601904;Bezerros;Santo Amaro
PE;2601904;Bezerros;Santo Antônio
PE;2601904;Bezerros;São José
PE;2601904;Bezerros;São Pedro
PE;2601904;Bezerros;São Rafael
PE;2601904;Bezerros;São Sebastião
PE;2602001;Bodocó;
PE;2602100;Bom Conselho;
PE;2602209;Bom Jardim;
PE;2602308;Bonito;
PE;2602407;Brejão;
PE;2602506;Brejinho;
PE;2602605;Brejo da Madre de Deus;Capitão Abelardo Calumby
PE;2602605;Brejo da Madre de Deus;Capitão Cordeiro Falcão
PE;2602605;Brejo da Madre de Deus;Nossa Senhora do Bom Conselho
PE;2602605;Brejo da Madre de Deus;São José
PE;2602704;Buenos Aires;
PE;2602803;Buíque;
PE;2602902;Cabo de Santo Agostinho;Bom Conselho
PE;2602902;Cabo de Santo Agostinho;Centro
PE;2602902;Cabo de Santo Agostinho;Charneca
PE;2602902;Cabo de Santo Agostinho;Charnequinha
PE;2602902;Cabo de Santo Agostinho;COHAB
PE;2602902;Cabo de Santo Agostinho;Destilaria
PE;2602902;Cabo de Santo Agostinho;Distrito Industrial Diper
PE;2602902;Cabo de Santo Agostinho;Distrito Industrial Santo Estevão
PE;2602902;Cabo de Santo Agostinho;Engenho Ilha
PE;2602902;Cabo de Santo Agostinho;Enseada dos Corais
PE;2602902;Cabo de Santo Agostinho;Gaibu
PE;2602902;Cabo de Santo Agostinho;Garapu
PE;2602902;Cabo de Santo Agostinho;Itapoama
PE;2602902;Cabo de Santo Agostinho;Juçaral
PE;2602902;Cabo de Santo Agostinho;Malaquias
PE;2602902;Cabo de Santo Agostinho;Paiva
PE;2602902;Cabo de Santo Agostinho;Pirapama
PE;2602902;Cabo de Santo Agostinho;Ponte dos Carvalhos
PE;2602902;Cabo de Santo Agostinho;Pontezinha
PE;2602902;Cabo de Santo Agostinho;Rosário
PE;2602902;Cabo de Santo Agostinho;Santo Inácio
PE;2602902;Cabo de Santo Agostinho;São Francisco
PE;2602902;Cabo de Santo Agostinho;Suape
PE;2602902;Cabo de Santo Agostinho;Vila Social Contra Mocambo
PE;2603009;Cabrobó;
PE;2603108;Cachoeirinha;
PE;2603207;Caetés;
PE;2603306;Calçado;
PE;2603405;Calumbi;
PE;2603454;Camaragibe;Alberto Maia
PE;2603454;Camaragibe;Aldeia de Baixo
PE;2603454;Camaragibe;Aldeia dos Camarás
PE;2603454;Camaragibe;Alto da Boa Vista
PE;2603454;Camaragibe;Alto Santo Antonio
PE;2603454;Camaragibe;Areeiro
PE;2603454;Camaragibe;Bairro dos Estados
PE;2603454;Camaragibe;Bairro Novo do Carmelo
PE;2603454;Camaragibe;Borralho
PE;2603454;Camaragibe;Celeiro das Alegrias Futuras
PE;2603454;Camaragibe;Céu Azul
PE;2603454;Camaragibe;Estação Nova
PE;2603454;Camaragibe;Jardim Primavera
PE;2603454;Camaragibe;João Paulo II
PE;2603454;Camaragibe;Nazaré
PE;2603454;Camaragibe;Oitenta
PE;2603454;Camaragibe;Santa Mônica
PE;2603454;Camaragibe;Santa Tereza
PE;2603454;Camaragibe;Santana
PE;2603454;Camaragibe;São João e São Paulo
PE;2603454;Camaragibe;São Paulo
PE;2603454;Camaragibe;São Pedro
PE;2603454;Camaragibe;Tabatinga
PE;2603454;Camaragibe;Timbi
PE;2603454;Camaragibe;Vale das Pedreiras
PE;2603454;Camaragibe;Vera Cruz
PE;2603454;Camaragibe;Viana
PE;2603454;Camaragibe;Vila da Fábrica
PE;2603454;Camaragibe;Vila da Inabi
PE;2603504;Camocim de São Félix;
PE;2603603;Camutanga;
PE;2603702;Canhotinho;
PE;2603801;Capoeiras;
PE;2603900;Carnaíba;
PE;2603926;Carnaubeira da Penha;
PE;2604007;Carpina;
PE;2604106;Caruaru;Agamenon Magalhães
PE;2604106;Caruaru;Alto do Moura
PE;2604106;Caruaru;ANDORINHA
PE;2604106;Caruaru;Boa Vista
PE;2604106;Caruaru;Caiuca
PE;2604106;Caruaru;Cedro
PE;2604106;Caruaru;Centenário
PE;2604106;Caruaru;Cidade Alta
PE;2604106;Caruaru;CIDADE JARDIM
PE;2604106;Caruaru;DEPUTADO JOSÉ ANTÔNIO LIBERATO
PE;2604106;Caruaru;Divinópolis
PE;2604106;Caruaru;Indianópolis
PE;2604106;Caruaru;Jardim Boa Vista
PE;2604106;Caruaru;JARDIM PANORAMA
PE;2604106;Caruaru;João Mota
PE;2604106;Caruaru;JOSÉ CARLOS DE OLIVEIRA
PE;2604106;Caruaru;Kennedy
PE;2604106;Caruaru;Luiz Gonzaga
PE;2604106;Caruaru;MANOEL BEZERRA LOPES (NEZINHO DA CIPAN)
PE;2604106;Caruaru;MARIA AUXILIADORA
PE;2604106;Caruaru;Maurício de Nassau
PE;2604106;Caruaru;Morro do Bom Jesus
PE;2604106;Caruaru;NINA LIBERATO
PE;2604106;Caruaru;Nossa Senhora das Dores
PE;2604106;Caruaru;NOSSA SENHORA DAS GRAÇAS
PE;2604106;Caruaru;Nova Caruaru
PE;2604106;Caruaru;Petrópolis
PE;2604106;Caruaru;PINHEIRÓPOLIS
PE;2604106;Caruaru;Presidente Kennedy
PE;2604106;Caruaru;Rendeiras
PE;2604106;Caruaru;Riachão
PE;2604106;Caruaru;Salgado
PE;2604106;Caruaru;Santa Rosa
PE;2604106;Caruaru;São Francisco
PE;2604106;Caruaru;SÃO JOÃO DA ESCÓCIA
PE;2604106;Caruaru;SÃO JOSÉ
PE;2604106;Caruaru;SERRAS DO VALE
PE;2604106;Caruaru;SEVERINO AFONSO
PE;2604106;Caruaru;Universitário
PE;2604106;Caruaru;Vassoural
PE;2604106;Caruaru;Verde
PE;2604155;Casinhas;
PE;2604205;Catende;Baixa Verde
PE;2604205;Catende;Buranhem
PE;2604205;Catende;Canaã
PE;2604205;Catende;Centro
PE;2604205;Catende;Dezoito
PE;2604205;Catende;Guabiraba
PE;2604205;Catende;Jardim Diamante
PE;2604205;Catende;Monte Alegre
PE;2604205;Catende;Niterói
PE;2604205;Catende;Nova Catende
PE;2604205;Catende;Pavão
PE;2604205;Catende;Pedras
PE;2604304;Cedro;
PE;2604403;Chã de Alegria;Castelo Branco
PE;2604403;Chã de Alegria;Centro
PE;2604403;Chã de Alegria;Cruzeiro
PE;2604403;Chã de Alegria;Guindaste
PE;2604403;Chã de Alegria;Maria Doralice Mascena
PE;2604403;Chã de Alegria;Matadouro
PE;2604403;Chã de Alegria;Santa Luzia
PE;2604502;Chã Grande;
PE;2604601;Condado;
PE;2604700;Correntes;Ronaldo Amaral
PE;2604809;Cortês;
PE;2604908;Cumaru;
PE;2605004;Cupira;
PE;2605103;Custódia;
PE;2605152;Dormentes;
PE;2605202;Escada;Alvorada
PE;2605202;Escada;Atalaia
PE;2605202;Escada;Bela Vista
PE;2605202;Escada;Boa Esperança
PE;2605202;Escada;Centro
PE;2605202;Escada;Cidade Centro
PE;2605202;Escada;Jaguaribe
PE;2605202;Escada;Mangueira
PE;2605202;Escada;Maracujá
PE;2605202;Escada;Nova Cidade
PE;2605202;Escada;Nova Descoberta
PE;2605202;Escada;Nova Escada
PE;2605202;Escada;Povo Deus
PE;2605202;Escada;Riacho do Navio
PE;2605202;Escada;Santo Antônio
PE;2605202;Escada;São Francisco
PE;2605202;Escada;São Sebastião
PE;2605202;Escada;Viradouro
PE;2605301;Exu;
PE;2605400;Feira Nova;
PE;2605459;Fernando de Noronha;
PE;2605509;Ferreiros;
PE;2605608;Flores;
PE;2605707;Floresta;
PE;2605806;Frei Miguelinho;
PE;2605905;Gameleira;
PE;2606002;Garanhuns;Aloísio Souto Pinto
PE;2606002;Garanhuns;Boa Vista
PE;2606002;Garanhuns;Dom Hélder Câmara
PE;2606002;Garanhuns;Dom Thiago Posima
PE;2606002;Garanhuns;Dom Thiago Postma
PE;2606002;Garanhuns;Francisco Simão dos Santos Figueira
PE;2606002;Garanhuns;Heliópolis
PE;2606002;Garanhuns;Jose Maria Dourado
PE;2606002;Garanhuns;Magano
PE;2606002;Garanhuns;Manoel Chéu
PE;2606002;Garanhuns;Novo Heliópolis
PE;2606002;Garanhuns;Santo Antônio
PE;2606002;Garanhuns;São José
PE;2606002;Garanhuns;Severiano Moraes Filho
PE;2606101;Glória do Goitá;Centro
PE;2606101;Glória do Goitá;Cohab
PE;2606101;Glória do Goitá;Madre de Deus
PE;2606101;Glória do Goitá;Nova Glória
PE;2606101;Glória do Goitá;Santa Rita
PE;2606200;Goiana;
PE;2606309;Granito;Centro
PE;2606309;Granito;Deputado Ulisses Guimarães
PE;2606309;Granito;Jardim Novo Granito
PE;2606408;Gravatá;
PE;2606507;Iati;
PE;2606606;Ibimirim;
PE;2606705;Ibirajuba;
PE;2606804;Igarassu;Agamenon
PE;2606804;Igarassu;Alto do Céu
PE;2606804;Igarassu;Ana de Albuquerque
PE;2606804;Igarassu;Bela Vista
PE;2606804;Igarassu;Boa Sorte
PE;2606804;Igarassu;Bonfim
PE;2606804;Igarassu;Campina de Feira
PE;2606804;Igarassu;Centro
PE;2606804;Igarassu;Cruz de Rebouças
PE;2606804;Igarassu;Encanto Igarassu
PE;2606804;Igarassu;Inhamã
PE;2606804;Igarassu;Jabacó
PE;2606804;Igarassu;Monjope
PE;2606804;Igarassu;Pancó
PE;2606804;Igarassu;Posto de Monta
PE;2606804;Igarassu;Rubina
PE;2606804;Igarassu;Santa Luzia
PE;2606804;Igarassu;Santa Rita
PE;2606804;Igarassu;Santo Antonio
PE;2606804;Igarassu;Saramandaia
PE;2606804;Igarassu;Sítio dos Marcos
PE;2606804;Igarassu;Tabatinga
PE;2606804;Igarassu;Triunfo
PE;2606804;Igarassu;Umbura
PE;2606804;Igarassu;Vila Rural
PE;2606903;Iguaracy;
PE;2607604;Ilha de Itamaracá;
PE;2607000;Inajá;
PE;2607109;Ingazeira;
PE;2607208;Ipojuca;Alto da Caixa D'Água
PE;2607208;Ipojuca;Alto Da Palmeira
PE;2607208;Ipojuca;Antônio Dourado Neto
PE;2607208;Ipojuca;Canoas
PE;2607208;Ipojuca;Centro
PE;2607208;Ipojuca;Cupe
PE;2607208;Ipojuca;Enseada De Serrambi
PE;2607208;Ipojuca;Enseadinha
PE;2607208;Ipojuca;Maracaípe
PE;2607208;Ipojuca;Merepe
PE;2607208;Ipojuca;Muro Alto
PE;2607208;Ipojuca;Nova Camela
PE;2607208;Ipojuca;Ponta De Serrambi
PE;2607208;Ipojuca;Rurópolis Centro
PE;2607208;Ipojuca;Salinas
PE;2607208;Ipojuca;Santo Antônio
PE;2607208;Ipojuca;Santo Cristo
PE;2607208;Ipojuca;São Miguel
PE;2607208;Ipojuca;Toquinho
PE;2607208;Ipojuca;Vila Do Porto
PE;2607307;Ipubi;Vila Poço Verde
PE;2607406;Itacuruba;
PE;2607505;Itaíba;
PE;2607653;Itambé;
PE;2607703;Itapetim;
PE;2607752;Itapissuma;Cajueiro
PE;2607752;Itapissuma;Cidade Criança
PE;2607752;Itapissuma;Cidade Industrial
PE;2607752;Itapissuma;Conceição
PE;2607752;Itapissuma;Espinheiro
PE;2607752;Itapissuma;Grêmio
PE;2607752;Itapissuma;Mangabeira
PE;2607752;Itapissuma;Várzea
PE;2607752;Itapissuma;Veloz
PE;2607802;Itaquitinga;
PE;2607901;Jaboatão dos Guararapes;Barra de Jangada
PE;2607901;Jaboatão dos Guararapes;Bulhões
PE;2607901;Jaboatão dos Guararapes;Cajueiro Seco
PE;2607901;Jaboatão dos Guararapes;Candeias
PE;2607901;Jaboatão dos Guararapes;Cavaleiro
PE;2607901;Jaboatão dos Guararapes;Centro
PE;2607901;Jaboatão dos Guararapes;Comportas
PE;2607901;Jaboatão dos Guararapes;Curado
PE;2607901;Jaboatão dos Guararapes;Dois Carneiros
PE;2607901;Jaboatão dos Guararapes;Engenho Velho
PE;2607901;Jaboatão dos Guararapes;Floriano
PE;2607901;Jaboatão dos Guararapes;Guararapes
PE;2607901;Jaboatão dos Guararapes;Jardim Jordão
PE;2607901;Jaboatão dos Guararapes;Manassu
PE;2607901;Jaboatão dos Guararapes;Marcos Freire
PE;2607901;Jaboatão dos Guararapes;Muribeca
PE;2607901;Jaboatão dos Guararapes;Muribequinha
PE;2607901;Jaboatão dos Guararapes;Piedade
PE;2607901;Jaboatão dos Guararapes;Prazeres
PE;2607901;Jaboatão dos Guararapes;Santana
PE;2607901;Jaboatão dos Guararapes;Santo Aleixo
PE;2607901;Jaboatão dos Guararapes;Socorro
PE;2607901;Jaboatão dos Guararapes;Sucupira
PE;2607901;Jaboatão dos Guararapes;Vargem Fria
PE;2607901;Jaboatão dos Guararapes;Vila Rica
PE;2607901;Jaboatão dos Guararapes;Vista Alegre
PE;2607901;Jaboatão dos Guararapes;Zumbi do Pacheco
PE;2607950;Jaqueira;
PE;2608008;Jataúba;Augusto Melo
PE;2608008;Jataúba;Boa Vista
PE;2608008;Jataúba;Bom Jesus
PE;2608008;Jataúba;Branco
PE;2608008;Jataúba;Centro
PE;2608008;Jataúba;Petrolino Malaco de Souza (Seu Teté)
PE;2608008;Jataúba;Petrolino Malaco de Souza - Seu Teté
PE;2608057;Jatobá;
PE;2608107;João Alfredo;Asa Branca
PE;2608107;João Alfredo;Boa Vista
PE;2608107;João Alfredo;Bultrins
PE;2608107;João Alfredo;Centro
PE;2608107;João Alfredo;Frei Damião
PE;2608107;João Alfredo;Mãe Rainha
PE;2608107;João Alfredo;Manoel Vidal
PE;2608107;João Alfredo;Monsenhor Jonas
PE;2608107;João Alfredo;Neco de Léo
PE;2608107;João Alfredo;Oswaldo Lima
PE;2608107;João Alfredo;Raul Soares
PE;2608107;João Alfredo;São José
PE;2608206;Joaquim Nabuco;
PE;2608255;Jucati;
PE;2608305;Jupi;
PE;2608404;Jurema;
PE;2608503;Lagoa de Itaenga;
PE;2608453;Lagoa do Carro;
PE;2608602;Lagoa do Ouro;
PE;2608701;Lagoa dos Gatos;
PE;2608750;Lagoa Grande;
PE;2608800;Lajedo;
PE;2608909;Limoeiro;Centro
PE;2608909;Limoeiro;Dt Severino Pinheiro
PE;2608909;Limoeiro;João Ernesto
PE;2608909;Limoeiro;José Fernades Salsa
PE;2608909;Limoeiro;Juá
PE;2608909;Limoeiro;Otácio de Lemos
PE;2608909;Limoeiro;Pirauira
PE;2608909;Limoeiro;Ponto Certo
PE;2608909;Limoeiro;Redentor
PE;2608909;Limoeiro;Santa Luzia
PE;2608909;Limoeiro;Santa Teresinha
PE;2608909;Limoeiro;Santo Antônio
PE;2608909;Limoeiro;São Sebastião
PE;2609006;Macaparana;
PE;2609105;Machados;
PE;2609154;Manari;
PE;2609204;Maraial;
PE;2609303;Mirandiba;
PE;2614303;Moreilândia;
PE;2609402;Moreno;
PE;2609501;Nazaré da Mata;
PE;2609600;Olinda;Águas Compridas
PE;2609600;Olinda;Aguazinha
PE;2609600;Olinda;Alto da Bondade
PE;2609600;Olinda;Alto da Conquista
PE;2609600;Olinda;Alto da Nação
PE;2609600;Olinda;Alto do Sol Nascente
PE;2609600;Olinda;Amaro Branco
PE;2609600;Olinda;Amparo
PE;2609600;Olinda;Bairro Novo
PE;2609600;Olinda;Bonsucesso
PE;2609600;Olinda;Bultrins
PE;2609600;Olinda;Caixa D'Água
PE;2609600;Olinda;Carmo
PE;2609600;Olinda;Casa Caiada
PE;2609600;Olinda;Fragoso
PE;2609600;Olinda;Guadalupe
PE;2609600;Olinda;Jardim Atlântico
PE;2609600;Olinda;Jardim Brasil
PE;2609600;Olinda;Monte
PE;2609600;Olinda;Ouro Preto
PE;2609600;Olinda;Passarinho
PE;2609600;Olinda;Peixinhos
PE;2609600;Olinda;Rio Doce
PE;2609600;Olinda;Salgadinho
PE;2609600;Olinda;Santa Teresa
PE;2609600;Olinda;São Benedito
PE;2609600;Olinda;Sapucaia
PE;2609600;Olinda;Sítio Novo
PE;2609600;Olinda;Tabajara
PE;2609600;Olinda;Varadouro
PE;2609600;Olinda;Vila Popular
PE;2609709;Orobó;
PE;2609808;Orocó;
PE;2609907;Ouricuri;
PE;2610004;Palmares;
PE;2610103;Palmeirina;
PE;2610202;Panelas;
PE;2610301;Paranatama;
PE;2610400;Parnamirim;
PE;2610509;Passira;Alto Bela Vista
PE;2610509;Passira;Alto Caturité
PE;2610509;Passira;Alto da Esperança
PE;2610509;Passira;Alto Santa Inês
PE;2610509;Passira;Centro
PE;2610509;Passira;Novo Horizonte
PE;2610509;Passira;Salgado
PE;2610509;Passira;São Lourenço
PE;2610608;Paudalho;
PE;2610707;Paulista;Arthur Lundgren I
PE;2610707;Paulista;Arthur Lundgren II
PE;2610707;Paulista;Centro
PE;2610707;Paulista;Engenho Maranguape
PE;2610707;Paulista;Fragoso
PE;2610707;Paulista;Jaguarana
PE;2610707;Paulista;Jaguaribe
PE;2610707;Paulista;Janga
PE;2610707;Paulista;Jardim Maranguape
PE;2610707;Paulista;Jardim Paulista
PE;2610707;Paulista;Jardim Velho
PE;2610707;Paulista;Maranguape I
PE;2610707;Paulista;Maranguape II
PE;2610707;Paulista;Maria Farinha
PE;2610707;Paulista;Mirueira
PE;2610707;Paulista;Nobre
PE;2610707;Paulista;Nossa Senhora da Conceição
PE;2610707;Paulista;Nossa Senhora do Ó
PE;2610707;Paulista;Paratibe
PE;2610707;Paulista;Parque do Janga
PE;2610707;Paulista;Pau Amarelo
PE;2610707;Paulista;Poty
PE;2610707;Paulista;Tabajara
PE;2610707;Paulista;Torres Galvão
PE;2610806;Pedra;
PE;2610905;Pesqueira;Baixa Grande
PE;2610905;Pesqueira;Caixa D'Água
PE;2610905;Pesqueira;Centenário
PE;2610905;Pesqueira;Central
PE;2610905;Pesqueira;Centro
PE;2610905;Pesqueira;Dr. Ivo Isidoro De Assis
PE;2610905;Pesqueira;José Rocha
PE;2610905;Pesqueira;Moacir Brito De Freitas
PE;2610905;Pesqueira;Pedra Redonda
PE;2610905;Pesqueira;Pitanga
PE;2610905;Pesqueira;Prado
PE;2610905;Pesqueira;Salgado
PE;2610905;Pesqueira;Santo Antônio
PE;2610905;Pesqueira;São Sebastião
PE;2610905;Pesqueira;Serrinha
PE;2610905;Pesqueira;Vila Anápolis
PE;2610905;Pesqueira;Xucurus
PE;2611002;Petrolândia;
PE;2611101;Petrolina;Alto Do Cocar
PE;2611101;Petrolina;Antônio Cassimiro
PE;2611101;Petrolina;Areia Branca
PE;2611101;Petrolina;Atrás da Banca
PE;2611101;Petrolina;Boa Esperança
PE;2611101;Petrolina;Caminho Do Sol
PE;2611101;Petrolina;Carneiro
PE;2611101;Petrolina;Centro
PE;2611101;Petrolina;Cidade Universitária
PE;2611101;Petrolina;Cohab-Massangano
PE;2611101;Petrolina;Cohab-São Francisco
PE;2611101;Petrolina;Cosme e Damião
PE;2611101;Petrolina;Distrito Industrial
PE;2611101;Petrolina;Dom Avelar
PE;2611101;Petrolina;Dom Malan
PE;2611101;Petrolina;Gercino Coelho
PE;2611101;Petrolina;Jardim Amazonas
PE;2611101;Petrolina;Jardim Maravilha
PE;2611101;Petrolina;Jardim São Paulo
PE;2611101;Petrolina;Jatobá
PE;2611101;Petrolina;João de Deus
PE;2611101;Petrolina;José e Maria
PE;2611101;Petrolina;Km 2
PE;2611101;Petrolina;Loteamento Recife
PE;2611101;Petrolina;Maria Auxiliadora
PE;2611101;Petrolina;Ouro Preto
PE;2611101;Petrolina;Palhinhas
PE;2611101;Petrolina;Pedra do Bode
PE;2611101;Petrolina;Pedro Raimundo
PE;2611101;Petrolina;São Gonçalo
PE;2611101;Petrolina;São José
PE;2611101;Petrolina;Serrote do Urubu
PE;2611101;Petrolina;Topázio
PE;2611101;Petrolina;Vila Eduardo
PE;2611101;Petrolina;Vila Mocó
PE;2611101;Petrolina;Zona Militar
PE;2611200;Poção;
PE;2611309;Pombos;
PE;2611408;Primavera;
PE;2611507;Quipapá;Deputado Edgar Lins Cavalcante
PE;2611507;Quipapá;Edson Lira Paula
PE;2611533;Quixaba;
PE;2611606;Recife;Aflitos
PE;2611606;Recife;Afogados
PE;2611606;Recife;Água Fria
PE;2611606;Recife;Alto do Mandu
PE;2611606;Recife;Alto José Bonifácio
PE;2611606;Recife;Alto José do Pinho
PE;2611606;Recife;Alto Santa Teresinha
PE;2611606;Recife;Alto Santa Terezinha
PE;2611606;Recife;Apipucos
PE;2611606;Recife;Areias
PE;2611606;Recife;Arruda
PE;2611606;Recife;Barro
PE;2611606;Recife;Beberibe
PE;2611606;Recife;Boa Viagem
PE;2611606;Recife;Boa Vista
PE;2611606;Recife;Bomba do Hemetério
PE;2611606;Recife;Bongi
PE;2611606;Recife;Brasília Teimosa
PE;2611606;Recife;Brejo da Guabiraba
PE;2611606;Recife;Brejo de Beberibe
PE;2611606;Recife;Cabanga
PE;2611606;Recife;Caçote
PE;2611606;Recife;Cajueiro
PE;2611606;Recife;Campina do Barreto
PE;2611606;Recife;Campo Grande
PE;2611606;Recife;Casa Amarela
PE;2611606;Recife;Casa Forte
PE;2611606;Recife;Caxangá
PE;2611606;Recife;Cidade Universitária
PE;2611606;Recife;Coelhos
PE;2611606;Recife;Cohab
PE;2611606;Recife;Coqueiral
PE;2611606;Recife;Cordeiro
PE;2611606;Recife;Córrego do Jenipapo
PE;2611606;Recife;Curado
PE;2611606;Recife;Derby
PE;2611606;Recife;Dois Irmãos
PE;2611606;Recife;Dois Unidos
PE;2611606;Recife;Encruzilhada
PE;2611606;Recife;Engenho do Meio
PE;2611606;Recife;Espinheiro
PE;2611606;Recife;Estância
PE;2611606;Recife;Fundão
PE;2611606;Recife;Graças
PE;2611606;Recife;Guabiraba
PE;2611606;Recife;Hipódromo
PE;2611606;Recife;Ibura
PE;2611606;Recife;Ilha do Leite
PE;2611606;Recife;Ilha do Retiro
PE;2611606;Recife;Ilha Joana Bezerra
PE;2611606;Recife;Imbiribeira
PE;2611606;Recife;Ipsep
PE;2611606;Recife;Iputinga
PE;2611606;Recife;Jaqueira
PE;2611606;Recife;Jardim São Paulo
PE;2611606;Recife;Jiquiá
PE;2611606;Recife;Jordão
PE;2611606;Recife;Linha do Tiro
PE;2611606;Recife;Macaxeira
PE;2611606;Recife;Madalena
PE;2611606;Recife;Mangabeira
PE;2611606;Recife;Mangueira
PE;2611606;Recife;Monteiro
PE;2611606;Recife;Morro da Conceição
PE;2611606;Recife;Mustardinha
PE;2611606;Recife;Nova Descoberta
PE;2611606;Recife;Paissandu
PE;2611606;Recife;Parnamirim
PE;2611606;Recife;Passarinho
PE;2611606;Recife;Pau Ferro
PE;2611606;Recife;Pau-Ferro
PE;2611606;Recife;Peixinhos
PE;2611606;Recife;Pina
PE;2611606;Recife;Poço
PE;2611606;Recife;Ponto de Parada
PE;2611606;Recife;Porto da Madeira
PE;2611606;Recife;Prado
PE;2611606;Recife;Recife
PE;2611606;Recife;Rosarinho
PE;2611606;Recife;San Martin
PE;2611606;Recife;Sancho
PE;2611606;Recife;Santana
PE;2611606;Recife;Santo Amaro
PE;2611606;Recife;Santo Antônio
PE;2611606;Recife;São José
PE;2611606;Recife;Sítio dos Pintos
PE;2611606;Recife;Sítio dos Pintos - São Brás
PE;2611606;Recife;Soledade
PE;2611606;Recife;Tamarineira
PE;2611606;Recife;Tejipió
PE;2611606;Recife;Torre
PE;2611606;Recife;Torreão
PE;2611606;Recife;Torrões
PE;2611606;Recife;Totó
PE;2611606;Recife;Várzea
PE;2611606;Recife;Vasco da Gama
PE;2611606;Recife;Zumbi
PE;2611606;Recife;Zumbí
PE;2611705;Riacho das Almas;
PE;2611804;Ribeirão;
PE;2611903;Rio Formoso;
PE;2612000;Sairé;
PE;2612109;Salgadinho;
PE;2612208;Salgueiro;
PE;2612307;Saloá;
PE;2612406;Sanharó;
PE;2612455;Santa Cruz;
PE;2612471;Santa Cruz da Baixa Verde;
PE;2612505;Santa Cruz do Capibaribe;Bairro Da Moda
PE;2612505;Santa Cruz do Capibaribe;Bairro Novo
PE;2612505;Santa Cruz do Capibaribe;Bela Vista
PE;2612505;Santa Cruz do Capibaribe;Centro
PE;2612505;Santa Cruz do Capibaribe;Cruz Alta
PE;2612505;Santa Cruz do Capibaribe;Dona Dom
PE;2612505;Santa Cruz do Capibaribe;Gaudêncio Gomes Feitosa
PE;2612505;Santa Cruz do Capibaribe;Malaquias Cardoso
PE;2612505;Santa Cruz do Capibaribe;Malhada do Meio
PE;2612505;Santa Cruz do Capibaribe;Manhosa
PE;2612505;Santa Cruz do Capibaribe;Nova Palestina
PE;2612505;Santa Cruz do Capibaribe;Nova Santa Cruz
PE;2612505;Santa Cruz do Capibaribe;Oscarzão
PE;2612505;Santa Cruz do Capibaribe;Palestina
PE;2612505;Santa Cruz do Capibaribe;Santa Tereza
PE;2612505;Santa Cruz do Capibaribe;Santo Agostinho
PE;2612505;Santa Cruz do Capibaribe;São Cristóvão
PE;2612505;Santa Cruz do Capibaribe;São Jorge
PE;2612554;Santa Filomena;
PE;2612604;Santa Maria da Boa Vista;
PE;2612703;Santa Maria do Cambucá;
PE;2612802;Santa Terezinha;
PE;2612901;São Benedito do Sul;
PE;2613008;São Bento do Una;
PE;2613107;São Caitano;
PE;2613206;São João;
PE;2613305;São Joaquim do Monte;
PE;2613404;São José da Coroa Grande;
PE;2613503;São José do Belmonte;
PE;2613602;São José do Egito;
PE;2613701;São Lourenço da Mata;Aldeia
PE;2613701;São Lourenço da Mata;Bela Vista
PE;2613701;São Lourenço da Mata;Caiará
PE;2613701;São Lourenço da Mata;Capibaribe
PE;2613701;São Lourenço da Mata;Centro
PE;2613701;São Lourenço da Mata;Chã de Tábua
PE;2613701;São Lourenço da Mata;Ercina Lapenda
PE;2613701;São Lourenço da Mata;Muribara
PE;2613701;São Lourenço da Mata;Nova Tiuma
PE;2613701;São Lourenço da Mata;Parque Capibaribe
PE;2613701;São Lourenço da Mata;Penedo
PE;2613701;São Lourenço da Mata;Pixete
PE;2613701;São Lourenço da Mata;São João e São Paulo
PE;2613701;São Lourenço da Mata;Tiuma
PE;2613701;São Lourenço da Mata;Várzea Fria
PE;2613701;São Lourenço da Mata;Vila do Reinado
PE;2613800;São Vicente Férrer;
PE;2613909;Serra Talhada;AABB
PE;2613909;Serra Talhada;Bom Jesus
PE;2613909;Serra Talhada;Cachoeira
PE;2613909;Serra Talhada;José Alves Carvalho Nunes
PE;2613909;Serra Talhada;José Rufino Alves
PE;2613909;Serra Talhada;José Tomé de Souza
PE;2613909;Serra Talhada;Nossa Senhora da Conceição
PE;2613909;Serra Talhada;Nossa Senhora da Penha
PE;2613909;Serra Talhada;Nossa Senhora de Fátima
PE;2613909;Serra Talhada;São Cristóvão
PE;2613909;Serra Talhada;São Sebastião
PE;2613909;Serra Talhada;Tancredo Neves
PE;2613909;Serra Talhada;Vanete Almeida
PE;2613909;Serra Talhada;Vila Bela
PE;2614006;Serrita;
PE;2614105;Sertânia;
PE;2614204;Sirinhaém;
PE;2614402;Solidão;
PE;2614501;Surubim;Bela Vista
PE;2614501;Surubim;Cabaceira
PE;2614501;Surubim;Centro
PE;2614501;Surubim;Chã do Marinheiro
PE;2614501;Surubim;Coqueiro
PE;2614501;Surubim;Diogo
PE;2614501;Surubim;Lagoa Nova
PE;2614501;Surubim;Santo Antônio
PE;2614501;Surubim;São José
PE;2614501;Surubim;São Sebastião
PE;2614600;Tabira;
PE;2614709;Tacaimbó;
PE;2614808;Tacaratu;
PE;2614857;Tamandaré;
PE;2615003;Taquaritinga do Norte;
PE;2615102;Terezinha;
PE;2615201;Terra Nova;
PE;2615300;Timbaúba;Araruna
PE;2615300;Timbaúba;Barro
PE;2615300;Timbaúba;Centro
PE;2615300;Timbaúba;Cezar Augusto
PE;2615300;Timbaúba;Cohab
PE;2615300;Timbaúba;Coronel Maranhão
PE;2615300;Timbaúba;Cruzeiro
PE;2615300;Timbaúba;Independência
PE;2615300;Timbaúba;Jardim Guarani
PE;2615300;Timbaúba;Mocós
PE;2615300;Timbaúba;Mocosinho
PE;2615300;Timbaúba;Nova Vida
PE;2615300;Timbaúba;Santa Ana
PE;2615300;Timbaúba;Santa Terezinha
PE;2615300;Timbaúba;Santiago
PE;2615300;Timbaúba;Sapucaia
PE;2615300;Timbaúba;Timbaubinha
PE;2615300;Timbaúba;Três Cocos
PE;2615409;Toritama;
PE;2615508;Tracunhaém;
PE;2615607;Trindade;
PE;2615706;Triunfo;
PE;2615805;Tupanatinga;
PE;2615904;Tuparetama;
PE;2616001;Venturosa;
PE;2616100;Verdejante;
PE;2616183;Vertente do Lério;
PE;2616209;Vertentes;Centro
PE;2616209;Vertentes;Danilo Andrade
PE;2616209;Vertentes;Dr. Ernildo Gonçalves
PE;2616209;Vertentes;João Santo
PE;2616209;Vertentes;Leocadio Ferreira de Araujo (Bairro Goiabeira)
PE;2616209;Vertentes;Luiz Soares
PE;2616209;Vertentes;Manoel de Souza Leal
PE;2616209;Vertentes;Prefeito José Ozair Cavalcanti (Bairro Rua Nova)
PE;2616209;Vertentes;Prefeito Pedro Barbosa da Silva (Bairro São José)
PE;2616209;Vertentes;Severino José de Menezes (Bairro Gravatazinho 2)
PE;2616209;Vertentes;Tenente Esequias Pierre de Lima (Bairro do Cruzeiro)
PE;2616308;Vicência;
PE;2616407;Vitória de Santo Antão;Água Branca
PE;2616407;Vitória de Santo Antão;Alto José Leal
PE;2616407;Vitória de Santo Antão;Bela Vista
PE;2616407;Vitória de Santo Antão;Bento Velho
PE;2616407;Vitória de Santo Antão;Caiçara
PE;2616407;Vitória de Santo Antão;Cajá
PE;2616407;Vitória de Santo Antão;Cajueiro
PE;2616407;Vitória de Santo Antão;Campinas
PE;2616407;Vitória de Santo Antão;Centro
PE;2616407;Vitória de Santo Antão;Conceição
PE;2616407;Vitória de Santo Antão;Espírito Santo
PE;2616407;Vitória de Santo Antão;Figueiras
PE;2616407;Vitória de Santo Antão;Galiléia
PE;2616407;Vitória de Santo Antão;Jardim Ipiranga
PE;2616407;Vitória de Santo Antão;Jardim São Pedro
PE;2616407;Vitória de Santo Antão;Lídia Queiroz
PE;2616407;Vitória de Santo Antão;Livramento
PE;2616407;Vitória de Santo Antão;Mangueira
PE;2616407;Vitória de Santo Antão;Maranhão
PE;2616407;Vitória de Santo Antão;Matriz
PE;2616407;Vitória de Santo Antão;Maues
PE;2616407;Vitória de Santo Antão;Natuba
PE;2616407;Vitória de Santo Antão;Nossa Senhora do Amparo
PE;2616407;Vitória de Santo Antão;Parque Industrial
PE;2616407;Vitória de Santo Antão;Redenção
PE;2616407;Vitória de Santo Antão;Santana
PE;2616407;Vitória de Santo Antão;São Vicente De Paulo
PE;2616506;Xexéu;
PI;2200053;Acauã;
PI;2200103;Agricolândia;
PI;2200202;Água Branca;Alto do Açude
PI;2200202;Água Branca;Bulungão
PI;2200202;Água Branca;Centro
PI;2200202;Água Branca;Compasa
PI;2200202;Água Branca;Morada do Sol
PI;2200202;Água Branca;Nova Brasília
PI;2200202;Água Branca;Poeirão
PI;2200202;Água Branca;São Luis
PI;2200202;Água Branca;Tinguis
PI;2200251;Alagoinha do Piauí;
PI;2200277;Alegrete do Piauí;
PI;2200301;Alto Longá;
PI;2200400;Altos;Bacurizeiro
PI;2200400;Altos;Baixão do São José
PI;2200400;Altos;Baixão dos Paivas
PI;2200400;Altos;Batalhão
PI;2200400;Altos;Boa Fé
PI;2200400;Altos;Boca de Barro
PI;2200400;Altos;Carrasco
PI;2200400;Altos;Centro
PI;2200400;Altos;Ciana
PI;2200400;Altos;Leite
PI;2200400;Altos;Maravilha
PI;2200400;Altos;Matadouro
PI;2200400;Altos;Santa Inês
PI;2200400;Altos;Santo Antônio
PI;2200400;Altos;São Luiz
PI;2200400;Altos;São Sebastião
PI;2200400;Altos;Tranqueira
PI;2200459;Alvorada do Gurguéia;
PI;2200509;Amarante;
PI;2200608;Angical do Piauí;
PI;2200707;Anísio de Abreu;
PI;2200806;Antônio Almeida;
PI;2200905;Aroazes;
PI;2200954;Aroeiras do Itaim;
PI;2201002;Arraial;
PI;2201051;Assunção do Piauí;
PI;2201101;Avelino Lopes;
PI;2201150;Baixa Grande do Ribeiro;Bairro Fortaleza
PI;2201150;Baixa Grande do Ribeiro;Centro
PI;2201150;Baixa Grande do Ribeiro;Montanha
PI;2201150;Baixa Grande do Ribeiro;Nossa Senhora de Fátima
PI;2201150;Baixa Grande do Ribeiro;Rudiador
PI;2201150;Baixa Grande do Ribeiro;Santa Clara
PI;2201150;Baixa Grande do Ribeiro;Santa Luzia
PI;2201150;Baixa Grande do Ribeiro;Setor Industrial
PI;2201150;Baixa Grande do Ribeiro;Setor Industrial Sul
PI;2201176;Barra D'Alcântara;
PI;2201200;Barras;Boa Vista
PI;2201200;Barras;Centro
PI;2201200;Barras;Curujal
PI;2201200;Barras;De Fátima
PI;2201200;Barras;de Fátima
PI;2201200;Barras;Floresta
PI;2201200;Barras;Galdinal
PI;2201200;Barras;Matadouro
PI;2201200;Barras;Pedrinhas
PI;2201200;Barras;Piquizeiro
PI;2201200;Barras;Residencial São Francisco
PI;2201200;Barras;Riachinho
PI;2201200;Barras;Santinho
PI;2201200;Barras;São Cristóvão
PI;2201200;Barras;Vila França
PI;2201200;Barras;Xique Xique
PI;2201200;Barras;Xique-Xique
PI;2201309;Barreiras do Piauí;
PI;2201408;Barro Duro;
PI;2201507;Batalha;
PI;2201556;Bela Vista do Piauí;
PI;2201572;Belém do Piauí;
PI;2201606;Beneditinos;
PI;2201705;Bertolínia;
PI;2201739;Betânia do Piauí;
PI;2201770;Boa Hora;
PI;2201804;Bocaina;
PI;2201903;Bom Jesus;Aeroporto
PI;2201903;Bom Jesus;Centro
PI;2201903;Bom Jesus;Hugo Piauilino
PI;2201903;Bom Jesus;Josué Parente
PI;2201903;Bom Jesus;Miramar
PI;2201903;Bom Jesus;Morro do Frei
PI;2201903;Bom Jesus;Penitenciária
PI;2201903;Bom Jesus;Rodoviária
PI;2201903;Bom Jesus;São Pedro
PI;2201903;Bom Jesus;Vicente Brandão
PI;2201919;Bom Princípio do Piauí;
PI;2201929;Bonfim do Piauí;
PI;2201945;Boqueirão do Piauí;
PI;2201960;Brasileira;Centro
PI;2201960;Brasileira;Estação
PI;2201960;Brasileira;Fonte das Palmeiras
PI;2201960;Brasileira;Frecheiras
PI;2201960;Brasileira;Massapê
PI;2201960;Brasileira;Nova Brasileira
PI;2201960;Brasileira;Salitre
PI;2201988;Brejo do Piauí;
PI;2202000;Buriti dos Lopes;
PI;2202026;Buriti dos Montes;
PI;2202059;Cabeceiras do Piauí;
PI;2202075;Cajazeiras do Piauí;
PI;2202083;Cajueiro da Praia;
PI;2202091;Caldeirão Grande do Piauí;
PI;2202109;Campinas do Piauí;
PI;2202117;Campo Alegre do Fidalgo;
PI;2202133;Campo Grande do Piauí;
PI;2202174;Campo Largo do Piauí;
PI;2202208;Campo Maior;Alto da Olaria
PI;2202208;Campo Maior;Califórnia
PI;2202208;Campo Maior;Cariri
PI;2202208;Campo Maior;Centro
PI;2202208;Campo Maior;Cidade Nova
PI;2202208;Campo Maior;Estação
PI;2202208;Campo Maior;Evereste
PI;2202208;Campo Maior;Flores
PI;2202208;Campo Maior;Fripisa
PI;2202208;Campo Maior;Matadouro
PI;2202208;Campo Maior;Mucuripe
PI;2202208;Campo Maior;Nossa Senhora de Fátima
PI;2202208;Campo Maior;Nossa Senhora de Lourdes
PI;2202208;Campo Maior;Parque das Estrelas
PI;2202208;Campo Maior;Paulo VI
PI;2202208;Campo Maior;Recreio
PI;2202208;Campo Maior;Santa Cruz
PI;2202208;Campo Maior;Santa Izabel
PI;2202208;Campo Maior;Santa Rita
PI;2202208;Campo Maior;São João
PI;2202208;Campo Maior;São Luis
PI;2202208;Campo Maior;São Luís
PI;2202251;Canavieira;
PI;2202307;Canto do Buriti;
PI;2202406;Capitão de Campos;
PI;2202455;Capitão Gervásio Oliveira;
PI;2202505;Caracol;
PI;2202539;Caraúbas do Piauí;
PI;2202554;Caridade do Piauí;
PI;2202604;Castelo do Piauí;
PI;2202653;Caxingó;
PI;2202703;Cocal;Centro
PI;2202703;Cocal;Dos Ulisses
PI;2202703;Cocal;José da Cunha Frota
PI;2202703;Cocal;Santa Luzia
PI;2202703;Cocal;Santa Teresinha
PI;2202703;Cocal;São Francisco
PI;2202703;Cocal;São Pedro
PI;2202711;Cocal de Telha;
PI;2202729;Cocal dos Alves;
PI;2202737;Coivaras;
PI;2202752;Colônia do Gurguéia;
PI;2202778;Colônia do Piauí;
PI;2202802;Conceição do Canindé;
PI;2202851;Coronel José Dias;
PI;2202901;Corrente;Aeroporto I
PI;2202901;Corrente;Aeroporto II
PI;2202901;Corrente;Beira Rio
PI;2202901;Corrente;Buritizinho
PI;2202901;Corrente;Centro
PI;2202901;Corrente;Limoeiro
PI;2202901;Corrente;Morro do Pequi
PI;2202901;Corrente;Nova Corrente
PI;2202901;Corrente;Olaria
PI;2202901;Corrente;Primavera
PI;2202901;Corrente;Projetado
PI;2202901;Corrente;Projeto Piauí
PI;2202901;Corrente;Sincerino
PI;2202901;Corrente;Vermelhão
PI;2202901;Corrente;Vila Nova
PI;2203008;Cristalândia do Piauí;
PI;2203107;Cristino Castro;
PI;2203206;Curimatá;
PI;2203230;Currais;
PI;2203271;Curral Novo do Piauí;
PI;2203255;Curralinhos;
PI;2203305;Demerval Lobão;
PI;2203354;Dirceu Arcoverde;
PI;2203404;Dom Expedito Lopes;
PI;2203453;Dom Inocêncio;
PI;2203420;Domingos Mourão;
PI;2203503;Elesbão Veloso;Capitão Mundoco
PI;2203503;Elesbão Veloso;Centro
PI;2203503;Elesbão Veloso;Cirino
PI;2203503;Elesbão Veloso;Do Fio
PI;2203503;Elesbão Veloso;Eufrasino Moura
PI;2203503;Elesbão Veloso;Fátima
PI;2203503;Elesbão Veloso;Grota do Feijão
PI;2203503;Elesbão Veloso;Matadouro
PI;2203503;Elesbão Veloso;Matias
PI;2203503;Elesbão Veloso;Piçarra
PI;2203503;Elesbão Veloso;Sambaíba
PI;2203503;Elesbão Veloso;Santa Clara
PI;2203503;Elesbão Veloso;Várzea Alegre
PI;2203503;Elesbão Veloso;Vermelha
PI;2203503;Elesbão Veloso;Volta
PI;2203602;Eliseu Martins;
PI;2203701;Esperantina;
PI;2203750;Fartura do Piauí;
PI;2203800;Flores do Piauí;
PI;2203859;Floresta do Piauí;
PI;2203909;Floriano;Alto da Cruz
PI;2203909;Floriano;Alto da Guia
PI;2203909;Floriano;Bom Lugar
PI;2203909;Floriano;Bosque Santa Teresinha
PI;2203909;Floriano;Caixa D'Água
PI;2203909;Floriano;Cajueiro II
PI;2203909;Floriano;Campo Velho
PI;2203909;Floriano;Cancela
PI;2203909;Floriano;Canoas
PI;2203909;Floriano;Catumbi
PI;2203909;Floriano;Centro
PI;2203909;Floriano;Curador
PI;2203909;Floriano;Curtume
PI;2203909;Floriano;Hermes Pacheco
PI;2203909;Floriano;Ibiapaba
PI;2203909;Floriano;Irapuã I
PI;2203909;Floriano;Irapuã II
PI;2203909;Floriano;Juá
PI;2203909;Floriano;Malária
PI;2203909;Floriano;Manguinha
PI;2203909;Floriano;Matadouro
PI;2203909;Floriano;Meladão
PI;2203909;Floriano;Morro do Tiro
PI;2203909;Floriano;Nossa Senhora da Guia
PI;2203909;Floriano;Paraíso
PI;2203909;Floriano;Pau Ferrado
PI;2203909;Floriano;Pedro Simplício
PI;2203909;Floriano;Planalto Bela Vista
PI;2203909;Floriano;Planalto Sambaíba
PI;2203909;Floriano;Princesa do Sul
PI;2203909;Floriano;Rede Nova
PI;2203909;Floriano;Riacho Fundo
PI;2203909;Floriano;Sambaíba Nova
PI;2203909;Floriano;Sambaíba Velha
PI;2203909;Floriano;Santa Rita
PI;2203909;Floriano;São Borja
PI;2203909;Floriano;São Cristóvão
PI;2203909;Floriano;Taboca
PI;2203909;Floriano;Tamboril
PI;2203909;Floriano;Tiberão
PI;2203909;Floriano;Viazul
PI;2203909;Floriano;Vila Leão
PI;2204006;Francinópolis;
PI;2204105;Francisco Ayres;
PI;2204154;Francisco Macedo;
PI;2204204;Francisco Santos;
PI;2204303;Fronteiras;
PI;2204352;Geminiano;
PI;2204402;Gilbués;
PI;2204501;Guadalupe;
PI;2204550;Guaribas;
PI;2204600;Hugo Napoleão;
PI;2204659;Ilha Grande;Baixão
PI;2204659;Ilha Grande;Cal
PI;2204659;Ilha Grande;Centro
PI;2204659;Ilha Grande;São Vicente de Paula
PI;2204659;Ilha Grande;Tatus
PI;2204709;Inhuma;
PI;2204808;Ipiranga do Piauí;
PI;2204907;Isaías Coelho;
PI;2205003;Itainópolis;
PI;2205102;Itaueira;
PI;2205151;Jacobina do Piauí;
PI;2205201;Jaicós;
PI;2205250;Jardim do Mulato;
PI;2205276;Jatobá do Piauí;
PI;2205300;Jerumenha;
PI;2205359;João Costa;
PI;2205409;Joaquim Pires;
PI;2205458;Joca Marques;
PI;2205508;José de Freitas;
PI;2205516;Juazeiro do Piauí;
PI;2205524;Júlio Borges;
PI;2205532;Jurema;
PI;2205557;Lagoa Alegre;
PI;2205573;Lagoa de São Francisco;
PI;2205565;Lagoa do Barro do Piauí;Abílio Marques
PI;2205565;Lagoa do Barro do Piauí;Betel
PI;2205565;Lagoa do Barro do Piauí;Centro
PI;2205581;Lagoa do Piauí;
PI;2205599;Lagoa do Sítio;
PI;2205540;Lagoinha do Piauí;
PI;2205607;Landri Sales;
PI;2205706;Luís Correia;Alto Bonito
PI;2205706;Luís Correia;Alto do Murici
PI;2205706;Luís Correia;Atalaia
PI;2205706;Luís Correia;Beira Mar
PI;2205706;Luís Correia;Cearazinho
PI;2205706;Luís Correia;Cemitério
PI;2205706;Luís Correia;Centro
PI;2205706;Luís Correia;Coqueiro
PI;2205706;Luís Correia;Dunas
PI;2205706;Luís Correia;Santa Luzia
PI;2205706;Luís Correia;Triângulo
PI;2205706;Luís Correia;Vista do Atlântico
PI;2205805;Luzilândia;
PI;2205854;Madeiro;
PI;2205904;Manoel Emídio;
PI;2205953;Marcolândia;
PI;2206001;Marcos Parente;
PI;2206050;Massapê do Piauí;
PI;2206100;Matias Olímpio;
PI;2206209;Miguel Alves;
PI;2206308;Miguel Leão;
PI;2206357;Milton Brandão;
PI;2206407;Monsenhor Gil;
PI;2206506;Monsenhor Hipólito;
PI;2206605;Monte Alegre do Piauí;
PI;2206654;Morro Cabeça no Tempo;
PI;2206670;Morro do Chapéu do Piauí;
PI;2206696;Murici dos Portelas;
PI;2206704;Nazaré do Piauí;
PI;2206720;Nazária;
PI;2206753;Nossa Senhora de Nazaré;
PI;2206803;Nossa Senhora dos Remédios;
PI;2207959;Nova Santa Rita;
PI;2206902;Novo Oriente do Piauí;
PI;2206951;Novo Santo Antônio;
PI;2207009;Oeiras;
PI;2207108;Olho D'Água do Piauí;
PI;2207207;Padre Marcos;
PI;2207306;Paes Landim;
PI;2207355;Pajeú do Piauí;
PI;2207405;Palmeira do Piauí;
PI;2207504;Palmeirais;
PI;2207553;Paquetá;
PI;2207603;Parnaguá;
PI;2207702;Parnaíba;Alberto Silva
PI;2207702;Parnaíba;Almira Silva
PI;2207702;Parnaíba;Alto Santa Maria
PI;2207702;Parnaíba;Bebedouro
PI;2207702;Parnaíba;Boa Esperança
PI;2207702;Parnaíba;Campos
PI;2207702;Parnaíba;Cantagalo
PI;2207702;Parnaíba;Carpina
PI;2207702;Parnaíba;Ceará
PI;2207702;Parnaíba;Centro
PI;2207702;Parnaíba;Chafariz
PI;2207702;Parnaíba;Cristo Rei
PI;2207702;Parnaíba;De Fátima
PI;2207702;Parnaíba;Dirceu Arcoverde
PI;2207702;Parnaíba;Do Carmo
PI;2207702;Parnaíba;Dom Rufino
PI;2207702;Parnaíba;Floriópolis
PI;2207702;Parnaíba;Frei Higino
PI;2207702;Parnaíba;Igaraçu
PI;2207702;Parnaíba;João XXIII
PI;2207702;Parnaíba;Joaz Souza
PI;2207702;Parnaíba;Lagoa da Prata
PI;2207702;Parnaíba;Mendonça Clark
PI;2207702;Parnaíba;Nossa Senhora Montserrat
PI;2207702;Parnaíba;Nova Parnaíba
PI;2207702;Parnaíba;Piauí
PI;2207702;Parnaíba;Pindorama
PI;2207702;Parnaíba;Portinho
PI;2207702;Parnaíba;Primavera
PI;2207702;Parnaíba;Raul Bacelar
PI;2207702;Parnaíba;Reis Veloso
PI;2207702;Parnaíba;Rodoviária
PI;2207702;Parnaíba;Sabiazal
PI;2207702;Parnaíba;Santa Isabel
PI;2207702;Parnaíba;Santa Luzia
PI;2207702;Parnaíba;Santa Teresinha
PI;2207702;Parnaíba;São Benedito
PI;2207702;Parnaíba;São Francisco da Guarita
PI;2207702;Parnaíba;São João
PI;2207702;Parnaíba;São José
PI;2207702;Parnaíba;São Judas Tadeu
PI;2207702;Parnaíba;São Pedro
PI;2207702;Parnaíba;São Vicente de Paula
PI;2207702;Parnaíba;Simplício Dias
PI;2207702;Parnaíba;Tabuleiro
PI;2207702;Parnaíba;Vicente Correia
PI;2207751;Passagem Franca do Piauí;
PI;2207777;Patos do Piauí;
PI;2207793;Pau D'Arco do Piauí;
PI;2207801;Paulistana;Arapiraca
PI;2207801;Paulistana;Boa Vista
PI;2207801;Paulistana;Centro
PI;2207801;Paulistana;Choró
PI;2207801;Paulistana;Cohab
PI;2207801;Paulistana;Correnteza
PI;2207801;Paulistana;Estação
PI;2207801;Paulistana;Guarita
PI;2207801;Paulistana;Industrial
PI;2207801;Paulistana;Jardim Paulistana
PI;2207801;Paulistana;Lagoa
PI;2207801;Paulistana;Maninho
PI;2207801;Paulistana;Paulista Grande
PI;2207801;Paulistana;Santo Antônio
PI;2207801;Paulistana;São Francisco
PI;2207801;Paulistana;Sertanejo
PI;2207801;Paulistana;Triângulo
PI;2207850;Pavussu;
PI;2207900;Pedro II;
PI;2207934;Pedro Laurentino;
PI;2208007;Picos;Aerolândia
PI;2208007;Picos;Altamira
PI;2208007;Picos;Aroeiras
PI;2208007;Picos;Bela Vista
PI;2208007;Picos;Boa Sorte
PI;2208007;Picos;Boa Vista
PI;2208007;Picos;Bomba
PI;2208007;Picos;Canto da Várzea
PI;2208007;Picos;Catavento
PI;2208007;Picos;Centro
PI;2208007;Picos;Conduru
PI;2208007;Picos;De Fátima
PI;2208007;Picos;Dner
PI;2208007;Picos;Ipueiras
PI;2208007;Picos;Jardim Natal
PI;2208007;Picos;Junco
PI;2208007;Picos;Malva
PI;2208007;Picos;Marco de Sousa
PI;2208007;Picos;Morada do Sol
PI;2208007;Picos;Paraibinha
PI;2208007;Picos;Paroquial
PI;2208007;Picos;Parque de Exposição
PI;2208007;Picos;Parque Industrial (Pantanal)
PI;2208007;Picos;Parque Industrial - Pantanal
PI;2208007;Picos;Passagem das Pedras
PI;2208007;Picos;Pedrinhas
PI;2208007;Picos;São José
PI;2208007;Picos;Trizidela
PI;2208106;Pimenteiras;
PI;2208205;Pio IX;
PI;2208304;Piracuruca;Aquidaban
PI;2208304;Piracuruca;Baixa da Ema
PI;2208304;Piracuruca;Centro
PI;2208304;Piracuruca;Colibri
PI;2208304;Piracuruca;Esplanada
PI;2208304;Piracuruca;Fátima
PI;2208304;Piracuruca;Guarani
PI;2208304;Piracuruca;Mutirão
PI;2208304;Piracuruca;Nova Esperança
PI;2208304;Piracuruca;Olho D’Água
PI;2208304;Piracuruca;Três Lagoas
PI;2208403;Piripiri;Anajás
PI;2208403;Piripiri;Barcelona
PI;2208403;Piripiri;Caixa D'Água
PI;2208403;Piripiri;Campo das Palmas
PI;2208403;Piripiri;Centro
PI;2208403;Piripiri;Conceição
PI;2208403;Piripiri;Conjunto Expedito Rezende
PI;2208403;Piripiri;Crioli
PI;2208403;Piripiri;Estação
PI;2208403;Piripiri;Flor dos Campos
PI;2208403;Piripiri;Floresta
PI;2208403;Piripiri;Fonte dos Matos
PI;2208403;Piripiri;Garibaldi
PI;2208403;Piripiri;Germano
PI;2208403;Piripiri;Germano, Conjunto Joquinha Cruz e Conjunto IAPEP Germano
PI;2208403;Piripiri;Jenipapeiro
PI;2208403;Piripiri;Matadouro
PI;2208403;Piripiri;Morro da Ana
PI;2208403;Piripiri;Morro da Saudade
PI;2208403;Piripiri;Paciência
PI;2208403;Piripiri;Pedreiras
PI;2208403;Piripiri;Petecas
PI;2208403;Piripiri;Petecas e Residenciais Petecas 1, 2, 3 e 4
PI;2208403;Piripiri;Prado
PI;2208403;Piripiri;Recreio
PI;2208403;Piripiri;Recreio e Residencial Parque Recreio
PI;2208403;Piripiri;Residencial Abdias Monteiro
PI;2208403;Piripiri;Russinha
PI;2208403;Piripiri;Russinha e Residencial Russinha IAPEP
PI;2208403;Piripiri;Santa Maria
PI;2208403;Piripiri;São Francisco
PI;2208403;Piripiri;São João
PI;2208403;Piripiri;São João e Residenciais José Amâncio e Nova Alegria
PI;2208403;Piripiri;Vila Madrid
PI;2208403;Piripiri;Vista Alegre
PI;2208403;Piripiri;Ytacoatiara
PI;2208502;Porto;
PI;2208551;Porto Alegre do Piauí;
PI;2208601;Prata do Piauí;
PI;2208650;Queimada Nova;
PI;2208700;Redenção do Gurguéia;
PI;2208809;Regeneração;
PI;2208858;Riacho Frio;
PI;2208874;Ribeira do Piauí;
PI;2208908;Ribeiro Gonçalves;Barreiras
PI;2208908;Ribeiro Gonçalves;Bela Vista
PI;2208908;Ribeiro Gonçalves;Centro
PI;2208908;Ribeiro Gonçalves;Serrinha
PI;2208908;Ribeiro Gonçalves;Vila Nova
PI;2209005;Rio Grande do Piauí;
PI;2209104;Santa Cruz do Piauí;
PI;2209153;Santa Cruz dos Milagres;
PI;2209203;Santa Filomena;
PI;2209302;Santa Luz;
PI;2209377;Santa Rosa do Piauí;
PI;2209351;Santana do Piauí;
PI;2209401;Santo Antônio de Lisboa;
PI;2209450;Santo Antônio dos Milagres;
PI;2209500;Santo Inácio do Piauí;
PI;2209559;São Braz do Piauí;
PI;2209609;São Félix do Piauí;Alto Vermelho
PI;2209609;São Félix do Piauí;Areia Branca
PI;2209609;São Félix do Piauí;Centro
PI;2209609;São Félix do Piauí;Clube do Vaqueiro
PI;2209609;São Félix do Piauí;Conjunto Afonso Veim
PI;2209609;São Félix do Piauí;Ingá
PI;2209609;São Félix do Piauí;Olho d'Água de São Félix
PI;2209609;São Félix do Piauí;Santa Teresinha
PI;2209609;São Félix do Piauí;Santo Antônio
PI;2209609;São Félix do Piauí;São Sebastião
PI;2209658;São Francisco de Assis do Piauí;
PI;2209708;São Francisco do Piauí;
PI;2209757;São Gonçalo do Gurguéia;
PI;2209807;São Gonçalo do Piauí;
PI;2209856;São João da Canabrava;
PI;2209872;São João da Fronteira;
PI;2209906;São João da Serra;
PI;2209955;São João da Varjota;
PI;2209971;São João do Arraial;
PI;2210003;São João do Piauí;
PI;2210052;São José do Divino;
PI;2210102;São José do Peixe;
PI;2210201;São José do Piauí;
PI;2210300;São Julião;
PI;2210359;São Lourenço do Piauí;
PI;2210375;São Luis do Piauí;
PI;2210383;São Miguel da Baixa Grande;
PI;2210391;São Miguel do Fidalgo;
PI;2210409;São Miguel do Tapuio;
PI;2210508;São Pedro do Piauí;
PI;2210607;São Raimundo Nonato;
PI;2210623;Sebastião Barros;
PI;2210631;Sebastião Leal;
PI;2210656;Sigefredo Pacheco;
PI;2210706;Simões;Alto Vistoso
PI;2210706;Simões;Anselmo
PI;2210706;Simões;Bela Vista
PI;2210706;Simões;Centro
PI;2210706;Simões;Clementino Coelho
PI;2210706;Simões;Conjunto Habitacional Soledade II
PI;2210706;Simões;São Raimundo
PI;2210706;Simões;Soledade
PI;2210706;Simões;Veneza
PI;2210805;Simplício Mendes;Nova Cidade
PI;2210805;Simplício Mendes;São Francisco
PI;2210904;Socorro do Piauí;
PI;2210938;Sussuapara;
PI;2210953;Tamboril do Piauí;
PI;2210979;Tanque do Piauí;
PI;2211001;Teresina;Acarapé
PI;2211001;Teresina;Aeroporto
PI;2211001;Teresina;Água Mineral
PI;2211001;Teresina;Alegre
PI;2211001;Teresina;Alto Alegre
PI;2211001;Teresina;Alvorada
PI;2211001;Teresina;Angelica
PI;2211001;Teresina;Angelim
PI;2211001;Teresina;Areias
PI;2211001;Teresina;Aroeiras
PI;2211001;Teresina;Árvores Verdes
PI;2211001;Teresina;Beira Rio
PI;2211001;Teresina;Bela Vista
PI;2211001;Teresina;Bom Jesus
PI;2211001;Teresina;Bom Princípio
PI;2211001;Teresina;Brasilar
PI;2211001;Teresina;Buenos Aires
PI;2211001;Teresina;Cabral
PI;2211001;Teresina;Campestre
PI;2211001;Teresina;Catarina
PI;2211001;Teresina;Centro
PI;2211001;Teresina;Chapadinha
PI;2211001;Teresina;Cidade Industrial
PI;2211001;Teresina;Cidade jardim
PI;2211001;Teresina;Cidade Nova
PI;2211001;Teresina;Colorado
PI;2211001;Teresina;Comprida
PI;2211001;Teresina;Cristo Rei
PI;2211001;Teresina;Distrito Industrial
PI;2211001;Teresina;Embrapa
PI;2211001;Teresina;Esplanada
PI;2211001;Teresina;Extrema
PI;2211001;Teresina;Fátima
PI;2211001;Teresina;Flor do Campo
PI;2211001;Teresina;Flor do campo
PI;2211001;Teresina;Frei Serafim
PI;2211001;Teresina;Gurupi
PI;2211001;Teresina;Horto
PI;2211001;Teresina;Ilhotas
PI;2211001;Teresina;Iningá
PI;2211001;Teresina;Itaperu
PI;2211001;Teresina;Itararé
PI;2211001;Teresina;Jacinta Andrade
PI;2211001;Teresina;Jóquei
PI;2211001;Teresina;Livramento
PI;2211001;Teresina;Lourival Parente
PI;2211001;Teresina;Macaúba
PI;2211001;Teresina;Mafrense
PI;2211001;Teresina;Mafuá
PI;2211001;Teresina;Marquês de Paranaguá
PI;2211001;Teresina;Matadouro
PI;2211001;Teresina;Matinha
PI;2211001;Teresina;Memorare
PI;2211001;Teresina;Mocambinho
PI;2211001;Teresina;Monte castelo
PI;2211001;Teresina;Monte Castelo
PI;2211001;Teresina;Monte Verde
PI;2211001;Teresina;Morada do Sol
PI;2211001;Teresina;Morada Nova
PI;2211001;Teresina;Morro da Esperança
PI;2211001;Teresina;Morros
PI;2211001;Teresina;N. S. das Graças
PI;2211001;Teresina;N.S.das Graças
PI;2211001;Teresina;Noivos
PI;2211001;Teresina;Nova Brasília
PI;2211001;Teresina;Novo Horizonte
PI;2211001;Teresina;Novo Uruguai
PI;2211001;Teresina;Olarias
PI;2211001;Teresina;Parque Alvorada
PI;2211001;Teresina;Parque Brasil
PI;2211001;Teresina;Parque do Piauí
PI;2211001;Teresina;Parque Ideal
PI;2211001;Teresina;Parque Jacinta
PI;2211001;Teresina;Parque Juliana
PI;2211001;Teresina;Parque Piauí
PI;2211001;Teresina;Parque Poti
PI;2211001;Teresina;Parque São João
PI;2211001;Teresina;Parque Sul
PI;2211001;Teresina;Pedra Miúda
PI;2211001;Teresina;Pedra Mole
PI;2211001;Teresina;Piçarra
PI;2211001;Teresina;Piçarreira
PI;2211001;Teresina;Pio XII
PI;2211001;Teresina;Pirajá
PI;2211001;Teresina;Planalto
PI;2211001;Teresina;Por Enquanto
PI;2211001;Teresina;Portal da Alegria
PI;2211001;Teresina;Porto do Centro
PI;2211001;Teresina;Poti Velho
PI;2211001;Teresina;Primavera
PI;2211001;Teresina;Promorar
PI;2211001;Teresina;Real Copagre
PI;2211001;Teresina;Real Copagri
PI;2211001;Teresina;Recanto das Palmeiras
PI;2211001;Teresina;Redenção
PI;2211001;Teresina;Redonda
PI;2211001;Teresina;Renascença
PI;2211001;Teresina;Saci
PI;2211001;Teresina;Samapi
PI;2211001;Teresina;Santa Cruz
PI;2211001;Teresina;Santa Isabel
PI;2211001;Teresina;Santa Lia
PI;2211001;Teresina;Santa Luzia
PI;2211001;Teresina;Santa Maria
PI;2211001;Teresina;Santa Rosa
PI;2211001;Teresina;Santo Antônio
PI;2211001;Teresina;São Cristóvão
PI;2211001;Teresina;São Francisco
PI;2211001;Teresina;São João
PI;2211001;Teresina;São Joaquim
PI;2211001;Teresina;São Lourenço
PI;2211001;Teresina;São Pedro
PI;2211001;Teresina;São Raimundo
PI;2211001;Teresina;São Sebastião
PI;2211001;Teresina;Satélite
PI;2211001;Teresina;Socopó
PI;2211001;Teresina;Tabajaras
PI;2211001;Teresina;Tabuleta
PI;2211001;Teresina;Tancredo Neves
PI;2211001;Teresina;Todos os Santos
PI;2211001;Teresina;Três Andares
PI;2211001;Teresina;Triunfo
PI;2211001;Teresina;Uruguai
PI;2211001;Teresina;Vale do Gavião
PI;2211001;Teresina;Vale Quem Tem
PI;2211001;Teresina;Verde Lar
PI;2211001;Teresina;Verdecap
PI;2211001;Teresina;Vermelha
PI;2211001;Teresina;Vila Operária
PI;2211001;Teresina;Vila São Francisco
PI;2211001;Teresina;Zoobotânico
PI;2211100;União;Areias
PI;2211100;União;Beira Rio
PI;2211100;União;Buritizinho
PI;2211100;União;Centro
PI;2211100;União;Cruzeiro
PI;2211100;União;Dos Cocos
PI;2211100;União;Nossa Senhora das Graças
PI;2211100;União;São Francisco
PI;2211100;União;São João
PI;2211100;União;São José
PI;2211100;União;São Judas Tadeu
PI;2211100;União;São Pedro
PI;2211100;União;São Sebastião
PI;2211100;União;Vila Nova Conquista
PI;2211209;Uruçuí;
PI;2211308;Valença do Piauí;
PI;2211357;Várzea Branca;
PI;2211407;Várzea Grande;
PI;2211506;Vera Mendes;
PI;2211605;Vila Nova do Piauí;
PI;2211704;Wall Ferraz;
PR;4100103;Abatiá;
PR;4100202;Adrianópolis;
PR;4100301;Agudos do Sul;
PR;4100400;Almirante Tamandaré;
PR;4100459;Altamira do Paraná;
PR;4128625;Alto Paraíso;
PR;4100608;Alto Paraná;
PR;4100707;Alto Piquiri;
PR;4100509;Altônia;
PR;4100806;Alvorada do Sul;
PR;4100905;Amaporã;
PR;4101002;Ampére;Centro
PR;4101002;Ampére;Colina Verde
PR;4101002;Ampére;Esperança
PR;4101002;Ampére;Floresta
PR;4101002;Ampére;Industrial I
PR;4101002;Ampére;Industrial II
PR;4101002;Ampére;Nossa Senhora das Graças
PR;4101002;Ampére;Rondinha
PR;4101002;Ampére;Santa Mônica
PR;4101002;Ampére;São Francisco
PR;4101051;Anahy;
PR;4101101;Andirá;
PR;4101150;Ângulo;
PR;4101200;Antonina;
PR;4101309;Antônio Olinto;
PR;4101408;Apucarana;
PR;4101507;Arapongas;
PR;4101606;Arapoti;
PR;4101655;Arapuã;
PR;4101705;Araruna;
PR;4101804;Araucária;Bariguí
PR;4101804;Araucária;Boqueirão
PR;4101804;Araucária;Cachoeira
PR;4101804;Araucária;Campina da Barra
PR;4101804;Araucária;Capela Velha
PR;4101804;Araucária;Centro
PR;4101804;Araucária;Chapada
PR;4101804;Araucária;Costeira
PR;4101804;Araucária;Estação
PR;4101804;Araucária;Fazenda Velha
PR;4101804;Araucária;Iguaçu
PR;4101804;Araucária;Passaúna
PR;4101804;Araucária;Porto das Laranjeiras
PR;4101804;Araucária;Sabiá
PR;4101804;Araucária;São Miguel
PR;4101804;Araucária;Thomaz Coelho
PR;4101804;Araucária;Tindiquera
PR;4101804;Araucária;Vila Nova
PR;4101853;Ariranha do Ivaí;
PR;4101903;Assaí;
PR;4102000;Assis Chateaubriand;Conjunto Alvorada / Hélio Laghi
PR;4102000;Assis Chateaubriand;Conjunto Habitacional Cristo Rei I e Cristo Rei II
PR;4102000;Assis Chateaubriand;Conjunto Habitacional Ivo Paul Müller Sobrinho
PR;4102000;Assis Chateaubriand;Conjunto Habitacional Morada do Sol
PR;4102000;Assis Chateaubriand;Conjunto Habitacional Olinda Joanina Rizzi Sperafico
PR;4102000;Assis Chateaubriand;Conjunto Habitacional Primavera
PR;4102000;Assis Chateaubriand;Conjunto Residencial Bela Vista
PR;4102000;Assis Chateaubriand;Distrito de Bragantina
PR;4102000;Assis Chateaubriand;Distrito de Encantado do Oeste
PR;4102000;Assis Chateaubriand;Jardim América
PR;4102000;Assis Chateaubriand;Jardim Araçá
PR;4102000;Assis Chateaubriand;Jardim Carolina
PR;4102000;Assis Chateaubriand;Jardim Casagrande
PR;4102000;Assis Chateaubriand;Jardim Europa
PR;4102000;Assis Chateaubriand;Jardim Jussara
PR;4102000;Assis Chateaubriand;Jardim Mônaco
PR;4102000;Assis Chateaubriand;Jardim Panorama
PR;4102000;Assis Chateaubriand;Jardim Paraná
PR;4102000;Assis Chateaubriand;Jardim Progresso
PR;4102000;Assis Chateaubriand;Jardim Sheila / Itaipu
PR;4102000;Assis Chateaubriand;Jardim Tropical
PR;4102000;Assis Chateaubriand;Jardim Universidade
PR;4102000;Assis Chateaubriand;Mini Parque Industrial
PR;4102000;Assis Chateaubriand;Patrimônio de Terra Nova do Piquiri
PR;4102000;Assis Chateaubriand;Patrimônio Engenheiro Azaury
PR;4102000;Assis Chateaubriand;Patrimônio Nice
PR;4102000;Assis Chateaubriand;Patrimônio Silveirópolis
PR;4102000;Assis Chateaubriand;Plano Piloto
PR;4102109;Astorga;
PR;4102208;Atalaia;
PR;4102307;Balsa Nova;
PR;4102406;Bandeirantes;
PR;4102505;Barbosa Ferraz;
PR;4102703;Barra do Jacaré;
PR;4102604;Barracão;
PR;4102752;Bela Vista da Caroba;
PR;4102802;Bela Vista do Paraíso;
PR;4102901;Bituruna;
PR;4103008;Boa Esperança;
PR;4103024;Boa Esperança do Iguaçu;
PR;4103040;Boa Ventura de São Roque;
PR;4103057;Boa Vista da Aparecida;
PR;4103107;Bocaiúva do Sul;
PR;4103156;Bom Jesus do Sul;
PR;4103206;Bom Sucesso;
PR;4103222;Bom Sucesso do Sul;São Pedro
PR;4103305;Borrazópolis;
PR;4103354;Braganey;
PR;4103370;Brasilândia do Sul;
PR;4103404;Cafeara;
PR;4103453;Cafelândia;
PR;4103479;Cafezal do Sul;
PR;4103503;Califórnia;
PR;4103602;Cambará;
PR;4103701;Cambé;
PR;4103800;Cambira;
PR;4103909;Campina da Lagoa;
PR;4103958;Campina do Simão;
PR;4104006;Campina Grande do Sul;
PR;4104055;Campo Bonito;Centro
PR;4104055;Campo Bonito;Morada do Sol
PR;4104055;Campo Bonito;Santo Antônio
PR;4104055;Campo Bonito;São Francisco
PR;4104055;Campo Bonito;São Sebastião
PR;4104055;Campo Bonito;Zibetti
PR;4104105;Campo do Tenente;
PR;4104204;Campo Largo;
PR;4104253;Campo Magro;
PR;4104303;Campo Mourão;Centro
PR;4104303;Campo Mourão;Cidade Nova
PR;4104303;Campo Mourão;Cohapar
PR;4104303;Campo Mourão;Comunidade São Francisco de Assis
PR;4104303;Campo Mourão;Diamante Azul
PR;4104303;Campo Mourão;Jardim Aeroporto
PR;4104303;Campo Mourão;Jardim Albuquerque
PR;4104303;Campo Mourão;Jardim Alvorada
PR;4104303;Campo Mourão;Jardim Araucária
PR;4104303;Campo Mourão;Jardim Bandeirantes
PR;4104303;Campo Mourão;Jardim Capricórnio
PR;4104303;Campo Mourão;Jardim Conrado
PR;4104303;Campo Mourão;Jardim Copacabana
PR;4104303;Campo Mourão;Jardim Country Clube
PR;4104303;Campo Mourão;Jardim Damasco
PR;4104303;Campo Mourão;Jardim Flórida
PR;4104303;Campo Mourão;Jardim Gutierrez
PR;4104303;Campo Mourão;Jardim Horizonte
PR;4104303;Campo Mourão;Jardim Ilha Bela
PR;4104303;Campo Mourão;Jardim Isabel
PR;4104303;Campo Mourão;Jardim John Kennedy
PR;4104303;Campo Mourão;Jardim Lar Paraná
PR;4104303;Campo Mourão;Jardim Maia
PR;4104303;Campo Mourão;Jardim Modelo
PR;4104303;Campo Mourão;Jardim Paulino
PR;4104303;Campo Mourão;Jardim Paulista
PR;4104303;Campo Mourão;Jardim Pio XII
PR;4104303;Campo Mourão;Jardim Santa Cruz
PR;4104303;Campo Mourão;Jardim Santa Nilce
PR;4104303;Campo Mourão;Jardim Tropical
PR;4104303;Campo Mourão;Moradia Verdes Campos
PR;4104303;Campo Mourão;Parigot de Souza
PR;4104303;Campo Mourão;Parque Industrial I
PR;4104303;Campo Mourão;Parque Verde
PR;4104303;Campo Mourão;Vila Cândida
PR;4104303;Campo Mourão;Vila Carola
PR;4104303;Campo Mourão;Vila Rio Grande
PR;4104303;Campo Mourão;Vila Urupes
PR;4104303;Campo Mourão;Vila Urupês
PR;4104402;Cândido de Abreu;
PR;4104428;Candói;
PR;4104451;Cantagalo;
PR;4104501;Capanema;Centro
PR;4104501;Capanema;Santa Cruz
PR;4104501;Capanema;Santo Expedito
PR;4104501;Capanema;São Cristóvão
PR;4104501;Capanema;São José Operário
PR;4104600;Capitão Leônidas Marques;
PR;4104659;Carambeí;
PR;4104709;Carlópolis;
PR;4104808;Cascavel;Alto Alegre
PR;4104808;Cascavel;Brasília
PR;4104808;Cascavel;Brasmadeira
PR;4104808;Cascavel;Canadá
PR;4104808;Cascavel;Cancelli
PR;4104808;Cascavel;Cascavel Velho
PR;4104808;Cascavel;Cataratas
PR;4104808;Cascavel;Centro
PR;4104808;Cascavel;Coqueiral
PR;4104808;Cascavel;Country
PR;4104808;Cascavel;Esmeralda
PR;4104808;Cascavel;Fag
PR;4104808;Cascavel;Floresta
PR;4104808;Cascavel;Guarujá
PR;4104808;Cascavel;Interlagos
PR;4104808;Cascavel;Maria Luíza
PR;4104808;Cascavel;Morumbi
PR;4104808;Cascavel;Neva
PR;4104808;Cascavel;Pacaembu
PR;4104808;Cascavel;Parque São Paulo
PR;4104808;Cascavel;Parque Verde
PR;4104808;Cascavel;Periolo
PR;4104808;Cascavel;Pioneiros Catarinenses
PR;4104808;Cascavel;Quatorze de Novembro
PR;4104808;Cascavel;Recanto Tropical
PR;4104808;Cascavel;Região do Lago
PR;4104808;Cascavel;Santa Cruz
PR;4104808;Cascavel;Santa Felicidade
PR;4104808;Cascavel;Santo Inácio
PR;4104808;Cascavel;Santos Dumont
PR;4104808;Cascavel;São Cristóvão
PR;4104808;Cascavel;Universitário
PR;4104808;Cascavel;Vista Linda
PR;4104907;Castro;
PR;4105003;Catanduvas;
PR;4105102;Centenário do Sul;
PR;4105201;Cerro Azul;
PR;4105300;Céu Azul;
PR;4105409;Chopinzinho;Centro
PR;4105409;Chopinzinho;Cristo Rei
PR;4105409;Chopinzinho;Frei Vito
PR;4105409;Chopinzinho;Nossa Senhora Aparecida
PR;4105409;Chopinzinho;São Cristóvão
PR;4105409;Chopinzinho;São Genaro
PR;4105409;Chopinzinho;São José
PR;4105409;Chopinzinho;São Miguel
PR;4105409;Chopinzinho;São Sebastião
PR;4105409;Chopinzinho;Verdi
PR;4105508;Cianorte;Zona 1
PR;4105508;Cianorte;Zona 2
PR;4105508;Cianorte;Zona 3
PR;4105508;Cianorte;Zona 4
PR;4105508;Cianorte;Zona 5 (Armazens)
PR;4105508;Cianorte;Zona 5 - Armazens
PR;4105508;Cianorte;Zona 6
PR;4105508;Cianorte;Zona 7
PR;4105508;Cianorte;Zona 8
PR;4105607;Cidade Gaúcha;Aeroporto
PR;4105607;Cidade Gaúcha;Alvorada
PR;4105607;Cidade Gaúcha;Bela Vista
PR;4105607;Cidade Gaúcha;Centro
PR;4105607;Cidade Gaúcha;Jardins
PR;4105607;Cidade Gaúcha;Ouro Verde
PR;4105607;Cidade Gaúcha;Sol Nascente
PR;4105706;Clevelândia;Aeroporto
PR;4105706;Clevelândia;Almoxarifado
PR;4105706;Clevelândia;Anita Pacheco
PR;4105706;Clevelândia;Araucária
PR;4105706;Clevelândia;Bela Vista
PR;4105706;Clevelândia;Bom Jesus
PR;4105706;Clevelândia;Camifra
PR;4105706;Clevelândia;Centro
PR;4105706;Clevelândia;Claret
PR;4105706;Clevelândia;Eapi
PR;4105706;Clevelândia;Estrela
PR;4105706;Clevelândia;Industrial
PR;4105706;Clevelândia;Jardim Brasília
PR;4105706;Clevelândia;Nelson Eloy Petry
PR;4105706;Clevelândia;Santa Terezinha
PR;4105706;Clevelândia;Santo Antônio
PR;4105706;Clevelândia;São Joaquim
PR;4105706;Clevelândia;São Luiz
PR;4105706;Clevelândia;São Sebastião
PR;4105706;Clevelândia;Sinval Martins de Araújo
PR;4105706;Clevelândia;Soledade
PR;4105706;Clevelândia;Vale do Sol
PR;4105706;Clevelândia;Vila Operária
PR;4105706;Clevelândia;Vista Alegre
PR;4105805;Colombo;Águas Fervidas
PR;4105805;Colombo;Arruda
PR;4105805;Colombo;Atuba
PR;4105805;Colombo;Bacaetava
PR;4105805;Colombo;Bocininga
PR;4105805;Colombo;Boicininga
PR;4105805;Colombo;Botiatumirim
PR;4105805;Colombo;Butiatumirim
PR;4105805;Colombo;Campestre
PR;4105805;Colombo;Campo Pequeno
PR;4105805;Colombo;Canguiri
PR;4105805;Colombo;Capivari
PR;4105805;Colombo;Centro
PR;4105805;Colombo;Colonia Antonio Prado
PR;4105805;Colombo;Colônia Faria
PR;4105805;Colombo;das Graças
PR;4105805;Colombo;Embu
PR;4105805;Colombo;Fatima
PR;4105805;Colombo;Gabirobal
PR;4105805;Colombo;Guabirotuba
PR;4105805;Colombo;Guaraituba
PR;4105805;Colombo;Guarani
PR;4105805;Colombo;Imbuial
PR;4105805;Colombo;Itajacuru
PR;4105805;Colombo;Mana
PR;4105805;Colombo;Maracanã
PR;4105805;Colombo;Mauá
PR;4105805;Colombo;Monza
PR;4105805;Colombo;Morro Grande
PR;4105805;Colombo;Osasco
PR;4105805;Colombo;Palmital
PR;4105805;Colombo;Paloma
PR;4105805;Colombo;Poço Negro
PR;4105805;Colombo;Ribeirão das Onças
PR;4105805;Colombo;Rincão
PR;4105805;Colombo;Rio Verde
PR;4105805;Colombo;Roça Grande
PR;4105805;Colombo;Roseira
PR;4105805;Colombo;Santa Gema
PR;4105805;Colombo;Santa Terezinha
PR;4105805;Colombo;São Dimas
PR;4105805;Colombo;São Gabriel
PR;4105805;Colombo;São João
PR;4105805;Colombo;Sapopema
PR;4105805;Colombo;Serrinha
PR;4105805;Colombo;Uvaranal
PR;4105904;Colorado;
PR;4106001;Congonhinhas;
PR;4106100;Conselheiro Mairinck;
PR;4106209;Contenda;
PR;4106308;Corbélia;
PR;4106407;Cornélio Procópio;
PR;4106456;Coronel Domingos Soares;
PR;4106506;Coronel Vivida;
PR;4106555;Corumbataí do Sul;
PR;4106803;Cruz Machado;
PR;4106571;Cruzeiro do Iguaçu;
PR;4106605;Cruzeiro do Oeste;
PR;4106704;Cruzeiro do Sul;
PR;4106852;Cruzmaltina;
PR;4106902;Curitiba;Abranches
PR;4106902;Curitiba;Água Verde
PR;4106902;Curitiba;Ahu
PR;4106902;Curitiba;Ahú
PR;4106902;Curitiba;Alto Boqueirão
PR;4106902;Curitiba;Alto da Glória
PR;4106902;Curitiba;Alto da Rua XV
PR;4106902;Curitiba;Atuba
PR;4106902;Curitiba;Augusta
PR;4106902;Curitiba;Bacacheri
PR;4106902;Curitiba;Bairro Alto
PR;4106902;Curitiba;Barreirinha
PR;4106902;Curitiba;Batel
PR;4106902;Curitiba;Bigorrilho
PR;4106902;Curitiba;Boa Vista
PR;4106902;Curitiba;Bom Retiro
PR;4106902;Curitiba;Boqueirão
PR;4106902;Curitiba;Botiatuvinha
PR;4106902;Curitiba;Cabral
PR;4106902;Curitiba;Cachoeira
PR;4106902;Curitiba;Cajuru
PR;4106902;Curitiba;Campina do Siqueira
PR;4106902;Curitiba;Campo Comprido
PR;4106902;Curitiba;Campo de Santana
PR;4106902;Curitiba;Capão da Imbuia
PR;4106902;Curitiba;Capão Raso
PR;4106902;Curitiba;Cascatinha
PR;4106902;Curitiba;Caximba
PR;4106902;Curitiba;Centro
PR;4106902;Curitiba;Centro Cívico
PR;4106902;Curitiba;Cidade Industrial de Curitiba
PR;4106902;Curitiba;Cristo Rei
PR;4106902;Curitiba;Fanny
PR;4106902;Curitiba;Fazendinha
PR;4106902;Curitiba;Ganchinho
PR;4106902;Curitiba;Guabirotuba
PR;4106902;Curitiba;Guaíra
PR;4106902;Curitiba;Hauer
PR;4106902;Curitiba;Hugo Lange
PR;4106902;Curitiba;Jardim Botânico
PR;4106902;Curitiba;Jardim das Américas
PR;4106902;Curitiba;Jardim Social
PR;4106902;Curitiba;Juvevê
PR;4106902;Curitiba;Juveve
PR;4106902;Curitiba;Lamenha Pequena
PR;4106902;Curitiba;Lindóia
PR;4106902;Curitiba;Mercês
PR;4106902;Curitiba;Mossungue
PR;4106902;Curitiba;Mossunguê
PR;4106902;Curitiba;Novo Mundo
PR;4106902;Curitiba;Orleans
PR;4106902;Curitiba;Parolin
PR;4106902;Curitiba;Pilarzinho
PR;4106902;Curitiba;Pinheirinho
PR;4106902;Curitiba;Portão
PR;4106902;Curitiba;Prado Velho
PR;4106902;Curitiba;Rebouças
PR;4106902;Curitiba;Riviera
PR;4106902;Curitiba;Santa Cândida
PR;4106902;Curitiba;Santa Felicidade
PR;4106902;Curitiba;Santa Quitéria
PR;4106902;Curitiba;Santo Inácio
PR;4106902;Curitiba;São Braz
PR;4106902;Curitiba;São Francisco
PR;4106902;Curitiba;São João
PR;4106902;Curitiba;São Lourenço
PR;4106902;Curitiba;São Miguel
PR;4106902;Curitiba;Seminário
PR;4106902;Curitiba;Sítio Cercado
PR;4106902;Curitiba;Taboão
PR;4106902;Curitiba;Tarumã
PR;4106902;Curitiba;Tatuquara
PR;4106902;Curitiba;Tinguí
PR;4106902;Curitiba;Uberaba
PR;4106902;Curitiba;Umbará
PR;4106902;Curitiba;Vila Izabel
PR;4106902;Curitiba;Vista Alegre
PR;4106902;Curitiba;Xaxim
PR;4107009;Curiúva;
PR;4107157;Diamante D'Oeste;
PR;4107108;Diamante do Norte;
PR;4107124;Diamante do Sul;
PR;4107207;Dois Vizinhos;Alto da Colina
PR;4107207;Dois Vizinhos;Centro
PR;4107207;Dois Vizinhos;Centro Norte
PR;4107207;Dois Vizinhos;Centro Sul
PR;4107207;Dois Vizinhos;Concórdia
PR;4107207;Dois Vizinhos;da Luz
PR;4107207;Dois Vizinhos;Da Luz
PR;4107207;Dois Vizinhos;das Torres
PR;4107207;Dois Vizinhos;Das Torres
PR;4107207;Dois Vizinhos;Esperança
PR;4107207;Dois Vizinhos;Jardim da Colina
PR;4107207;Dois Vizinhos;Jardim Marcante
PR;4107207;Dois Vizinhos;Margarida Galvan
PR;4107207;Dois Vizinhos;Nossa Senhora Aparecida
PR;4107207;Dois Vizinhos;Nossa Senhora de Lurdes
PR;4107207;Dois Vizinhos;Parque Industrial I
PR;4107207;Dois Vizinhos;Parque Industrial II
PR;4107207;Dois Vizinhos;Sagrada Família
PR;4107207;Dois Vizinhos;Santa Luzia
PR;4107207;Dois Vizinhos;São Francisco de Assis
PR;4107207;Dois Vizinhos;São Francisco Xavier
PR;4107207;Dois Vizinhos;São Judas Tadeu
PR;4107207;Dois Vizinhos;Vitória
PR;4107256;Douradina;
PR;4107306;Doutor Camargo;
PR;4128633;Doutor Ulysses;
PR;4107405;Enéas Marques;
PR;4107504;Engenheiro Beltrão;
PR;4107538;Entre Rios do Oeste;
PR;4107520;Esperança Nova;
PR;4107546;Espigão Alto do Iguaçu;
PR;4107553;Farol;
PR;4107603;Faxinal;
PR;4107652;Fazenda Rio Grande;Campo do Rio
PR;4107652;Fazenda Rio Grande;Centro
PR;4107652;Fazenda Rio Grande;Estados
PR;4107652;Fazenda Rio Grande;Eucalíptos
PR;4107652;Fazenda Rio Grande;Eucaliptos
PR;4107652;Fazenda Rio Grande;Gralha Azul
PR;4107652;Fazenda Rio Grande;Iguaçu
PR;4107652;Fazenda Rio Grande;Industrial I
PR;4107652;Fazenda Rio Grande;Industrial II
PR;4107652;Fazenda Rio Grande;Nações
PR;4107652;Fazenda Rio Grande;Parque Tecnológico
PR;4107652;Fazenda Rio Grande;Pioneiros
PR;4107652;Fazenda Rio Grande;Santa Terezinha
PR;4107652;Fazenda Rio Grande;Veneza
PR;4107702;Fênix;
PR;4107736;Fernandes Pinheiro;
PR;4107751;Figueira;
PR;4107850;Flor da Serra do Sul;
PR;4107801;Floraí;
PR;4107900;Floresta;
PR;4108007;Florestópolis;
PR;4108106;Flórida;
PR;4108205;Formosa do Oeste;
PR;4108304;Foz do Iguaçu;Alvorada
PR;4108304;Foz do Iguaçu;América
PR;4108304;Foz do Iguaçu;Bourbon
PR;4108304;Foz do Iguaçu;Campos do Iguaçu
PR;4108304;Foz do Iguaçu;Carimã
PR;4108304;Foz do Iguaçu;Cataratas
PR;4108304;Foz do Iguaçu;Centro
PR;4108304;Foz do Iguaçu;Centro Cívico
PR;4108304;Foz do Iguaçu;Cidade Nova
PR;4108304;Foz do Iguaçu;Cognópolis
PR;4108304;Foz do Iguaçu;Ipê
PR;4108304;Foz do Iguaçu;Itaipu A
PR;4108304;Foz do Iguaçu;Itaipu B
PR;4108304;Foz do Iguaçu;Itaipu Binacional
PR;4108304;Foz do Iguaçu;Itaipu C
PR;4108304;Foz do Iguaçu;KLP
PR;4108304;Foz do Iguaçu;Lancaster
PR;4108304;Foz do Iguaçu;Lote Grande
PR;4108304;Foz do Iguaçu;Maracanã
PR;4108304;Foz do Iguaçu;Mata Verde
PR;4108304;Foz do Iguaçu;Monjolo
PR;4108304;Foz do Iguaçu;Morumbi
PR;4108304;Foz do Iguaçu;Náutica
PR;4108304;Foz do Iguaçu;Panorama
PR;4108304;Foz do Iguaçu;Parque Nacional
PR;4108304;Foz do Iguaçu;Polo Centro
PR;4108304;Foz do Iguaçu;Polo Universitário
PR;4108304;Foz do Iguaçu;Portal
PR;4108304;Foz do Iguaçu;Portes
PR;4108304;Foz do Iguaçu;Porto Belo
PR;4108304;Foz do Iguaçu;Porto Meira
PR;4108304;Foz do Iguaçu;Remanso
PR;4108304;Foz do Iguaçu;São Roque
PR;4108304;Foz do Iguaçu;Três Bandeiras
PR;4108304;Foz do Iguaçu;Três Fronteiras
PR;4108304;Foz do Iguaçu;Três Lagoas
PR;4108304;Foz do Iguaçu;Yolanda
PR;4108452;Foz do Jordão;
PR;4108320;Francisco Alves;
PR;4108403;Francisco Beltrão;Aeroporto
PR;4108403;Francisco Beltrão;Água Branca
PR;4108403;Francisco Beltrão;Alvorada
PR;4108403;Francisco Beltrão;Antônio de Paiva Cantelmo
PR;4108403;Francisco Beltrão;Cango
PR;4108403;Francisco Beltrão;Centro
PR;4108403;Francisco Beltrão;Cristo Rei
PR;4108403;Francisco Beltrão;Guanabara
PR;4108403;Francisco Beltrão;Industrial
PR;4108403;Francisco Beltrão;Jardim Floresta
PR;4108403;Francisco Beltrão;Jardim Itália
PR;4108403;Francisco Beltrão;Jardim Virgínia
PR;4108403;Francisco Beltrão;Júpiter
PR;4108403;Francisco Beltrão;Luther King
PR;4108403;Francisco Beltrão;Marrecas
PR;4108403;Francisco Beltrão;Miniguaçu
PR;4108403;Francisco Beltrão;Nossa Senhora Aparecida
PR;4108403;Francisco Beltrão;Nova Petrópolis
PR;4108403;Francisco Beltrão;Novo Mundo
PR;4108403;Francisco Beltrão;Padre Ulrico
PR;4108403;Francisco Beltrão;Pinheirão
PR;4108403;Francisco Beltrão;Pinheirinho
PR;4108403;Francisco Beltrão;Presidente Kennedy
PR;4108403;Francisco Beltrão;Sadia
PR;4108403;Francisco Beltrão;São Cristóvão
PR;4108403;Francisco Beltrão;São Francisco
PR;4108403;Francisco Beltrão;São Miguel
PR;4108403;Francisco Beltrão;Seminário
PR;4108403;Francisco Beltrão;Vila Nova
PR;4108502;General Carneiro;
PR;4108551;Godoy Moreira;
PR;4108601;Goioerê;
PR;4108650;Goioxim;
PR;4108700;Grandes Rios;
PR;4108809;Guaíra;
PR;4108908;Guairaçá;
PR;4108957;Guamiranga;
PR;4109005;Guapirama;
PR;4109104;Guaporema;
PR;4109203;Guaraci;
PR;4109302;Guaraniaçu;
PR;4109401;Guarapuava;Aldeia
PR;4109401;Guarapuava;Alto Cascavel
PR;4109401;Guarapuava;Alto da XV
PR;4109401;Guarapuava;Araucárias
PR;4109401;Guarapuava;Batel
PR;4109401;Guarapuava;Bonsucesso
PR;4109401;Guarapuava;Boqueirão
PR;4109401;Guarapuava;Cascavel
PR;4109401;Guarapuava;Centro
PR;4109401;Guarapuava;Cidade dos Lagos
PR;4109401;Guarapuava;Conradinho
PR;4109401;Guarapuava;Dos Estados
PR;4109401;Guarapuava;Imovel Morro Alto
PR;4109401;Guarapuava;Industrial
PR;4109401;Guarapuava;Jardim das Américas
PR;4109401;Guarapuava;Jordão
PR;4109401;Guarapuava;Morro Alto
PR;4109401;Guarapuava;Olarias
PR;4109401;Guarapuava;Primavera
PR;4109401;Guarapuava;Santa Cruz
PR;4109401;Guarapuava;Santana
PR;4109401;Guarapuava;São Cristóvão
PR;4109401;Guarapuava;Trianon
PR;4109401;Guarapuava;Vassoural
PR;4109401;Guarapuava;Vila Bela
PR;4109401;Guarapuava;Vila Carli
PR;4109500;Guaraqueçaba;
PR;4109609;Guaratuba;
PR;4109658;Honório Serpa;
PR;4109708;Ibaiti;
PR;4109757;Ibema;Centro
PR;4109757;Ibema;Fátima
PR;4109757;Ibema;Jardim União
PR;4109757;Ibema;Nápoli
PR;4109807;Ibiporã;
PR;4109906;Icaraíma;
PR;4110003;Iguaraçu;
PR;4110052;Iguatu;
PR;4110078;Imbaú;
PR;4110102;Imbituva;
PR;4110201;Inácio Martins;
PR;4110300;Inajá;
PR;4110409;Indianópolis;
PR;4110508;Ipiranga;
PR;4110607;Iporã;
PR;4110656;Iracema do Oeste;
PR;4110706;Irati;Alto da Glória
PR;4110706;Irati;Alto da Lagoa
PR;4110706;Irati;Camacuã
PR;4110706;Irati;Canisianas
PR;4110706;Irati;Centro
PR;4110706;Irati;Colina Nossa Senhora das Graças
PR;4110706;Irati;Der
PR;4110706;Irati;Engenheiro Gutierrez
PR;4110706;Irati;Fósforo
PR;4110706;Irati;Jardim Aeroporto
PR;4110706;Irati;Jardim Califórnia
PR;4110706;Irati;Jardim Virgínia
PR;4110706;Irati;Lagoa
PR;4110706;Irati;Nhapindazal
PR;4110706;Irati;Rio Bonito
PR;4110706;Irati;Riozinho
PR;4110706;Irati;Stroparo
PR;4110706;Irati;Vila Nova
PR;4110706;Irati;Vila São João
PR;4110805;Iretama;
PR;4110904;Itaguajé;
PR;4110953;Itaipulândia;
PR;4111001;Itambaracá;
PR;4111100;Itambé;
PR;4111209;Itapejara d'Oeste;
PR;4111258;Itaperuçu;
PR;4111308;Itaúna do Sul;
PR;4111407;Ivaí;
PR;4111506;Ivaiporã;
PR;4111555;Ivaté;
PR;4111605;Ivatuba;
PR;4111704;Jaboti;
PR;4111803;Jacarezinho;
PR;4111902;Jaguapitã;
PR;4112009;Jaguariaíva;
PR;4112108;Jandaia do Sul;
PR;4112207;Janiópolis;
PR;4112306;Japira;
PR;4112405;Japurá;
PR;4112504;Jardim Alegre;
PR;4112603;Jardim Olinda;
PR;4112702;Jataizinho;
PR;4112751;Jesuítas;
PR;4112801;Joaquim Távora;
PR;4112900;Jundiaí do Sul;
PR;4112959;Juranda;
PR;4113007;Jussara;
PR;4113106;Kaloré;
PR;4113205;Lapa;Zoneamento e Uso do Solo Urbano
PR;4113254;Laranjal;
PR;4113304;Laranjeiras do Sul;Água Verde
PR;4113304;Laranjeiras do Sul;Centro
PR;4113304;Laranjeiras do Sul;Cristo Rei
PR;4113304;Laranjeiras do Sul;Panorama
PR;4113304;Laranjeiras do Sul;Presidente Vargas
PR;4113304;Laranjeiras do Sul;São Francisco
PR;4113304;Laranjeiras do Sul;Vila Industrial
PR;4113403;Leópolis;
PR;4113429;Lidianópolis;
PR;4113452;Lindoeste;
PR;4113502;Loanda;
PR;4113601;Lobato;
PR;4113700;Londrina;Aeroporto
PR;4113700;Londrina;Alpes
PR;4113700;Londrina;Antares
PR;4113700;Londrina;Bandeirantes
PR;4113700;Londrina;Bela Suíça
PR;4113700;Londrina;Brasília
PR;4113700;Londrina;Cafezal
PR;4113700;Londrina;Califórnia
PR;4113700;Londrina;Centro Histórico
PR;4113700;Londrina;Champagnat
PR;4113700;Londrina;Ciclo II
PR;4113700;Londrina;Ciclo III
PR;4113700;Londrina;Cidade Industrial I
PR;4113700;Londrina;Cidade Industrial II
PR;4113700;Londrina;Cinco Conjuntos
PR;4113700;Londrina;Coliseu
PR;4113700;Londrina;Ernani
PR;4113700;Londrina;Esperança
PR;4113700;Londrina;Fraternidade
PR;4113700;Londrina;Guanabara
PR;4113700;Londrina;H.U.
PR;4113700;Londrina;Heimtal
PR;4113700;Londrina;Higienópolis
PR;4113700;Londrina;Ideal
PR;4113700;Londrina;Indústrias Leves
PR;4113700;Londrina;Inglaterra
PR;4113700;Londrina;Interlagos
PR;4113700;Londrina;Ipiranga
PR;4113700;Londrina;Jamaica
PR;4113700;Londrina;Leonor
PR;4113700;Londrina;Lindóia
PR;4113700;Londrina;Lon Rita
PR;4113700;Londrina;Olímpico
PR;4113700;Londrina;Ouro Verde
PR;4113700;Londrina;Pacaembú
PR;4113700;Londrina;Palhano
PR;4113700;Londrina;Parigot de Souza
PR;4113700;Londrina;Parque das Indústrias
PR;4113700;Londrina;Perobinha
PR;4113700;Londrina;Petrópolis
PR;4113700;Londrina;Piza
PR;4113700;Londrina;Presidente
PR;4113700;Londrina;Quebec
PR;4113700;Londrina;Sabará
PR;4113700;Londrina;Saltinho
PR;4113700;Londrina;Shangri-lá
PR;4113700;Londrina;Tucanos
PR;4113700;Londrina;União da Vitória
PR;4113700;Londrina;Universidade
PR;4113700;Londrina;Vila Brasil
PR;4113700;Londrina;Vila Casoni
PR;4113700;Londrina;Vila Nova
PR;4113700;Londrina;Vila Recreio
PR;4113700;Londrina;Vivendas do Arvoredo
PR;4113700;Londrina;Vivi Xavier
PR;4113734;Luiziana;
PR;4113759;Lunardelli;
PR;4113809;Lupionópolis;
PR;4113908;Mallet;
PR;4114005;Mamborê;
PR;4114104;Mandaguaçu;
PR;4114203;Mandaguari;
PR;4114302;Mandirituba;
PR;4114351;Manfrinópolis;
PR;4114401;Mangueirinha;
PR;4114500;Manoel Ribas;
PR;4114609;Marechal Cândido Rondon;Alvorada
PR;4114609;Marechal Cândido Rondon;Ana Paula
PR;4114609;Marechal Cândido Rondon;Boa Vista
PR;4114609;Marechal Cândido Rondon;Botafogo
PR;4114609;Marechal Cândido Rondon;Centro
PR;4114609;Marechal Cândido Rondon;Espigão
PR;4114609;Marechal Cândido Rondon;Higienópolis
PR;4114609;Marechal Cândido Rondon;Líder
PR;4114609;Marechal Cândido Rondon;Marechal
PR;4114609;Marechal Cândido Rondon;Primavera
PR;4114609;Marechal Cândido Rondon;São Francisco
PR;4114609;Marechal Cândido Rondon;São Lucas
PR;4114609;Marechal Cândido Rondon;Universitário
PR;4114609;Marechal Cândido Rondon;Vila Gaúcha
PR;4114708;Maria Helena;
PR;4114807;Marialva;
PR;4114906;Marilândia do Sul;
PR;4115002;Marilena;
PR;4115101;Mariluz;
PR;4115200;Maringá;Chác Mandacarú/ Jardim Imperador/Pilar e Ícaro
PR;4115200;Maringá;Cidade Monções e Subdivisões do L. 245A (Jardim Bela Vista)
PR;4115200;Maringá;Condomínios Portal das Torres, Cidade Campo e Ana Rosa
PR;4115200;Maringá;Condomínios Santa Marina, Bela Vista I e II
PR;4115200;Maringá;Conjunto Habitacional Cidade Alta
PR;4115200;Maringá;Conjunto Habitacional Itatiaia
PR;4115200;Maringá;Conjunto Habitacional Paulino Carlos Filho
PR;4115200;Maringá;Conjunto Habitacional Requião I
PR;4115200;Maringá;Conjunto Habitacional SANENGE
PR;4115200;Maringá;Conjunto Habitacional SANENGE III
PR;4115200;Maringá;Conjunto Habitacional Sol Nascente
PR;4115200;Maringá;Conjunto João de Barro I
PR;4115200;Maringá;Conjunto João de Barro Thais
PR;4115200;Maringá;Conjunto Residencial Angelo Palmas
PR;4115200;Maringá;Conjunto Residencial Branca de Jesus Camargo Vieira
PR;4115200;Maringá;Conjunto Residencial Governador Parigot de Souza
PR;4115200;Maringá;Conjunto Residencial Guaiapó
PR;4115200;Maringá;Conjunto Residencial Hermann Moraes de Barros
PR;4115200;Maringá;Conjunto Residencial Inocente Vila Nova Júnior
PR;4115200;Maringá;Conjunto Residencial Inocente Vila Nova Junior
PR;4115200;Maringá;Conjunto Residencial João de Barro - Cidade Alta I
PR;4115200;Maringá;Conjunto Residencial João de Barro - Cidade Alta II
PR;4115200;Maringá;Conjunto Residencial João de Barro Champagnat
PR;4115200;Maringá;Conjunto Residencial João de Barro Cidade Canção
PR;4115200;Maringá;Conjunto Residencial João de Barro Itaparica
PR;4115200;Maringá;Conjunto Residencial João de Barro Porto Seguro I
PR;4115200;Maringá;Conjunto Residencial João de Barro Porto Seguro II
PR;4115200;Maringá;Conjunto Residencial Karina
PR;4115200;Maringá;Conjunto Residencial Léa Leal
PR;4115200;Maringá;Conjunto Residencial Ney Braga
PR;4115200;Maringá;Conjunto Residencial Planville
PR;4115200;Maringá;Conjunto Residencial Rodolpho Bernardi
PR;4115200;Maringá;Ebenezer
PR;4115200;Maringá;J. S. Miguel 1ª e 2ª P e L 41 e 42, Ch Estilo e J. Aurora
PR;4115200;Maringá;Jardim Aclimação
PR;4115200;Maringá;Jardim América
PR;4115200;Maringá;Jardim Andrade
PR;4115200;Maringá;Jardim Araucária
PR;4115200;Maringá;Jardim Atami
PR;4115200;Maringá;Jardim Brasil
PR;4115200;Maringá;Jardim Campos Elíseos
PR;4115200;Maringá;Jardim D' Monet
PR;4115200;Maringá;Jardim das Laranjeiras
PR;4115200;Maringá;Jardim Diamante
PR;4115200;Maringá;Jardim Dias (Dias I E II)
PR;4115200;Maringá;Jardim do Carmo e LT 40
PR;4115200;Maringá;Jardim Dourado
PR;4115200;Maringá;Jardim Espanha
PR;4115200;Maringá;Jardim Guairaçá
PR;4115200;Maringá;Jardim Higienópolis
PR;4115200;Maringá;Jardim Imperial I
PR;4115200;Maringá;Jardim Imperial II
PR;4115200;Maringá;Jardim Império do Sol
PR;4115200;Maringá;Jardim Indaiá I e Indaiá II
PR;4115200;Maringá;Jardim Industrial
PR;4115200;Maringá;Jardim Ipanema
PR;4115200;Maringá;Jardim Itália I e II, São Conrado e Botânico
PR;4115200;Maringá;Jardim Licce
PR;4115200;Maringá;Jardim Los Angeles
PR;4115200;Maringá;Jardim Lucianópolis
PR;4115200;Maringá;Jardim Mandacaru
PR;4115200;Maringá;Jardim Maravilha
PR;4115200;Maringá;Jardim Monte Carlo
PR;4115200;Maringá;Jardim Monte Rei
PR;4115200;Maringá;Jardim Monte Sião e Sinai
PR;4115200;Maringá;Jardim Moreschi, Jardim Carolina e Alto da Boa Vista
PR;4115200;Maringá;Jardim Munique
PR;4115200;Maringá;Jardim Novo Alvorada
PR;4115200;Maringá;Jardim Novo Horizonte I
PR;4115200;Maringá;Jardim Novo Horizonte II
PR;4115200;Maringá;Jardim Novo Oásis
PR;4115200;Maringá;Jardim Novo Paulista
PR;4115200;Maringá;Jardim Oásis
PR;4115200;Maringá;Jardim Oriental
PR;4115200;Maringá;Jardim Paris (Paris III, IV, V E VI)
PR;4115200;Maringá;Jardim Paulista (I, II, III e IV)
PR;4115200;Maringá;Jardim Pinheiros I
PR;4115200;Maringá;Jardim Pinheiros II
PR;4115200;Maringá;Jardim Santa Clara
PR;4115200;Maringá;Jardim Santa Helena
PR;4115200;Maringá;Jardim São Clemente
PR;4115200;Maringá;Jardim São Silvestre
PR;4115200;Maringá;Jardim Seminário
PR;4115200;Maringá;Jardim Tabaetê
PR;4115200;Maringá;Jardim Tarumã (PQ E RES.)
PR;4115200;Maringá;Jardim Tóquio
PR;4115200;Maringá;Jardim Três Lagoas Maurílio Correia Pinho
PR;4115200;Maringá;Jardim Universo
PR;4115200;Maringá;Jardim Veredas I e II
PR;4115200;Maringá;Jardim Vitória
PR;4115200;Maringá;Jardins Colina Verde (I e II)
PR;4115200;Maringá;Liberdade
PR;4115200;Maringá;Loteamento Sumaré
PR;4115200;Maringá;Moradia Atenas 1ª e 2ª Parte
PR;4115200;Maringá;Núcleo Habitacional Santa Felicidade-PROFILURB
PR;4115200;Maringá;Parque das Bandeiras
PR;4115200;Maringá;Parque das Grevíleas
PR;4115200;Maringá;Parque das Palmeiras
PR;4115200;Maringá;Parque Hortência I
PR;4115200;Maringá;Parque Hortência II
PR;4115200;Maringá;Parque Itaipu
PR;4115200;Maringá;Parque Residencial Aeroporto
PR;4115200;Maringá;Parque Residencial Cidade Nova
PR;4115200;Maringá;Parque Residencial Patrícia
PR;4115200;Maringá;Parque Residencial Quebec
PR;4115200;Maringá;Parque Residencial Tuiuti
PR;4115200;Maringá;Recanto dos Magnatas
PR;4115200;Maringá;Recanto Kakogawa
PR;4115200;Maringá;Residencial Pioneiro Honorato Vecchi
PR;4115200;Maringá;Residencial Pioneiro Odwaldo Bueno Netto
PR;4115200;Maringá;Vila Esperança I
PR;4115200;Maringá;Vila Esperança II
PR;4115200;Maringá;Vila Marumbi
PR;4115200;Maringá;Vila Santa Isabel
PR;4115309;Mariópolis;
PR;4115358;Maripá;
PR;4115408;Marmeleiro;
PR;4115457;Marquinho;
PR;4115507;Marumbi;
PR;4115606;Matelândia;
PR;4115705;Matinhos;
PR;4115739;Mato Rico;
PR;4115754;Mauá da Serra;
PR;4115804;Medianeira;Belo Horizonte
PR;4115804;Medianeira;Centro
PR;4115804;Medianeira;Cidade Alta
PR;4115804;Medianeira;Condá
PR;4115804;Medianeira;Frimesa
PR;4115804;Medianeira;Independência
PR;4115804;Medianeira;Ipê
PR;4115804;Medianeira;Itaipu
PR;4115804;Medianeira;Jardim Irene
PR;4115804;Medianeira;Nazaré
PR;4115804;Medianeira;Panorâmico
PR;4115804;Medianeira;São Cristóvão
PR;4115853;Mercedes;
PR;4115903;Mirador;
PR;4116000;Miraselva;
PR;4116059;Missal;
PR;4116109;Moreira Sales;
PR;4116208;Morretes;
PR;4116307;Munhoz de Melo;
PR;4116406;Nossa Senhora das Graças;
PR;4116505;Nova Aliança do Ivaí;
PR;4116604;Nova América da Colina;
PR;4116703;Nova Aurora;
PR;4116802;Nova Cantu;
PR;4116901;Nova Esperança;Zona 1
PR;4116901;Nova Esperança;Zona 2
PR;4116901;Nova Esperança;Zona 3
PR;4116901;Nova Esperança;Zona 4
PR;4116901;Nova Esperança;Zona 5
PR;4116901;Nova Esperança;Zona 6
PR;4116950;Nova Esperança do Sudoeste;
PR;4117008;Nova Fátima;
PR;4117057;Nova Laranjeiras;
PR;4117107;Nova Londrina;
PR;4117206;Nova Olímpia;
PR;4117255;Nova Prata do Iguaçu;Alto
PR;4117255;Nova Prata do Iguaçu;Centro
PR;4117255;Nova Prata do Iguaçu;Cristo Redentor
PR;4117255;Nova Prata do Iguaçu;Industrial
PR;4117255;Nova Prata do Iguaçu;Laticínio
PR;4117255;Nova Prata do Iguaçu;Sagais
PR;4117255;Nova Prata do Iguaçu;São Cristóvão
PR;4117255;Nova Prata do Iguaçu;São Jorge
PR;4117214;Nova Santa Bárbara;
PR;4117222;Nova Santa Rosa;
PR;4117271;Nova Tebas;
PR;4117297;Novo Itacolomi;
PR;4117305;Ortigueira;
PR;4117404;Ourizona;
PR;4117453;Ouro Verde do Oeste;
PR;4117503;Paiçandu;
PR;4117602;Palmas;Aeroporto
PR;4117602;Palmas;Alto da Glória
PR;4117602;Palmas;Caldeiras
PR;4117602;Palmas;Cascatinha
PR;4117602;Palmas;Centro
PR;4117602;Palmas;Dissenha
PR;4117602;Palmas;Divino
PR;4117602;Palmas;Fortunato
PR;4117602;Palmas;Hípica
PR;4117602;Palmas;Klubegi
PR;4117602;Palmas;Lagoão
PR;4117602;Palmas;Santa Cruz
PR;4117602;Palmas;Santuário
PR;4117602;Palmas;São Francisco
PR;4117602;Palmas;São José
PR;4117602;Palmas;São Sebastião
PR;4117602;Palmas;Serrinha
PR;4117602;Palmas;Vale dos Lagos
PR;4117701;Palmeira;
PR;4117800;Palmital;
PR;4117909;Palotina;Bela Vista
PR;4117909;Palotina;Centro
PR;4117909;Palotina;COHAPAR
PR;4117909;Palotina;Dallas
PR;4117909;Palotina;Imigrantes
PR;4117909;Palotina;Interlagos
PR;4117909;Palotina;Jardim Itália
PR;4117909;Palotina;Jardim Social
PR;4117909;Palotina;Jequitibá
PR;4117909;Palotina;Morada do Sol
PR;4117909;Palotina;Osvaldo Cruz
PR;4117909;Palotina;Ouro Verde
PR;4117909;Palotina;Pioneiro
PR;4117909;Palotina;Pôr-do-Sol
PR;4117909;Palotina;Santa Terezinha
PR;4117909;Palotina;União
PR;4118006;Paraíso do Norte;
PR;4118105;Paranacity;
PR;4118204;Paranaguá;29 de Julho
PR;4118204;Paranaguá;Aeroporto
PR;4118204;Paranaguá;Alto São Sebastião
PR;4118204;Paranaguá;Alvorada
PR;4118204;Paranaguá;Bockmann
PR;4118204;Paranaguá;Campo Grande
PR;4118204;Paranaguá;Centro Histórico
PR;4118204;Paranaguá;Correia Velho
PR;4118204;Paranaguá;Costeira
PR;4118204;Paranaguá;Dom Pedro II
PR;4118204;Paranaguá;Eldorado
PR;4118204;Paranaguá;Emboguaçu
PR;4118204;Paranaguá;Estradinha
PR;4118204;Paranaguá;Industrial
PR;4118204;Paranaguá;Jardim América
PR;4118204;Paranaguá;Jardim Araçá
PR;4118204;Paranaguá;Jardim Guaraituba
PR;4118204;Paranaguá;Jardim Paranaguá
PR;4118204;Paranaguá;Jardim Samambaia
PR;4118204;Paranaguá;Jardim Yamaguchi
PR;4118204;Paranaguá;João Gualberto
PR;4118204;Paranaguá;Leblon
PR;4118204;Paranaguá;Nilson Neves
PR;4118204;Paranaguá;Oceania
PR;4118204;Paranaguá;Padre Jackson
PR;4118204;Paranaguá;Palmital
PR;4118204;Paranaguá;Parque Agari
PR;4118204;Paranaguá;Parque São João
PR;4118204;Paranaguá;Ponta do Caju
PR;4118204;Paranaguá;Porto dos Padres
PR;4118204;Paranaguá;Raia
PR;4118204;Paranaguá;Rocio
PR;4118204;Paranaguá;Serraria do Rocha
PR;4118204;Paranaguá;Tuiuti
PR;4118204;Paranaguá;Vila Alboitt
PR;4118204;Paranaguá;Vila Cruzeiro
PR;4118204;Paranaguá;Vila Divinéia
PR;4118204;Paranaguá;Vila dos Comerciários
PR;4118204;Paranaguá;Vila Guadalupe
PR;4118204;Paranaguá;Vila Guarani
PR;4118204;Paranaguá;Vila Horizonte
PR;4118204;Paranaguá;Vila Itiberê
PR;4118204;Paranaguá;Vila Paranaguá
PR;4118204;Paranaguá;Vila Portuária
PR;4118204;Paranaguá;Vila Rute
PR;4118204;Paranaguá;Vila São Vicente
PR;4118303;Paranapoema;
PR;4118402;Paranavaí;Zona 1
PR;4118402;Paranavaí;Zona 10
PR;4118402;Paranavaí;Zona 11
PR;4118402;Paranavaí;Zona 2
PR;4118402;Paranavaí;Zona 3
PR;4118402;Paranavaí;Zona 4
PR;4118402;Paranavaí;Zona 5
PR;4118402;Paranavaí;Zona 6
PR;4118402;Paranavaí;Zona 7
PR;4118402;Paranavaí;Zona 8
PR;4118402;Paranavaí;Zona 9
PR;4118451;Pato Bragado;
PR;4118501;Pato Branco;Aeroporto
PR;4118501;Pato Branco;Alto da Glória
PR;4118501;Pato Branco;Alvorada
PR;4118501;Pato Branco;Amadorí
PR;4118501;Pato Branco;Anchieta
PR;4118501;Pato Branco;Baixada
PR;4118501;Pato Branco;Bancários
PR;4118501;Pato Branco;Bela Vista
PR;4118501;Pato Branco;Bonato
PR;4118501;Pato Branco;Bonatto
PR;4118501;Pato Branco;Bortot
PR;4118501;Pato Branco;Brasília
PR;4118501;Pato Branco;Cadorim
PR;4118501;Pato Branco;Cadorin
PR;4118501;Pato Branco;Centro
PR;4118501;Pato Branco;Cristo Rei
PR;4118501;Pato Branco;Dal Ross
PR;4118501;Pato Branco;Fraron
PR;4118501;Pato Branco;Gralha Azul
PR;4118501;Pato Branco;Industrial
PR;4118501;Pato Branco;Jardim das Américas
PR;4118501;Pato Branco;Jardim Floresta
PR;4118501;Pato Branco;Jardim Primavera
PR;4118501;Pato Branco;La Salle
PR;4118501;Pato Branco;Menino Deus
PR;4118501;Pato Branco;Morumbi
PR;4118501;Pato Branco;Novo Horizonte
PR;4118501;Pato Branco;Pagnoncelli
PR;4118501;Pato Branco;Pagoncelli
PR;4118501;Pato Branco;Parque do Som
PR;4118501;Pato Branco;Parzianello
PR;4118501;Pato Branco;Pinheirinho
PR;4118501;Pato Branco;Pinheiros
PR;4118501;Pato Branco;Planalto
PR;4118501;Pato Branco;Planalto I
PR;4118501;Pato Branco;Planalto II
PR;4118501;Pato Branco;Sambugaro
PR;4118501;Pato Branco;Santa Terezinha
PR;4118501;Pato Branco;Santo Antônio
PR;4118501;Pato Branco;São Cristóvão
PR;4118501;Pato Branco;São Francisco
PR;4118501;Pato Branco;São João
PR;4118501;Pato Branco;São Luiz
PR;4118501;Pato Branco;São Roque
PR;4118501;Pato Branco;São Vicente
PR;4118501;Pato Branco;Sudeste
PR;4118501;Pato Branco;Sudoeste
PR;4118501;Pato Branco;Trevo Guarani
PR;4118501;Pato Branco;Veneza
PR;4118501;Pato Branco;Vila Esperança
PR;4118501;Pato Branco;Vila Isabel
PR;4118501;Pato Branco;Vila Izabel
PR;4118600;Paula Freitas;
PR;4118709;Paulo Frontin;
PR;4118808;Peabiru;
PR;4118857;Perobal;
PR;4118907;Pérola;
PR;4119004;Pérola d'Oeste;
PR;4119103;Piên;
PR;4119152;Pinhais;Alphaville Graciosa
PR;4119152;Pinhais;Alto Tarumã
PR;4119152;Pinhais;Atuba
PR;4119152;Pinhais;Centro
PR;4119152;Pinhais;Emiliano Perneta
PR;4119152;Pinhais;Estância Pinhais
PR;4119152;Pinhais;Jardim Amélia
PR;4119152;Pinhais;Jardim Cláudia
PR;4119152;Pinhais;Jardim das Nascentes
PR;4119152;Pinhais;Jardim Karla
PR;4119152;Pinhais;Maria Antonieta
PR;4119152;Pinhais;Parque das Águas
PR;4119152;Pinhais;Pineville
PR;4119152;Pinhais;Vargem Grande
PR;4119152;Pinhais;Weissópolis
PR;4119251;Pinhal de São Bento;
PR;4119202;Pinhalão;
PR;4119301;Pinhão;
PR;4119400;Piraí do Sul;
PR;4119509;Piraquara;
PR;4119608;Pitanga;
PR;4119657;Pitangueiras;
PR;4119707;Planaltina do Paraná;
PR;4119806;Planalto;Centro
PR;4119806;Planalto;Esperança
PR;4119806;Planalto;Industrial
PR;4119806;Planalto;Jardim Floresta
PR;4119806;Planalto;João Zacco Paraná
PR;4119806;Planalto;Loteamento Pedrinho
PR;4119806;Planalto;Nossa Senhora Aparecida
PR;4119806;Planalto;Nossa Senhora de Lourdes
PR;4119806;Planalto;Primavera
PR;4119806;Planalto;Santo Antônio
PR;4119905;Ponta Grossa;Boa Vista
PR;4119905;Ponta Grossa;Cara Cara
PR;4119905;Ponta Grossa;Centro
PR;4119905;Ponta Grossa;Chapada
PR;4119905;Ponta Grossa;Colônia Dona Luíza
PR;4119905;Ponta Grossa;Contorno
PR;4119905;Ponta Grossa;Estrêla
PR;4119905;Ponta Grossa;Estrela
PR;4119905;Ponta Grossa;Jardim Carvalho
PR;4119905;Ponta Grossa;Neves
PR;4119905;Ponta Grossa;Nova Rússia
PR;4119905;Ponta Grossa;Oficinas
PR;4119905;Ponta Grossa;Olarias
PR;4119905;Ponta Grossa;Órfãs
PR;4119905;Ponta Grossa;Ronda
PR;4119905;Ponta Grossa;Uvaranas
PR;4119905;Ponta Grossa;Vila Ildemira
PR;4119954;Pontal do Paraná;
PR;4120002;Porecatu;
PR;4120101;Porto Amazonas;
PR;4120150;Porto Barreiro;
PR;4120200;Porto Rico;
PR;4120309;Porto Vitória;
PR;4120333;Prado Ferreira;
PR;4120358;Pranchita;
PR;4120408;Presidente Castelo Branco;
PR;4120507;Primeiro de Maio;
PR;4120606;Prudentópolis;
PR;4120655;Quarto Centenário;
PR;4120705;Quatiguá;
PR;4120804;Quatro Barras;
PR;4120853;Quatro Pontes;
PR;4120903;Quedas do Iguaçu;
PR;4121000;Querência do Norte;
PR;4121109;Quinta do Sol;
PR;4121208;Quitandinha;
PR;4121257;Ramilândia;
PR;4121307;Rancho Alegre;
PR;4121356;Rancho Alegre D'Oeste;
PR;4121406;Realeza;Bosque
PR;4121406;Realeza;Centro
PR;4121406;Realeza;Centro Cívico
PR;4121406;Realeza;Cozaca
PR;4121406;Realeza;Industrial
PR;4121406;Realeza;Jardim Panorâmico
PR;4121406;Realeza;João Paulo II
PR;4121406;Realeza;Loteamento Araxá
PR;4121406;Realeza;Loteamento Godoy
PR;4121406;Realeza;Loteamento Prandes
PR;4121406;Realeza;Nossa Senhora Aparecida
PR;4121406;Realeza;Padre Josimo
PR;4121406;Realeza;Primavera
PR;4121406;Realeza;São José
PR;4121505;Rebouças;
PR;4121604;Renascença;
PR;4121703;Reserva;
PR;4121752;Reserva do Iguaçu;
PR;4121802;Ribeirão Claro;
PR;4121901;Ribeirão do Pinhal;
PR;4122008;Rio Azul;
PR;4122107;Rio Bom;
PR;4122156;Rio Bonito do Iguaçu;
PR;4122172;Rio Branco do Ivaí;
PR;4122206;Rio Branco do Sul;
PR;4122305;Rio Negro;
PR;4122404;Rolândia;
PR;4122503;Roncador;
PR;4122602;Rondon;
PR;4122651;Rosário do Ivaí;
PR;4122701;Sabáudia;
PR;4122800;Salgado Filho;
PR;4122909;Salto do Itararé;
PR;4123006;Salto do Lontra;Centro
PR;4123006;Salto do Lontra;Colina Verde
PR;4123006;Salto do Lontra;Conjunto Habitacional Vila Nova
PR;4123006;Salto do Lontra;Cristo Rei
PR;4123006;Salto do Lontra;da Cooperativa
PR;4123006;Salto do Lontra;Dona Pierina
PR;4123006;Salto do Lontra;Itaipú
PR;4123006;Salto do Lontra;Jardim dos Lagos
PR;4123006;Salto do Lontra;Jardim Primavera
PR;4123006;Salto do Lontra;Olaria
PR;4123006;Salto do Lontra;Parque Industrial II
PR;4123006;Salto do Lontra;Santa Maria
PR;4123006;Salto do Lontra;São Cristóvão
PR;4123006;Salto do Lontra;São Francisco
PR;4123105;Santa Amélia;
PR;4123204;Santa Cecília do Pavão;
PR;4123303;Santa Cruz de Monte Castelo;
PR;4123402;Santa Fé;
PR;4123501;Santa Helena;
PR;4123600;Santa Inês;
PR;4123709;Santa Isabel do Ivaí;
PR;4123808;Santa Izabel do Oeste;Alto da Colina
PR;4123808;Santa Izabel do Oeste;Centro
PR;4123808;Santa Izabel do Oeste;Doze de Outubro
PR;4123808;Santa Izabel do Oeste;Nossa Senhora de Fátima
PR;4123808;Santa Izabel do Oeste;Santo Antônio
PR;4123808;Santa Izabel do Oeste;São José Operário
PR;4123824;Santa Lúcia;
PR;4123857;Santa Maria do Oeste;
PR;4123907;Santa Mariana;
PR;4123956;Santa Mônica;
PR;4124020;Santa Tereza do Oeste;
PR;4124053;Santa Terezinha de Itaipu;
PR;4124004;Santana do Itararé;
PR;4124103;Santo Antônio da Platina;
PR;4124202;Santo Antônio do Caiuá;
PR;4124301;Santo Antônio do Paraíso;
PR;4124400;Santo Antônio do Sudoeste;
PR;4124509;Santo Inácio;
PR;4124608;São Carlos do Ivaí;
PR;4124707;São Jerônimo da Serra;
PR;4124806;São João;Centro
PR;4124806;São João;Coasul
PR;4124806;São João;Cristo Rei
PR;4124806;São João;Industrial
PR;4124806;São João;Monte Castelo
PR;4124806;São João;Morumbi
PR;4124806;São João;Novo Horizonte
PR;4124806;São João;Primavera
PR;4124806;São João;Recanto da Serra
PR;4124806;São João;Santa Isabel
PR;4124806;São João;Santa Luzia
PR;4124806;São João;Sol Nascente
PR;4124806;São João;União
PR;4124905;São João do Caiuá;
PR;4125001;São João do Ivaí;
PR;4125100;São João do Triunfo;
PR;4125209;São Jorge d'Oeste;
PR;4125308;São Jorge do Ivaí;
PR;4125357;São Jorge do Patrocínio;
PR;4125407;São José da Boa Vista;
PR;4125456;São José das Palmeiras;
PR;4125506;São José dos Pinhais;Academia
PR;4125506;São José dos Pinhais;Afonso Pena
PR;4125506;São José dos Pinhais;Águas Belas
PR;4125506;São José dos Pinhais;Àrea Institucional Aeroportuária
PR;4125506;São José dos Pinhais;Aristocrata
PR;4125506;São José dos Pinhais;Arujá
PR;4125506;São José dos Pinhais;Aviação
PR;4125506;São José dos Pinhais;Barro Preto
PR;4125506;São José dos Pinhais;Bom Jesus
PR;4125506;São José dos Pinhais;Boneca do Iguaçu
PR;4125506;São José dos Pinhais;Borda do Campo
PR;4125506;São José dos Pinhais;Cachoeira
PR;4125506;São José dos Pinhais;Campina do Taquaral
PR;4125506;São José dos Pinhais;Campo Largo da Roseira
PR;4125506;São José dos Pinhais;Centro
PR;4125506;São José dos Pinhais;Cidade Jardim
PR;4125506;São José dos Pinhais;Colônia Rio Grande
PR;4125506;São José dos Pinhais;Contenda
PR;4125506;São José dos Pinhais;Costeira
PR;4125506;São José dos Pinhais;Cristal
PR;4125506;São José dos Pinhais;Cruzeiro
PR;4125506;São José dos Pinhais;Del Rey
PR;4125506;São José dos Pinhais;Dom Rodrigo
PR;4125506;São José dos Pinhais;Guatupê
PR;4125506;São José dos Pinhais;Iná
PR;4125506;São José dos Pinhais;Ipê
PR;4125506;São José dos Pinhais;Itália
PR;4125506;São José dos Pinhais;Jurema
PR;4125506;São José dos Pinhais;Miringuava
PR;4125506;São José dos Pinhais;Ouro Fino
PR;4125506;São José dos Pinhais;Parque da Fonte
PR;4125506;São José dos Pinhais;Pedro Moro
PR;4125506;São José dos Pinhais;Quissisana
PR;4125506;São José dos Pinhais;Rio Pequeno
PR;4125506;São José dos Pinhais;Roseira de São Sebastião
PR;4125506;São José dos Pinhais;Santo Antônio
PR;4125506;São José dos Pinhais;São Cristóvão
PR;4125506;São José dos Pinhais;São Domingos
PR;4125506;São José dos Pinhais;São Marcos
PR;4125506;São José dos Pinhais;São Pedro
PR;4125506;São José dos Pinhais;Zacarias
PR;4125555;São Manoel do Paraná;
PR;4125605;São Mateus do Sul;
PR;4125704;São Miguel do Iguaçu;
PR;4125753;São Pedro do Iguaçu;
PR;4125803;São Pedro do Ivaí;
PR;4125902;São Pedro do Paraná;
PR;4126009;São Sebastião da Amoreira;
PR;4126108;São Tomé;
PR;4126207;Sapopema;
PR;4126256;Sarandi;
PR;4126272;Saudade do Iguaçu;
PR;4126306;Sengés;
PR;4126355;Serranópolis do Iguaçu;
PR;4126405;Sertaneja;
PR;4126504;Sertanópolis;
PR;4126603;Siqueira Campos;
PR;4126652;Sulina;
PR;4126678;Tamarana;
PR;4126702;Tamboara;
PR;4126801;Tapejara;
PR;4126900;Tapira;
PR;4127007;Teixeira Soares;
PR;4127106;Telêmaco Borba;
PR;4127205;Terra Boa;
PR;4127304;Terra Rica;
PR;4127403;Terra Roxa;
PR;4127502;Tibagi;
PR;4127601;Tijucas do Sul;
PR;4127700;Toledo;Centro
PR;4127700;Toledo;Cerâmica Prata
PR;4127700;Toledo;Jardim Bressan
PR;4127700;Toledo;Jardim Concórdia
PR;4127700;Toledo;Jardim Coopagro
PR;4127700;Toledo;Jardim Europa/América
PR;4127700;Toledo;Jardim Gisela
PR;4127700;Toledo;Jardim Independência
PR;4127700;Toledo;Jardim La Salle
PR;4127700;Toledo;Jardim Pancera
PR;4127700;Toledo;Jardim Parizotto
PR;4127700;Toledo;Jardim Porto Alegre
PR;4127700;Toledo;Jardim Santa Maria
PR;4127700;Toledo;Pinheirinho
PR;4127700;Toledo;Sadia
PR;4127700;Toledo;São Francisco
PR;4127700;Toledo;Tocantins
PR;4127700;Toledo;Vila Becker
PR;4127700;Toledo;Vila Industrial
PR;4127700;Toledo;Vila Operária
PR;4127700;Toledo;Vila Panorama
PR;4127700;Toledo;Vila Pioneiro
PR;4127809;Tomazina;
PR;4127858;Três Barras do Paraná;
PR;4127882;Tunas do Paraná;
PR;4127908;Tuneiras do Oeste;
PR;4127957;Tupãssi;
PR;4127965;Turvo;
PR;4128005;Ubiratã;
PR;4128104;Umuarama;
PR;4128203;União da Vitória;Bela Vista
PR;4128203;União da Vitória;Bento Munhoz da Rocha
PR;4128203;União da Vitória;Bom Jesus
PR;4128203;União da Vitória;Centro
PR;4128203;União da Vitória;Cidade Jardim
PR;4128203;União da Vitória;Cidade Limeira
PR;4128203;União da Vitória;Cristo Rei
PR;4128203;União da Vitória;Dona Mercedes
PR;4128203;União da Vitória;Navegantes
PR;4128203;União da Vitória;Nossa Senhora da Salete
PR;4128203;União da Vitória;Nossa Senhora das Graças
PR;4128203;União da Vitória;Nossa Senhora do Rócio
PR;4128203;União da Vitória;Ouro Verde
PR;4128203;União da Vitória;Ponte Nova
PR;4128203;União da Vitória;Rio D'Areia
PR;4128203;União da Vitória;Sagrada Família
PR;4128203;União da Vitória;São Basílio Magno
PR;4128203;União da Vitória;São Bernardo
PR;4128203;União da Vitória;São Braz
PR;4128203;União da Vitória;São Gabriel
PR;4128203;União da Vitória;São Joaquim
PR;4128203;União da Vitória;São Sebastião
PR;4128302;Uniflor;
PR;4128401;Uraí;
PR;4128534;Ventania;
PR;4128559;Vera Cruz do Oeste;
PR;4128609;Verê;
PR;4128658;Virmond;
PR;4128708;Vitorino;
PR;4128500;Wenceslau Braz;
PR;4128807;Xambrê;
RJ;3300100;Angra dos Reis;Abraãozinho
RJ;3300100;Angra dos Reis;Aeroporto
RJ;3300100;Angra dos Reis;Água Santa
RJ;3300100;Angra dos Reis;Araçatiba
RJ;3300100;Angra dos Reis;Areal
RJ;3300100;Angra dos Reis;Ariró
RJ;3300100;Angra dos Reis;Aventureiro
RJ;3300100;Angra dos Reis;Balneário
RJ;3300100;Angra dos Reis;Bananal
RJ;3300100;Angra dos Reis;Banqueta
RJ;3300100;Angra dos Reis;Biscaia
RJ;3300100;Angra dos Reis;BNH
RJ;3300100;Angra dos Reis;Bonfim
RJ;3300100;Angra dos Reis;Bracuí
RJ;3300100;Angra dos Reis;Caetés
RJ;3300100;Angra dos Reis;Caieira
RJ;3300100;Angra dos Reis;Camorim
RJ;3300100;Angra dos Reis;Camorim Pequeno
RJ;3300100;Angra dos Reis;Campo Belo
RJ;3300100;Angra dos Reis;Cantagalo
RJ;3300100;Angra dos Reis;Caputera I
RJ;3300100;Angra dos Reis;Caputera II
RJ;3300100;Angra dos Reis;Centro
RJ;3300100;Angra dos Reis;Cidade Bíblica
RJ;3300100;Angra dos Reis;Cidade da Bíblia
RJ;3300100;Angra dos Reis;Colégio Naval
RJ;3300100;Angra dos Reis;Divinéia
RJ;3300100;Angra dos Reis;Dois Rios
RJ;3300100;Angra dos Reis;Encruzo da Enseada
RJ;3300100;Angra dos Reis;Enseada
RJ;3300100;Angra dos Reis;Enseada das Estrelas
RJ;3300100;Angra dos Reis;Enseada das Palmas
RJ;3300100;Angra dos Reis;Enseada do Sítio Forte
RJ;3300100;Angra dos Reis;Frade
RJ;3300100;Angra dos Reis;Freguesia de Santana
RJ;3300100;Angra dos Reis;Gamboa do Belém
RJ;3300100;Angra dos Reis;Gamboa do Bracuí
RJ;3300100;Angra dos Reis;Garatucaia
RJ;3300100;Angra dos Reis;Grataú
RJ;3300100;Angra dos Reis;Guaxuma
RJ;3300100;Angra dos Reis;Ilha Comprida
RJ;3300100;Angra dos Reis;Ilha da Barra
RJ;3300100;Angra dos Reis;Ilha da Gipóia
RJ;3300100;Angra dos Reis;Ilha do Jorge
RJ;3300100;Angra dos Reis;Itanema
RJ;3300100;Angra dos Reis;Jacuacanga
RJ;3300100;Angra dos Reis;Japuíba
RJ;3300100;Angra dos Reis;Lambicada
RJ;3300100;Angra dos Reis;Lopes Mendes
RJ;3300100;Angra dos Reis;Maciéis
RJ;3300100;Angra dos Reis;Marinas
RJ;3300100;Angra dos Reis;Matariz
RJ;3300100;Angra dos Reis;Mombaça
RJ;3300100;Angra dos Reis;Monsuaba
RJ;3300100;Angra dos Reis;Monte Castelo
RJ;3300100;Angra dos Reis;Morro da Boa Vista
RJ;3300100;Angra dos Reis;Morro da Caixa D'água
RJ;3300100;Angra dos Reis;Morro da Carioca
RJ;3300100;Angra dos Reis;Morro da Cruz
RJ;3300100;Angra dos Reis;Morro da Fortaleza
RJ;3300100;Angra dos Reis;Morro da Glória I
RJ;3300100;Angra dos Reis;Morro da Glória II
RJ;3300100;Angra dos Reis;Morro do Abel
RJ;3300100;Angra dos Reis;Morro do Bulé
RJ;3300100;Angra dos Reis;Morro do Carmo
RJ;3300100;Angra dos Reis;Morro do Moreno
RJ;3300100;Angra dos Reis;Morro do Perez
RJ;3300100;Angra dos Reis;Morro do Santo Antônio
RJ;3300100;Angra dos Reis;Morro do Santo Antonio
RJ;3300100;Angra dos Reis;Morro do Tatu
RJ;3300100;Angra dos Reis;Nova Angra
RJ;3300100;Angra dos Reis;Paraíso
RJ;3300100;Angra dos Reis;Parnaioca
RJ;3300100;Angra dos Reis;Parque Belém
RJ;3300100;Angra dos Reis;Parque das Palmeiras
RJ;3300100;Angra dos Reis;Parque Mambucaba
RJ;3300100;Angra dos Reis;Parque Perequê
RJ;3300100;Angra dos Reis;Piraquara
RJ;3300100;Angra dos Reis;Ponta da Cruz
RJ;3300100;Angra dos Reis;Ponta da Ribeira
RJ;3300100;Angra dos Reis;Ponta do Partido
RJ;3300100;Angra dos Reis;Ponta do Sapê
RJ;3300100;Angra dos Reis;Ponta dos Castelhanos
RJ;3300100;Angra dos Reis;Ponta dos Catelhanos
RJ;3300100;Angra dos Reis;Ponta Leste
RJ;3300100;Angra dos Reis;Pontal
RJ;3300100;Angra dos Reis;Porto Frade
RJ;3300100;Angra dos Reis;Portogalo
RJ;3300100;Angra dos Reis;Praia Brava
RJ;3300100;Angra dos Reis;Praia da Chácara
RJ;3300100;Angra dos Reis;Praia da Longa
RJ;3300100;Angra dos Reis;Praia da Ribeira
RJ;3300100;Angra dos Reis;Praia das Goiabas
RJ;3300100;Angra dos Reis;Praia do Anil
RJ;3300100;Angra dos Reis;Praia do Jardim
RJ;3300100;Angra dos Reis;Praia do Machado
RJ;3300100;Angra dos Reis;Praia do Recife
RJ;3300100;Angra dos Reis;Praia Grande
RJ;3300100;Angra dos Reis;Praia Vermelha
RJ;3300100;Angra dos Reis;Praia Vermelha da Ilha Grande
RJ;3300100;Angra dos Reis;Provetá
RJ;3300100;Angra dos Reis;Reserva Indígena
RJ;3300100;Angra dos Reis;Retiro
RJ;3300100;Angra dos Reis;Santa Rita do Bracuí
RJ;3300100;Angra dos Reis;São Bento
RJ;3300100;Angra dos Reis;Sapinhatuba I
RJ;3300100;Angra dos Reis;Sapinhatuba III
RJ;3300100;Angra dos Reis;Serra D'Água
RJ;3300100;Angra dos Reis;Sertão de Itanema
RJ;3300100;Angra dos Reis;Sertão do Bracuí
RJ;3300100;Angra dos Reis;Tanguá
RJ;3300100;Angra dos Reis;Terminal da Petrobrás
RJ;3300100;Angra dos Reis;Usina Nuclear
RJ;3300100;Angra dos Reis;Verolme
RJ;3300100;Angra dos Reis;Vila da Petrobrás
RJ;3300100;Angra dos Reis;Vila do Abraão
RJ;3300100;Angra dos Reis;Vila dos Pescadores
RJ;3300100;Angra dos Reis;Vila Histórica de Mambucaba
RJ;3300100;Angra dos Reis;Vila Nova
RJ;3300100;Angra dos Reis;Vila Velha
RJ;3300100;Angra dos Reis;Village
RJ;3300100;Angra dos Reis;Village Jacuacanga
RJ;3300100;Angra dos Reis;Zungu
RJ;3300159;Aperibé;
RJ;3300209;Araruama;
RJ;3300225;Areal;
RJ;3300233;Armação dos Búzios;
RJ;3300258;Arraial do Cabo;
RJ;3300308;Barra do Piraí;Areal
RJ;3300308;Barra do Piraí;Arthur Cataldi
RJ;3300308;Barra do Piraí;Asa Branca
RJ;3300308;Barra do Piraí;Belvedere
RJ;3300308;Barra do Piraí;Boa Sorte
RJ;3300308;Barra do Piraí;Boca do Mato
RJ;3300308;Barra do Piraí;Caieira
RJ;3300308;Barra do Piraí;Caieira São Pedro
RJ;3300308;Barra do Piraí;Caixa D'Água
RJ;3300308;Barra do Piraí;Caixa D'Água Velha
RJ;3300308;Barra do Piraí;Campo Bom
RJ;3300308;Barra do Piraí;Carbocálcio
RJ;3300308;Barra do Piraí;Carlos de Queiroz
RJ;3300308;Barra do Piraí;Carvão
RJ;3300308;Barra do Piraí;Centro
RJ;3300308;Barra do Piraí;Chácara Farani
RJ;3300308;Barra do Piraí;Chalet
RJ;3300308;Barra do Piraí;Chaminé
RJ;3300308;Barra do Piraí;Doutor Mesquita
RJ;3300308;Barra do Piraí;Grota Funda
RJ;3300308;Barra do Piraí;Lago Azul
RJ;3300308;Barra do Piraí;Maracanã
RJ;3300308;Barra do Piraí;Matadouro
RJ;3300308;Barra do Piraí;Metalúrgica
RJ;3300308;Barra do Piraí;Morro do Gama
RJ;3300308;Barra do Piraí;Morro do Paraíso
RJ;3300308;Barra do Piraí;Muqueca
RJ;3300308;Barra do Piraí;Nossa Senhora de Santana
RJ;3300308;Barra do Piraí;Novo México
RJ;3300308;Barra do Piraí;Oficinas Velhas
RJ;3300308;Barra do Piraí;Parque Santana
RJ;3300308;Barra do Piraí;Parque São Joaquim
RJ;3300308;Barra do Piraí;Ponte Andrade
RJ;3300308;Barra do Piraí;Ponte do Andrade
RJ;3300308;Barra do Piraí;Ponte Preta
RJ;3300308;Barra do Piraí;Ponte Vermelha
RJ;3300308;Barra do Piraí;Química
RJ;3300308;Barra do Piraí;Represa
RJ;3300308;Barra do Piraí;Roseira
RJ;3300308;Barra do Piraí;Santa Cecília
RJ;3300308;Barra do Piraí;Santana de Barra
RJ;3300308;Barra do Piraí;Santo Antônio
RJ;3300308;Barra do Piraí;Santo Cristo
RJ;3300308;Barra do Piraí;São João
RJ;3300308;Barra do Piraí;São José
RJ;3300308;Barra do Piraí;São Luiz
RJ;3300308;Barra do Piraí;Vale do Ipiranga
RJ;3300308;Barra do Piraí;Vargem Grande
RJ;3300308;Barra do Piraí;Vila Helena
RJ;3300308;Barra do Piraí;Vila Suíça
RJ;3300308;Barra do Piraí;Vila Suiça
RJ;3300407;Barra Mansa;Abelhas
RJ;3300407;Barra Mansa;Aiuruoca
RJ;3300407;Barra Mansa;Ano Bom
RJ;3300407;Barra Mansa;Antônio Rocha
RJ;3300407;Barra Mansa;Apóstolo Paulo
RJ;3300407;Barra Mansa;Assunção
RJ;3300407;Barra Mansa;Barbará
RJ;3300407;Barra Mansa;Bela Vista
RJ;3300407;Barra Mansa;Belo Horizonte
RJ;3300407;Barra Mansa;Boa Sorte
RJ;3300407;Barra Mansa;Boa Vista I
RJ;3300407;Barra Mansa;Boa Vista II
RJ;3300407;Barra Mansa;Boa Vista III
RJ;3300407;Barra Mansa;Bocaininha
RJ;3300407;Barra Mansa;Bom Pastor
RJ;3300407;Barra Mansa;Cajueiro
RJ;3300407;Barra Mansa;Cantagalo
RJ;3300407;Barra Mansa;Centro
RJ;3300407;Barra Mansa;Colônia Santo Antonio
RJ;3300407;Barra Mansa;Colônia Santo Antônio
RJ;3300407;Barra Mansa;Cotiara
RJ;3300407;Barra Mansa;Delgado
RJ;3300407;Barra Mansa;Esperança
RJ;3300407;Barra Mansa;Estamparia
RJ;3300407;Barra Mansa;Floriano
RJ;3300407;Barra Mansa;Getúlio Vargas
RJ;3300407;Barra Mansa;Goiabal
RJ;3300407;Barra Mansa;Governador Roberto Silveira
RJ;3300407;Barra Mansa;Jardim Alice
RJ;3300407;Barra Mansa;Jardim américa
RJ;3300407;Barra Mansa;Jardim Boa Vista
RJ;3300407;Barra Mansa;Jardim Central
RJ;3300407;Barra Mansa;Jardim Guanabara
RJ;3300407;Barra Mansa;Jardim Marajoara
RJ;3300407;Barra Mansa;Jardim Marilú
RJ;3300407;Barra Mansa;Jardim Primavera
RJ;3300407;Barra Mansa;Jardim Redentor
RJ;3300407;Barra Mansa;Jardim Vista Alegre
RJ;3300407;Barra Mansa;Macuco
RJ;3300407;Barra Mansa;Malvinas
RJ;3300407;Barra Mansa;Mangueira
RJ;3300407;Barra Mansa;Metalúrgico
RJ;3300407;Barra Mansa;Minerlândia
RJ;3300407;Barra Mansa;Moinho de Vento
RJ;3300407;Barra Mansa;Monte Cristo
RJ;3300407;Barra Mansa;Morada da Colônia I
RJ;3300407;Barra Mansa;Morada da Colônia II
RJ;3300407;Barra Mansa;Morada da Granja I
RJ;3300407;Barra Mansa;Morada da Granja II
RJ;3300407;Barra Mansa;Morada do Vale
RJ;3300407;Barra Mansa;Nossa Senhora de Fátima
RJ;3300407;Barra Mansa;Nossa Senhora do Amparo
RJ;3300407;Barra Mansa;Nova Esperança
RJ;3300407;Barra Mansa;Nove de Abril
RJ;3300407;Barra Mansa;Núcleo Residencial Ponte Alta
RJ;3300407;Barra Mansa;Paraíso
RJ;3300407;Barra Mansa;Piteiras
RJ;3300407;Barra Mansa;Ponte Alta
RJ;3300407;Barra Mansa;Presidente Dutra
RJ;3300407;Barra Mansa;Presidente Vargas
RJ;3300407;Barra Mansa;Primeiro de Maio
RJ;3300407;Barra Mansa;Quilômetro Quatro
RJ;3300407;Barra Mansa;Residencial Cristo Redentor
RJ;3300407;Barra Mansa;Residencial Ponte Alta
RJ;3300407;Barra Mansa;Rialto
RJ;3300407;Barra Mansa;Roberto Silveira
RJ;3300407;Barra Mansa;Rozelândia
RJ;3300407;Barra Mansa;Rozelândia II
RJ;3300407;Barra Mansa;Santa Clara
RJ;3300407;Barra Mansa;Santa Inês
RJ;3300407;Barra Mansa;Santa Izabel
RJ;3300407;Barra Mansa;Santa Lucia
RJ;3300407;Barra Mansa;Santa Lúcia
RJ;3300407;Barra Mansa;Santa Maria II
RJ;3300407;Barra Mansa;Santa Rita
RJ;3300407;Barra Mansa;Santa Rita de Cássia
RJ;3300407;Barra Mansa;Santa Rosa
RJ;3300407;Barra Mansa;São Carlos
RJ;3300407;Barra Mansa;São Cristovão
RJ;3300407;Barra Mansa;São Domingos
RJ;3300407;Barra Mansa;São Francisco de Assis
RJ;3300407;Barra Mansa;São Genaro
RJ;3300407;Barra Mansa;São Judas Tadeu
RJ;3300407;Barra Mansa;São Luiz
RJ;3300407;Barra Mansa;São Pedro
RJ;3300407;Barra Mansa;São Sebastião
RJ;3300407;Barra Mansa;São Silvestre
RJ;3300407;Barra Mansa;São Vicente
RJ;3300407;Barra Mansa;Saudade
RJ;3300407;Barra Mansa;Siderlândia
RJ;3300407;Barra Mansa;Vale do Paraíba
RJ;3300407;Barra Mansa;Verbo Divino
RJ;3300407;Barra Mansa;Vila Brígida
RJ;3300407;Barra Mansa;Vila Coringa
RJ;3300407;Barra Mansa;Vila Elmira
RJ;3300407;Barra Mansa;Vila Independência
RJ;3300407;Barra Mansa;Vila Maria
RJ;3300407;Barra Mansa;Vila Nova
RJ;3300407;Barra Mansa;Vila Orlandélia
RJ;3300407;Barra Mansa;Vila Principal
RJ;3300407;Barra Mansa;Vila Ursulino
RJ;3300407;Barra Mansa;Vista Alegre
RJ;3300407;Barra Mansa;Vista Bela
RJ;3300456;Belford Roxo;Andrade Araújo
RJ;3300456;Belford Roxo;Andrade Araujo
RJ;3300456;Belford Roxo;Areia Branca
RJ;3300456;Belford Roxo;Barro Vermelho
RJ;3300456;Belford Roxo;Bom Pastor
RJ;3300456;Belford Roxo;Centro
RJ;3300456;Belford Roxo;Das Graças
RJ;3300456;Belford Roxo;das Graças
RJ;3300456;Belford Roxo;Glaucia
RJ;3300456;Belford Roxo;Heliópolis
RJ;3300456;Belford Roxo;Itaipu
RJ;3300456;Belford Roxo;Lote XV
RJ;3300456;Belford Roxo;Maringá
RJ;3300456;Belford Roxo;Nova Aurora
RJ;3300456;Belford Roxo;Nova Piam
RJ;3300456;Belford Roxo;Parque dos Ferreiras
RJ;3300456;Belford Roxo;Pauline
RJ;3300456;Belford Roxo;Piam
RJ;3300456;Belford Roxo;Recantus
RJ;3300456;Belford Roxo;Redentor
RJ;3300456;Belford Roxo;Santa Amélia
RJ;3300456;Belford Roxo;Santa Maria
RJ;3300456;Belford Roxo;Santa Tereza
RJ;3300456;Belford Roxo;Santo Antônio da Prata
RJ;3300456;Belford Roxo;São Bernardo
RJ;3300456;Belford Roxo;São Francisco de Assis
RJ;3300456;Belford Roxo;São José
RJ;3300456;Belford Roxo;São Vicente
RJ;3300456;Belford Roxo;Shangri-lá
RJ;3300456;Belford Roxo;Vale do Ipê
RJ;3300456;Belford Roxo;Wona
RJ;3300456;Belford Roxo;Xavantes
RJ;3300506;Bom Jardim;
RJ;3300605;Bom Jesus do Itabapoana;Bairro Novo
RJ;3300605;Bom Jesus do Itabapoana;Bela Vista
RJ;3300605;Bom Jesus do Itabapoana;Centro
RJ;3300605;Bom Jesus do Itabapoana;Jardim Valéria
RJ;3300605;Bom Jesus do Itabapoana;Jorge Assis de Oliveira (Asa Branca)
RJ;3300605;Bom Jesus do Itabapoana;Jorge Assis de Oliveira - Asa Branca
RJ;3300605;Bom Jesus do Itabapoana;José Lima
RJ;3300605;Bom Jesus do Itabapoana;Lia Márcia
RJ;3300605;Bom Jesus do Itabapoana;Oscar Campos
RJ;3300605;Bom Jesus do Itabapoana;Pimentel Marques
RJ;3300605;Bom Jesus do Itabapoana;Santa Rosa
RJ;3300605;Bom Jesus do Itabapoana;Santa Terezinha
RJ;3300704;Cabo Frio;
RJ;3300803;Cachoeiras de Macacu;Areia Branca
RJ;3300803;Cachoeiras de Macacu;Betel
RJ;3300803;Cachoeiras de Macacu;Boa Vista
RJ;3300803;Cachoeiras de Macacu;Boca do Mato
RJ;3300803;Cachoeiras de Macacu;Campo do Prado
RJ;3300803;Cachoeiras de Macacu;Castália
RJ;3300803;Cachoeiras de Macacu;Centro-Japuíba
RJ;3300803;Cachoeiras de Macacu;Centro-Papucaia
RJ;3300803;Cachoeiras de Macacu;Centro-Sede
RJ;3300803;Cachoeiras de Macacu;Cidade Alta
RJ;3300803;Cachoeiras de Macacu;Coletivo
RJ;3300803;Cachoeiras de Macacu;Expansão
RJ;3300803;Cachoeiras de Macacu;Forno Velho
RJ;3300803;Cachoeiras de Macacu;Ganguri
RJ;3300803;Cachoeiras de Macacu;Gleba Colégio
RJ;3300803;Cachoeiras de Macacu;Gleba Ribeira
RJ;3300803;Cachoeiras de Macacu;Granada
RJ;3300803;Cachoeiras de Macacu;Guararapes
RJ;3300803;Cachoeiras de Macacu;Marreca
RJ;3300803;Cachoeiras de Macacu;Parque Santa Luzia
RJ;3300803;Cachoeiras de Macacu;Parque Veneza
RJ;3300803;Cachoeiras de Macacu;Pedreira
RJ;3300803;Cachoeiras de Macacu;Poço Verde
RJ;3300803;Cachoeiras de Macacu;Raiz da Serra
RJ;3300803;Cachoeiras de Macacu;Raposo
RJ;3300803;Cachoeiras de Macacu;Rasgo
RJ;3300803;Cachoeiras de Macacu;Ribeira
RJ;3300803;Cachoeiras de Macacu;Santo Antônio
RJ;3300803;Cachoeiras de Macacu;São Francisco de Assis
RJ;3300803;Cachoeiras de Macacu;Sebastião Mendes
RJ;3300803;Cachoeiras de Macacu;Tuim
RJ;3300803;Cachoeiras de Macacu;Valério
RJ;3300803;Cachoeiras de Macacu;Várzea
RJ;3300803;Cachoeiras de Macacu;Veneza
RJ;3300803;Cachoeiras de Macacu;Village
RJ;3300803;Cachoeiras de Macacu;Viracopos
RJ;3300902;Cambuci;
RJ;3301009;Campos dos Goytacazes;Caju
RJ;3301009;Campos dos Goytacazes;Centro
RJ;3301009;Campos dos Goytacazes;Chácara João Ferreira
RJ;3301009;Campos dos Goytacazes;da Penha
RJ;3301009;Campos dos Goytacazes;Da Penha
RJ;3301009;Campos dos Goytacazes;Horto
RJ;3301009;Campos dos Goytacazes;Ips
RJ;3301009;Campos dos Goytacazes;Jardim Carioca
RJ;3301009;Campos dos Goytacazes;Jardim Flamboyant I
RJ;3301009;Campos dos Goytacazes;Jardim Flamboyant II
RJ;3301009;Campos dos Goytacazes;Jardim Guarus
RJ;3301009;Campos dos Goytacazes;Jardim Maria de Queiroz
RJ;3301009;Campos dos Goytacazes;Jardim Residencial Planície
RJ;3301009;Campos dos Goytacazes;Lapa
RJ;3301009;Campos dos Goytacazes;Parque Alberto Torres
RJ;3301009;Campos dos Goytacazes;Parque Alvorada
RJ;3301009;Campos dos Goytacazes;Parque Aurora
RJ;3301009;Campos dos Goytacazes;Parque Avenida Pelinca
RJ;3301009;Campos dos Goytacazes;Parque Bandeirantes
RJ;3301009;Campos dos Goytacazes;Parque Barão do Rio Branco
RJ;3301009;Campos dos Goytacazes;Parque Bela Vista
RJ;3301009;Campos dos Goytacazes;Parque Benta Pereira
RJ;3301009;Campos dos Goytacazes;Parque Bonsucesso
RJ;3301009;Campos dos Goytacazes;Parque Califórnia
RJ;3301009;Campos dos Goytacazes;Parque Carlos de Lacerda
RJ;3301009;Campos dos Goytacazes;Parque Cidade Luz
RJ;3301009;Campos dos Goytacazes;Parque Conselheiro Tomaz Coelho
RJ;3301009;Campos dos Goytacazes;Parque Corrientes
RJ;3301009;Campos dos Goytacazes;Parque do Prado
RJ;3301009;Campos dos Goytacazes;Parque Dom Bosco
RJ;3301009;Campos dos Goytacazes;Parque dos Rodoviários
RJ;3301009;Campos dos Goytacazes;Parque Dr. Beda
RJ;3301009;Campos dos Goytacazes;Parque Eldorado
RJ;3301009;Campos dos Goytacazes;Parque Esplanada
RJ;3301009;Campos dos Goytacazes;Parque Fazenda Grande
RJ;3301009;Campos dos Goytacazes;Parque Fazendinha
RJ;3301009;Campos dos Goytacazes;Parque Fundão
RJ;3301009;Campos dos Goytacazes;Parque Guarus
RJ;3301009;Campos dos Goytacazes;Parque João Maria
RJ;3301009;Campos dos Goytacazes;Parque João Seixas
RJ;3301009;Campos dos Goytacazes;Parque Jóckey Club
RJ;3301009;Campos dos Goytacazes;Parque José do Patrocínio
RJ;3301009;Campos dos Goytacazes;Parque Julião Nogueira
RJ;3301009;Campos dos Goytacazes;Parque Leopoldina
RJ;3301009;Campos dos Goytacazes;Parque Niterói
RJ;3301009;Campos dos Goytacazes;Parque Nossa Senhora do Rosário
RJ;3301009;Campos dos Goytacazes;Parque Nova Brasília
RJ;3301009;Campos dos Goytacazes;Parque Novo Mundo
RJ;3301009;Campos dos Goytacazes;Parque Oliveira Botelho
RJ;3301009;Campos dos Goytacazes;Parque Pecuária
RJ;3301009;Campos dos Goytacazes;Parque Prazeres
RJ;3301009;Campos dos Goytacazes;Parque Presidente Juscelino
RJ;3301009;Campos dos Goytacazes;Parque Presidente Vargas
RJ;3301009;Campos dos Goytacazes;Parque Quinze de Novembro
RJ;3301009;Campos dos Goytacazes;Parque Riachuelo
RJ;3301009;Campos dos Goytacazes;Parque Rosário
RJ;3301009;Campos dos Goytacazes;Parque Rui Barbosa
RJ;3301009;Campos dos Goytacazes;Parque Salo Brand
RJ;3301009;Campos dos Goytacazes;Parque Santa Rosa
RJ;3301009;Campos dos Goytacazes;Parque Santo Amaro
RJ;3301009;Campos dos Goytacazes;Parque Santo Antônio
RJ;3301009;Campos dos Goytacazes;Parque São Benedito
RJ;3301009;Campos dos Goytacazes;Parque São Caetano
RJ;3301009;Campos dos Goytacazes;Parque São Clemente
RJ;3301009;Campos dos Goytacazes;Parque São Domingos
RJ;3301009;Campos dos Goytacazes;Parque São José
RJ;3301009;Campos dos Goytacazes;Parque São Lino
RJ;3301009;Campos dos Goytacazes;Parque São Mateus
RJ;3301009;Campos dos Goytacazes;Parque São Salvador
RJ;3301009;Campos dos Goytacazes;Parque São Silvestre
RJ;3301009;Campos dos Goytacazes;Parque Tamandaré
RJ;3301009;Campos dos Goytacazes;Parque Tarcísio Miranda
RJ;3301009;Campos dos Goytacazes;Parque Turf Club
RJ;3301009;Campos dos Goytacazes;Parque Vera Cruz
RJ;3301009;Campos dos Goytacazes;Parque Vicente Gonçalves Dias
RJ;3301009;Campos dos Goytacazes;Parque Vista Alegre
RJ;3301009;Campos dos Goytacazes;Parque Zuza Mota
RJ;3301009;Campos dos Goytacazes;Sumaré
RJ;3301009;Campos dos Goytacazes;Vila Industrial
RJ;3301108;Cantagalo;
RJ;3300936;Carapebus;
RJ;3301157;Cardoso Moreira;
RJ;3301207;Carmo;
RJ;3301306;Casimiro de Abreu;
RJ;3300951;Comendador Levy Gasparian;
RJ;3301405;Conceição de Macabu;
RJ;3301504;Cordeiro;
RJ;3301603;Duas Barras;
RJ;3301702;Duque de Caxias;Alto da Serra
RJ;3301702;Duque de Caxias;Amapá
RJ;3301702;Duque de Caxias;Bar dos Cavalheiros
RJ;3301702;Duque de Caxias;Barro Branco
RJ;3301702;Duque de Caxias;Campos Elíseos
RJ;3301702;Duque de Caxias;Cângulo
RJ;3301702;Duque de Caxias;Cangulo
RJ;3301702;Duque de Caxias;Capivari
RJ;3301702;Duque de Caxias;Centenário
RJ;3301702;Duque de Caxias;Centro
RJ;3301702;Duque de Caxias;Chácaras Arcampo
RJ;3301702;Duque de Caxias;Chácaras Rio-Petrópolis
RJ;3301702;Duque de Caxias;Cidade dos Meninos
RJ;3301702;Duque de Caxias;Cidade Parque Paulista
RJ;3301702;Duque de Caxias;Doutor Laureano
RJ;3301702;Duque de Caxias;Figueira
RJ;3301702;Duque de Caxias;Gramacho
RJ;3301702;Duque de Caxias;Imbariê
RJ;3301702;Duque de Caxias;Jardim Anhangá
RJ;3301702;Duque de Caxias;Jardim Primavera
RJ;3301702;Duque de Caxias;Lamarão
RJ;3301702;Duque de Caxias;Mantiquira
RJ;3301702;Duque de Caxias;Meio da Serra
RJ;3301702;Duque de Caxias;Olavo Bilac
RJ;3301702;Duque de Caxias;Parada Angélica
RJ;3301702;Duque de Caxias;Parada Morabi
RJ;3301702;Duque de Caxias;Parque Duque
RJ;3301702;Duque de Caxias;Parque Eldorado
RJ;3301702;Duque de Caxias;Parque Fluminense
RJ;3301702;Duque de Caxias;Parque Sarapuí
RJ;3301702;Duque de Caxias;Periquito
RJ;3301702;Duque de Caxias;Periquitos
RJ;3301702;Duque de Caxias;Pilar
RJ;3301702;Duque de Caxias;Santa Cruz da Serra
RJ;3301702;Duque de Caxias;Santa Lúcia
RJ;3301702;Duque de Caxias;Santo Antônio
RJ;3301702;Duque de Caxias;São Bento
RJ;3301702;Duque de Caxias;Saracuruna
RJ;3301702;Duque de Caxias;Taquara
RJ;3301702;Duque de Caxias;Vila São José
RJ;3301702;Duque de Caxias;Vila São Luís
RJ;3301702;Duque de Caxias;Vinte e Cinco de Agosto
RJ;3301702;Duque de Caxias;Xerém
RJ;3301801;Engenheiro Paulo de Frontin;
RJ;3301850;Guapimirim;
RJ;3301876;Iguaba Grande;Andorinhas
RJ;3301876;Iguaba Grande;Arrastão das Pedras
RJ;3301876;Iguaba Grande;Boa Vista
RJ;3301876;Iguaba Grande;Canellas City
RJ;3301876;Iguaba Grande;Capivara
RJ;3301876;Iguaba Grande;Centro
RJ;3301876;Iguaba Grande;Cidade Nova
RJ;3301876;Iguaba Grande;Coqueiros
RJ;3301876;Iguaba Grande;Estação
RJ;3301876;Iguaba Grande;Igarapiapunha
RJ;3301876;Iguaba Grande;Iguaba Pequena
RJ;3301876;Iguaba Grande;Jardim Solares
RJ;3301876;Iguaba Grande;Laguna Azul
RJ;3301876;Iguaba Grande;Nova Iguaba
RJ;3301876;Iguaba Grande;Parque Tamariz
RJ;3301876;Iguaba Grande;Pedreira
RJ;3301876;Iguaba Grande;São Miguel
RJ;3301876;Iguaba Grande;Sapeatiba Mirim
RJ;3301876;Iguaba Grande;Sopotó
RJ;3301876;Iguaba Grande;Ubás
RJ;3301876;Iguaba Grande;União
RJ;3301876;Iguaba Grande;Vila Nova
RJ;3301900;Itaboraí;Agro Brasil
RJ;3301900;Itaboraí;Aldeia da Prata
RJ;3301900;Itaboraí;Alto Jacu
RJ;3301900;Itaboraí;Ampliação
RJ;3301900;Itaboraí;Apollo II
RJ;3301900;Itaboraí;Areal
RJ;3301900;Itaboraí;Badureco
RJ;3301900;Itaboraí;Bela Vista
RJ;3301900;Itaboraí;Cabuçu
RJ;3301900;Itaboraí;Caluge
RJ;3301900;Itaboraí;Calundu
RJ;3301900;Itaboraí;Chácara Bela Vista
RJ;3301900;Itaboraí;City Areal
RJ;3301900;Itaboraí;Colônia
RJ;3301900;Itaboraí;Curuzu
RJ;3301900;Itaboraí;Engenho Velho
RJ;3301900;Itaboraí;Esperança
RJ;3301900;Itaboraí;Gebara
RJ;3301900;Itaboraí;Grande Rio
RJ;3301900;Itaboraí;Granjas Cabuçu
RJ;3301900;Itaboraí;Granjas Mirassol
RJ;3301900;Itaboraí;Iguá
RJ;3301900;Itaboraí;Itaboraí
RJ;3301900;Itaboraí;Itamarati
RJ;3301900;Itaboraí;Itambi
RJ;3301900;Itaboraí;Itaville
RJ;3301900;Itaboraí;Jardim Ferma
RJ;3301900;Itaboraí;Jardim Imperial
RJ;3301900;Itaboraí;Jardim Itambi
RJ;3301900;Itaboraí;João Caetano
RJ;3301900;Itaboraí;Joaquim de Oliveira
RJ;3301900;Itaboraí;Manilha
RJ;3301900;Itaboraí;Marambaia
RJ;3301900;Itaboraí;Maravilha
RJ;3301900;Itaboraí;Monte Verde
RJ;3301900;Itaboraí;Morada do Sol I
RJ;3301900;Itaboraí;Morada do Sol II
RJ;3301900;Itaboraí;Nancilândia
RJ;3301900;Itaboraí;Nossa Senhora da Conceição
RJ;3301900;Itaboraí;Nova Cidade
RJ;3301900;Itaboraí;Novo Horizonte
RJ;3301900;Itaboraí;Outeiro das Pedras
RJ;3301900;Itaboraí;Pachecos
RJ;3301900;Itaboraí;Parque Aurora
RJ;3301900;Itaboraí;Parque Nova Friburgo
RJ;3301900;Itaboraí;Perobas
RJ;3301900;Itaboraí;Picos
RJ;3301900;Itaboraí;Pitanga
RJ;3301900;Itaboraí;Porto das Caixas
RJ;3301900;Itaboraí;Quinta dos Colibris
RJ;3301900;Itaboraí;Quissamã
RJ;3301900;Itaboraí;Recanto dos Magalhães
RJ;3301900;Itaboraí;Retiro
RJ;3301900;Itaboraí;Retiro São Joaquim
RJ;3301900;Itaboraí;Rio Várzea
RJ;3301900;Itaboraí;Sambaetiba
RJ;3301900;Itaboraí;Santo Antônio
RJ;3301900;Itaboraí;Santo Expedito
RJ;3301900;Itaboraí;São José
RJ;3301900;Itaboraí;São Miguel
RJ;3301900;Itaboraí;São Sebastião
RJ;3301900;Itaboraí;Sapê
RJ;3301900;Itaboraí;Sossego
RJ;3301900;Itaboraí;Três Pontes
RJ;3301900;Itaboraí;Venda das Pedras
RJ;3301900;Itaboraí;Vila Brasil
RJ;3301900;Itaboraí;Vila Gabriela
RJ;3301900;Itaboraí;Vila Rica
RJ;3301900;Itaboraí;Vila Verde
RJ;3301900;Itaboraí;Vila Visconde
RJ;3301900;Itaboraí;Vilage do Sol
RJ;3301900;Itaboraí;Visconde
RJ;3302007;Itaguaí;
RJ;3302056;Italva;
RJ;3302106;Itaocara;
RJ;3302205;Itaperuna;
RJ;3302254;Itatiaia;
RJ;3302270;Japeri;Alecrim
RJ;3302270;Japeri;Aljezur
RJ;3302270;Japeri;Bananal
RJ;3302270;Japeri;Beira-Rio
RJ;3302270;Japeri;Belo Horizonte
RJ;3302270;Japeri;Cajuri
RJ;3302270;Japeri;Caramujos
RJ;3302270;Japeri;Centro de Engenheiro Pedreira
RJ;3302270;Japeri;Centro de Japeri
RJ;3302270;Japeri;Chacrinha
RJ;3302270;Japeri;Das Granjas
RJ;3302270;Japeri;das Granjas
RJ;3302270;Japeri;Delamare
RJ;3302270;Japeri;Dos Eucaliptos
RJ;3302270;Japeri;dos Eucaliptos
RJ;3302270;Japeri;Esperança
RJ;3302270;Japeri;Fazenda Americana
RJ;3302270;Japeri;Guandu
RJ;3302270;Japeri;Lagoa do Sapo
RJ;3302270;Japeri;Laranjal
RJ;3302270;Japeri;Marajoara
RJ;3302270;Japeri;Mucajá
RJ;3302270;Japeri;Nova Belém
RJ;3302270;Japeri;Proletário
RJ;3302270;Japeri;Rio D'Ouro
RJ;3302270;Japeri;Santa Amelia
RJ;3302270;Japeri;Santa Inês
RJ;3302270;Japeri;Santo Antônio
RJ;3302270;Japeri;São Cosme e São Damião
RJ;3302270;Japeri;São Jorge
RJ;3302270;Japeri;São Pedro
RJ;3302270;Japeri;Virgem de Fátima
RJ;3302304;Laje do Muriaé;
RJ;3302403;Macaé;Ajuda
RJ;3302403;Macaé;Ajuda de Baixo
RJ;3302403;Macaé;Ajuda de Cima
RJ;3302403;Macaé;Alto dos Cajueiros
RJ;3302403;Macaé;Aroeira
RJ;3302403;Macaé;Barra de Macaé
RJ;3302403;Macaé;Botafogo
RJ;3302403;Macaé;Cabiúnas
RJ;3302403;Macaé;Cajueiros
RJ;3302403;Macaé;Campo D' Oeste
RJ;3302403;Macaé;Cancela Preta
RJ;3302403;Macaé;Cavaleiros
RJ;3302403;Macaé;Centro
RJ;3302403;Macaé;Costa do Sol
RJ;3302403;Macaé;Engenho da Praia
RJ;3302403;Macaé;Fronteira
RJ;3302403;Macaé;Glória
RJ;3302403;Macaé;Granja dos Cavaleiros
RJ;3302403;Macaé;Horto
RJ;3302403;Macaé;Imbetiba
RJ;3302403;Macaé;Imboassica
RJ;3302403;Macaé;Jardim Santo Antônio
RJ;3302403;Macaé;Jardim Vitória
RJ;3302403;Macaé;Lagoa
RJ;3302403;Macaé;Lagomar
RJ;3302403;Macaé;Malvinas
RJ;3302403;Macaé;Miramar
RJ;3302403;Macaé;Mirante da Lagoa
RJ;3302403;Macaé;Nova Esperança
RJ;3302403;Macaé;Nova Holanda
RJ;3302403;Macaé;Novo Cavaleiros
RJ;3302403;Macaé;Novo Horizonte
RJ;3302403;Macaé;Parque Aeroporto
RJ;3302403;Macaé;Parque Atlântico
RJ;3302403;Macaé;Parque União
RJ;3302403;Macaé;Praia Campista
RJ;3302403;Macaé;Praia do Pecado
RJ;3302403;Macaé;Riviera Fluminense
RJ;3302403;Macaé;São José do Barreto
RJ;3302403;Macaé;São Marcos
RJ;3302403;Macaé;Sol Y Mar
RJ;3302403;Macaé;Vale Encantado
RJ;3302403;Macaé;Virgem Santa
RJ;3302403;Macaé;Visconde de Araújo
RJ;3302452;Macuco;
RJ;3302502;Magé;
RJ;3302601;Mangaratiba;
RJ;3302700;Maricá;
RJ;3302809;Mendes;Cinco Lagos
RJ;3302809;Mendes;Martins Costa
RJ;3302809;Mendes;Morsing
RJ;3302858;Mesquita;Alto Uruguai
RJ;3302858;Mesquita;Bairro Industrial
RJ;3302858;Mesquita;Banco de Areia
RJ;3302858;Mesquita;BNH
RJ;3302858;Mesquita;Centro
RJ;3302858;Mesquita;Chatuba
RJ;3302858;Mesquita;Coréia
RJ;3302858;Mesquita;Cosmorama
RJ;3302858;Mesquita;Cruzeiro do Sul
RJ;3302858;Mesquita;Edson Passos
RJ;3302858;Mesquita;Jacutinga
RJ;3302858;Mesquita;Juscelino
RJ;3302858;Mesquita;Rocha Sobrinho
RJ;3302858;Mesquita;Santa Terezinha
RJ;3302858;Mesquita;Santo Elias
RJ;3302858;Mesquita;Vila Emil
RJ;3302858;Mesquita;Vila Norma
RJ;3302908;Miguel Pereira;
RJ;3303005;Miracema;
RJ;3303104;Natividade;
RJ;3303203;Nilópolis;Cabral
RJ;3303203;Nilópolis;Cabuís
RJ;3303203;Nilópolis;Cabuís II
RJ;3303203;Nilópolis;Centro
RJ;3303203;Nilópolis;Centro de Olinda
RJ;3303203;Nilópolis;da Mina
RJ;3303203;Nilópolis;Frigorífico
RJ;3303203;Nilópolis;Manoel Reis
RJ;3303203;Nilópolis;Manoel Reis I
RJ;3303203;Nilópolis;Manoel Reis II
RJ;3303203;Nilópolis;Nossa Senhora de Fátima
RJ;3303203;Nilópolis;Nova Cidade
RJ;3303203;Nilópolis;Novo Horizonte
RJ;3303203;Nilópolis;Paiol
RJ;3303203;Nilópolis;Santos Dumont
RJ;3303203;Nilópolis;Tropical
RJ;3303302;Niterói;Badu
RJ;3303302;Niterói;Baldeador
RJ;3303302;Niterói;Barreto
RJ;3303302;Niterói;Boa Viagem
RJ;3303302;Niterói;Cachoeira
RJ;3303302;Niterói;Cafubá
RJ;3303302;Niterói;Camboinhas
RJ;3303302;Niterói;Cantagalo
RJ;3303302;Niterói;Caramujo
RJ;3303302;Niterói;Centro
RJ;3303302;Niterói;Charitas
RJ;3303302;Niterói;Cubango
RJ;3303302;Niterói;Engenho do Mato
RJ;3303302;Niterói;Engenhoca
RJ;3303302;Niterói;Fátima
RJ;3303302;Niterói;Fonseca
RJ;3303302;Niterói;Gragoatá
RJ;3303302;Niterói;Icaraí
RJ;3303302;Niterói;Ilha da Conceição
RJ;3303302;Niterói;Ingá
RJ;3303302;Niterói;Itacoatiara
RJ;3303302;Niterói;Itaipu
RJ;3303302;Niterói;Ititioca
RJ;3303302;Niterói;Jacaré
RJ;3303302;Niterói;Jardim Imbuí
RJ;3303302;Niterói;Jurujuba
RJ;3303302;Niterói;Largo da Batalha
RJ;3303302;Niterói;Maceió
RJ;3303302;Niterói;Maravista
RJ;3303302;Niterói;Maria Paula
RJ;3303302;Niterói;Matapaca
RJ;3303302;Niterói;Morro do Estado
RJ;3303302;Niterói;Muriqui
RJ;3303302;Niterói;Pé Pequeno
RJ;3303302;Niterói;Piratininga
RJ;3303302;Niterói;Ponta D'Areia
RJ;3303302;Niterói;Rio do Ouro
RJ;3303302;Niterói;Santa Bárbara
RJ;3303302;Niterói;Santa Rosa
RJ;3303302;Niterói;Santana
RJ;3303302;Niterói;Santo Antônio
RJ;3303302;Niterói;São Domingos
RJ;3303302;Niterói;São Francisco
RJ;3303302;Niterói;São Lourenço
RJ;3303302;Niterói;Sapê
RJ;3303302;Niterói;Serra Grande
RJ;3303302;Niterói;Tenente Jardim
RJ;3303302;Niterói;Várzea das Moças
RJ;3303302;Niterói;Viçoso Jardim
RJ;3303302;Niterói;Vila Progresso
RJ;3303302;Niterói;Viradouro
RJ;3303302;Niterói;Vital Brasil
RJ;3303401;Nova Friburgo;Bela Vista
RJ;3303401;Nova Friburgo;Braunes
RJ;3303401;Nova Friburgo;Cascatinha
RJ;3303401;Nova Friburgo;Catarcione
RJ;3303401;Nova Friburgo;Centro
RJ;3303401;Nova Friburgo;Chácara do Paraíso
RJ;3303401;Nova Friburgo;Cônego
RJ;3303401;Nova Friburgo;Conselheiro Paulino
RJ;3303401;Nova Friburgo;Cordoeira
RJ;3303401;Nova Friburgo;Córrego Dantas
RJ;3303401;Nova Friburgo;Duas Pedras
RJ;3303401;Nova Friburgo;Fazenda Bela Vista
RJ;3303401;Nova Friburgo;Fazenda da Laje
RJ;3303401;Nova Friburgo;Granja Spinelli
RJ;3303401;Nova Friburgo;Jardim Califórnia
RJ;3303401;Nova Friburgo;Jardim Ouro Preto
RJ;3303401;Nova Friburgo;Lagoinha
RJ;3303401;Nova Friburgo;Maria Tereza
RJ;3303401;Nova Friburgo;Nova Suíça
RJ;3303401;Nova Friburgo;Olaria
RJ;3303401;Nova Friburgo;Parque das Flores
RJ;3303401;Nova Friburgo;Parque Dom João VI
RJ;3303401;Nova Friburgo;Parque São Clemente
RJ;3303401;Nova Friburgo;Perissê
RJ;3303401;Nova Friburgo;Ponte da Saudade
RJ;3303401;Nova Friburgo;Prado
RJ;3303401;Nova Friburgo;Rui Sanglard
RJ;3303401;Nova Friburgo;Santa Luzia
RJ;3303401;Nova Friburgo;São Geraldo
RJ;3303401;Nova Friburgo;Sítio São Luís
RJ;3303401;Nova Friburgo;Tinguely
RJ;3303401;Nova Friburgo;Vale dos Pinheiros
RJ;3303401;Nova Friburgo;Vargem Grande
RJ;3303401;Nova Friburgo;Varginha
RJ;3303401;Nova Friburgo;Village
RJ;3303401;Nova Friburgo;Ypu
RJ;3303500;Nova Iguaçu;Adrianópolis
RJ;3303500;Nova Iguaçu;Ambaí
RJ;3303500;Nova Iguaçu;Austin
RJ;3303500;Nova Iguaçu;Boa Esperança
RJ;3303500;Nova Iguaçu;Botafogo
RJ;3303500;Nova Iguaçu;Cabuçu
RJ;3303500;Nova Iguaçu;Cacuia
RJ;3303500;Nova Iguaçu;Califórnia
RJ;3303500;Nova Iguaçu;Campo Alegre
RJ;3303500;Nova Iguaçu;Caonze
RJ;3303500;Nova Iguaçu;Carlos Sampaio
RJ;3303500;Nova Iguaçu;Carmary
RJ;3303500;Nova Iguaçu;Centro
RJ;3303500;Nova Iguaçu;Chacrinha
RJ;3303500;Nova Iguaçu;Comendador Soares
RJ;3303500;Nova Iguaçu;Corumbá
RJ;3303500;Nova Iguaçu;Da Cerâmica
RJ;3303500;Nova Iguaçu;da Cerâmica
RJ;3303500;Nova Iguaçu;da Luz
RJ;3303500;Nova Iguaçu;Da Luz
RJ;3303500;Nova Iguaçu;da Palhada
RJ;3303500;Nova Iguaçu;Da Palhada
RJ;3303500;Nova Iguaçu;da Posse
RJ;3303500;Nova Iguaçu;Da Posse
RJ;3303500;Nova Iguaçu;Da Prata
RJ;3303500;Nova Iguaçu;da Prata
RJ;3303500;Nova Iguaçu;da Viga
RJ;3303500;Nova Iguaçu;Da Viga
RJ;3303500;Nova Iguaçu;Danon
RJ;3303500;Nova Iguaçu;Engenho Pequeno
RJ;3303500;Nova Iguaçu;Figueiras
RJ;3303500;Nova Iguaçu;Geneciano
RJ;3303500;Nova Iguaçu;Grama
RJ;3303500;Nova Iguaçu;Iguaçu Velho
RJ;3303500;Nova Iguaçu;Inconfidência
RJ;3303500;Nova Iguaçu;Ipiranga
RJ;3303500;Nova Iguaçu;Jardim Alvorada
RJ;3303500;Nova Iguaçu;Jardim Guandu
RJ;3303500;Nova Iguaçu;Jardim Iguaçu
RJ;3303500;Nova Iguaçu;Jardim Nova Era
RJ;3303500;Nova Iguaçu;Jardim Palmares
RJ;3303500;Nova Iguaçu;Jardim Pernambuco
RJ;3303500;Nova Iguaçu;Jardim Tropical
RJ;3303500;Nova Iguaçu;Juscelino
RJ;3303500;Nova Iguaçu;Kennedy
RJ;3303500;Nova Iguaçu;Km - 32
RJ;3303500;Nova Iguaçu;Lagoinha
RJ;3303500;Nova Iguaçu;Marapicu
RJ;3303500;Nova Iguaçu;Miguel Couto
RJ;3303500;Nova Iguaçu;Montevidéu
RJ;3303500;Nova Iguaçu;Moquetá
RJ;3303500;Nova Iguaçu;Nova América
RJ;3303500;Nova Iguaçu;Ouro Verde
RJ;3303500;Nova Iguaçu;Paraíso
RJ;3303500;Nova Iguaçu;Parque Ambaí
RJ;3303500;Nova Iguaçu;Parque Flora
RJ;3303500;Nova Iguaçu;Ponto Chic
RJ;3303500;Nova Iguaçu;Prados Verdes
RJ;3303500;Nova Iguaçu;Rancho Fundo
RJ;3303500;Nova Iguaçu;Rancho Novo
RJ;3303500;Nova Iguaçu;Riachão
RJ;3303500;Nova Iguaçu;Rodilândia
RJ;3303500;Nova Iguaçu;Rosa dos Ventos
RJ;3303500;Nova Iguaçu;Santa Eugênia
RJ;3303500;Nova Iguaçu;Santa Rita
RJ;3303500;Nova Iguaçu;Tinguá
RJ;3303500;Nova Iguaçu;Tinguazinho
RJ;3303500;Nova Iguaçu;Três Corações
RJ;3303500;Nova Iguaçu;Valverde
RJ;3303500;Nova Iguaçu;Vila de Cava
RJ;3303500;Nova Iguaçu;Vila Guimarães
RJ;3303500;Nova Iguaçu;Vila Nova
RJ;3303500;Nova Iguaçu;Vila Operária
RJ;3303609;Paracambi;
RJ;3303708;Paraíba do Sul;
RJ;3303807;Paraty;
RJ;3303856;Paty do Alferes;
RJ;3303906;Petrópolis;
RJ;3303955;Pinheiral;Centro
RJ;3303955;Pinheiral;Chalet
RJ;3303955;Pinheiral;Colina
RJ;3303955;Pinheiral;Cruzeiro I
RJ;3303955;Pinheiral;Cruzeiro II
RJ;3303955;Pinheiral;Ipê
RJ;3303955;Pinheiral;Jardim Bela Vista
RJ;3303955;Pinheiral;Jardim dos Pinhais
RJ;3303955;Pinheiral;Jardim Palmeiras
RJ;3303955;Pinheiral;Oriente
RJ;3303955;Pinheiral;Palmeiras
RJ;3303955;Pinheiral;Paraíso
RJ;3303955;Pinheiral;Parque Industrial
RJ;3303955;Pinheiral;Parque Maíra
RJ;3303955;Pinheiral;Planalto do Sol
RJ;3303955;Pinheiral;Pôr do Sol
RJ;3303955;Pinheiral;Posto Zootécnico
RJ;3303955;Pinheiral;Rolamão
RJ;3303955;Pinheiral;São Jorge
RJ;3303955;Pinheiral;Três Poços
RJ;3303955;Pinheiral;Vale do Cruzeiro
RJ;3303955;Pinheiral;Vale do Sol
RJ;3303955;Pinheiral;Vale dos Pinheiros
RJ;3303955;Pinheiral;Vale Verde
RJ;3303955;Pinheiral;Varjão
RJ;3304003;Piraí;
RJ;3304102;Porciúncula;
RJ;3304110;Porto Real;
RJ;3304128;Quatis;Água Espalhada
RJ;3304128;Quatis;Alto Paraíso
RJ;3304128;Quatis;Barrinha
RJ;3304128;Quatis;Bela Vista
RJ;3304128;Quatis;Boa Vista
RJ;3304128;Quatis;Bondarovsky
RJ;3304128;Quatis;Centro
RJ;3304128;Quatis;Industrial
RJ;3304128;Quatis;Jardim Independência
RJ;3304128;Quatis;Jardim Polastri
RJ;3304128;Quatis;Jardim Pollastri
RJ;3304128;Quatis;Mirandópolis
RJ;3304128;Quatis;Nossa Senhora do Rosário
RJ;3304128;Quatis;Pilotos
RJ;3304128;Quatis;Santa Bárbara
RJ;3304128;Quatis;Santo Antônio
RJ;3304128;Quatis;São Benedito
RJ;3304144;Queimados;
RJ;3304151;Quissamã;Alto Alegre
RJ;3304151;Quissamã;Areias
RJ;3304151;Quissamã;Balneário da Praia de João Francisco de Paula
RJ;3304151;Quissamã;Barra do Furado
RJ;3304151;Quissamã;Bosque da Ribeira
RJ;3304151;Quissamã;Canto da Saudade
RJ;3304151;Quissamã;Carmo
RJ;3304151;Quissamã;Caxias
RJ;3304151;Quissamã;Centro
RJ;3304151;Quissamã;Goiabal
RJ;3304151;Quissamã;Matias
RJ;3304151;Quissamã;Mato de Pipa
RJ;3304151;Quissamã;Palmeirinha
RJ;3304151;Quissamã;Penha
RJ;3304151;Quissamã;Piteiras
RJ;3304151;Quissamã;Recanto da Ribeira
RJ;3304151;Quissamã;Ribeira
RJ;3304151;Quissamã;Santa Catarina
RJ;3304151;Quissamã;Sítio Quissamã
RJ;3304151;Quissamã;Usina
RJ;3304151;Quissamã;Visgueiro
RJ;3304201;Resende;Aeroporto
RJ;3304201;Resende;Alambari
RJ;3304201;Resende;Alegria
RJ;3304201;Resende;Alegria II
RJ;3304201;Resende;Alto do Surubi
RJ;3304201;Resende;Alto dos Passos
RJ;3304201;Resende;Bairro Elite
RJ;3304201;Resende;Bairro Helite
RJ;3304201;Resende;Baixada da Itapuca
RJ;3304201;Resende;Barbosa Lima
RJ;3304201;Resende;Boa Vista
RJ;3304201;Resende;Boa Vista II
RJ;3304201;Resende;Cabral
RJ;3304201;Resende;Campos Elíseos
RJ;3304201;Resende;Casa da Lua
RJ;3304201;Resende;Castelo Branco
RJ;3304201;Resende;Centro
RJ;3304201;Resende;Cidade da Alegria
RJ;3304201;Resende;Comercial
RJ;3304201;Resende;Condomínio Horizontal Tácito
RJ;3304201;Resende;Condomínio Morada das Agulhas
RJ;3304201;Resende;Eucaliptal
RJ;3304201;Resende;Indústria IQR
RJ;3304201;Resende;Jardim Alegria
RJ;3304201;Resende;Jardim Beira Rio
RJ;3304201;Resende;Jardim Brasília
RJ;3304201;Resende;Jardim Brasília II
RJ;3304201;Resende;Jardim Tropical
RJ;3304201;Resende;Jorge Vas Curvo
RJ;3304201;Resende;Manejo
RJ;3304201;Resende;Mirante da Serra
RJ;3304201;Resende;Mirante das Agulhas
RJ;3304201;Resende;Montese
RJ;3304201;Resende;Montese II
RJ;3304201;Resende;Morada da Colina
RJ;3304201;Resende;Morada da Felicidade
RJ;3304201;Resende;Morada do Bosque
RJ;3304201;Resende;Morada do Castelo
RJ;3304201;Resende;Morro do Batista
RJ;3304201;Resende;Morro do Machado
RJ;3304201;Resende;Nova Alegria
RJ;3304201;Resende;Novo Surubi
RJ;3304201;Resende;Paraíso
RJ;3304201;Resende;Parque Exapicor
RJ;3304201;Resende;Parque Ipiranga I
RJ;3304201;Resende;Parque Ipiranga II
RJ;3304201;Resende;Parque Jalisco
RJ;3304201;Resende;Primavera
RJ;3304201;Resende;Retiro do Paraíso
RJ;3304201;Resende;São Caetano
RJ;3304201;Resende;Surubi
RJ;3304201;Resende;Toyota
RJ;3304201;Resende;Vicentina
RJ;3304201;Resende;Vila Adelaide
RJ;3304201;Resende;Vila Central
RJ;3304201;Resende;Vila Elizabeth
RJ;3304201;Resende;Vila Huda Rocha
RJ;3304201;Resende;Vila Isabel
RJ;3304201;Resende;Vila Itapuca
RJ;3304201;Resende;Vila Julieta
RJ;3304201;Resende;Vila Liberdade
RJ;3304201;Resende;Vila Moderna
RJ;3304201;Resende;Vila Nova Liberdade
RJ;3304201;Resende;Vila Santa Cecília
RJ;3304201;Resende;Vila Santa Isabel
RJ;3304201;Resende;Vila Santo Amaro
RJ;3304201;Resende;Vila Verde
RJ;3304300;Rio Bonito;
RJ;3304409;Rio Claro;
RJ;3304508;Rio das Flores;
RJ;3304524;Rio das Ostras;Bairro A
RJ;3304524;Rio das Ostras;Bairro B
RJ;3304524;Rio das Ostras;Bairro C
RJ;3304524;Rio das Ostras;Bairro D
RJ;3304524;Rio das Ostras;Bairro E
RJ;3304524;Rio das Ostras;Bairro F
RJ;3304524;Rio das Ostras;Bairro G
RJ;3304524;Rio das Ostras;Bairro H
RJ;3304524;Rio das Ostras;Bairro I
RJ;3304524;Rio das Ostras;Bairro J
RJ;3304524;Rio das Ostras;Bairro K
RJ;3304524;Rio das Ostras;Bairro L
RJ;3304524;Rio das Ostras;Bairro M
RJ;3304557;Rio de Janeiro;Abolição
RJ;3304557;Rio de Janeiro;Acari
RJ;3304557;Rio de Janeiro;Água Santa
RJ;3304557;Rio de Janeiro;Alto da Boa Vista
RJ;3304557;Rio de Janeiro;Anchieta
RJ;3304557;Rio de Janeiro;Andaraí
RJ;3304557;Rio de Janeiro;Anil
RJ;3304557;Rio de Janeiro;Bancários
RJ;3304557;Rio de Janeiro;Bangu
RJ;3304557;Rio de Janeiro;Barra da Tijuca
RJ;3304557;Rio de Janeiro;Barra de Guaratiba
RJ;3304557;Rio de Janeiro;Barros Filho
RJ;3304557;Rio de Janeiro;Benfica
RJ;3304557;Rio de Janeiro;Bento Ribeiro
RJ;3304557;Rio de Janeiro;Bonsucesso
RJ;3304557;Rio de Janeiro;Botafogo
RJ;3304557;Rio de Janeiro;Brás de Pina
RJ;3304557;Rio de Janeiro;Cachambi
RJ;3304557;Rio de Janeiro;Cacuia
RJ;3304557;Rio de Janeiro;Caju
RJ;3304557;Rio de Janeiro;Camorim
RJ;3304557;Rio de Janeiro;Campinho
RJ;3304557;Rio de Janeiro;Campo dos Afonsos
RJ;3304557;Rio de Janeiro;Campo Grande
RJ;3304557;Rio de Janeiro;Cascadura
RJ;3304557;Rio de Janeiro;Catete
RJ;3304557;Rio de Janeiro;Catumbi
RJ;3304557;Rio de Janeiro;Cavalcanti
RJ;3304557;Rio de Janeiro;Centro
RJ;3304557;Rio de Janeiro;Cidade de Deus
RJ;3304557;Rio de Janeiro;Cidade Nova
RJ;3304557;Rio de Janeiro;Cidade Universitária
RJ;3304557;Rio de Janeiro;Cocotá
RJ;3304557;Rio de Janeiro;Coelho Neto
RJ;3304557;Rio de Janeiro;Colégio
RJ;3304557;Rio de Janeiro;Complexo do Alemão
RJ;3304557;Rio de Janeiro;Copacabana
RJ;3304557;Rio de Janeiro;Cordovil
RJ;3304557;Rio de Janeiro;Cosme Velho
RJ;3304557;Rio de Janeiro;Cosmos
RJ;3304557;Rio de Janeiro;Costa Barros
RJ;3304557;Rio de Janeiro;Curicica
RJ;3304557;Rio de Janeiro;Del Castilho
RJ;3304557;Rio de Janeiro;Deodoro
RJ;3304557;Rio de Janeiro;Encantado
RJ;3304557;Rio de Janeiro;Engenheiro Leal
RJ;3304557;Rio de Janeiro;Engenho da Rainha
RJ;3304557;Rio de Janeiro;Engenho de Dentro
RJ;3304557;Rio de Janeiro;Engenho Novo
RJ;3304557;Rio de Janeiro;Estácio
RJ;3304557;Rio de Janeiro;Flamengo
RJ;3304557;Rio de Janeiro;Freguesia (Ilha do Governador)
RJ;3304557;Rio de Janeiro;Freguesia (Jacarepaguá)
RJ;3304557;Rio de Janeiro;Freguesia - Ilha do Governador
RJ;3304557;Rio de Janeiro;Freguesia - Jacarepaguá
RJ;3304557;Rio de Janeiro;Galeão
RJ;3304557;Rio de Janeiro;Gamboa
RJ;3304557;Rio de Janeiro;Gardênia Azul
RJ;3304557;Rio de Janeiro;Gávea
RJ;3304557;Rio de Janeiro;Gericinó
RJ;3304557;Rio de Janeiro;Glória
RJ;3304557;Rio de Janeiro;Grajaú
RJ;3304557;Rio de Janeiro;Grumari
RJ;3304557;Rio de Janeiro;Guadalupe
RJ;3304557;Rio de Janeiro;Guaratiba
RJ;3304557;Rio de Janeiro;Higienópolis
RJ;3304557;Rio de Janeiro;Honório Gurgel
RJ;3304557;Rio de Janeiro;Humaitá
RJ;3304557;Rio de Janeiro;Inhaúma
RJ;3304557;Rio de Janeiro;Inhoaíba
RJ;3304557;Rio de Janeiro;Ipanema
RJ;3304557;Rio de Janeiro;Irajá
RJ;3304557;Rio de Janeiro;Itanhangá
RJ;3304557;Rio de Janeiro;Jacaré
RJ;3304557;Rio de Janeiro;Jacarepaguá
RJ;3304557;Rio de Janeiro;Jacarezinho
RJ;3304557;Rio de Janeiro;Jardim América
RJ;3304557;Rio de Janeiro;Jardim Botânico
RJ;3304557;Rio de Janeiro;Jardim Carioca
RJ;3304557;Rio de Janeiro;Jardim Guanabara
RJ;3304557;Rio de Janeiro;Jardim Sulacap
RJ;3304557;Rio de Janeiro;Joá
RJ;3304557;Rio de Janeiro;Lagoa
RJ;3304557;Rio de Janeiro;Lapa
RJ;3304557;Rio de Janeiro;Laranjeiras
RJ;3304557;Rio de Janeiro;Leblon
RJ;3304557;Rio de Janeiro;Leme
RJ;3304557;Rio de Janeiro;Lins de Vasconcelos
RJ;3304557;Rio de Janeiro;Madureira
RJ;3304557;Rio de Janeiro;Magalhães Bastos
RJ;3304557;Rio de Janeiro;Mangueira
RJ;3304557;Rio de Janeiro;Manguinhos
RJ;3304557;Rio de Janeiro;Maracanã
RJ;3304557;Rio de Janeiro;Maré
RJ;3304557;Rio de Janeiro;Marechal Hermes
RJ;3304557;Rio de Janeiro;Maria da Graça
RJ;3304557;Rio de Janeiro;Méier
RJ;3304557;Rio de Janeiro;Moneró
RJ;3304557;Rio de Janeiro;Olaria
RJ;3304557;Rio de Janeiro;Oswaldo Cruz
RJ;3304557;Rio de Janeiro;Paciência
RJ;3304557;Rio de Janeiro;Padre Miguel
RJ;3304557;Rio de Janeiro;Paquetá
RJ;3304557;Rio de Janeiro;Parada de Lucas
RJ;3304557;Rio de Janeiro;Parque Anchieta
RJ;3304557;Rio de Janeiro;Parque Columbia
RJ;3304557;Rio de Janeiro;Parque Colúmbia
RJ;3304557;Rio de Janeiro;Pavuna
RJ;3304557;Rio de Janeiro;Pechincha
RJ;3304557;Rio de Janeiro;Pedra de Guaratiba
RJ;3304557;Rio de Janeiro;Penha
RJ;3304557;Rio de Janeiro;Penha Circular
RJ;3304557;Rio de Janeiro;Piedade
RJ;3304557;Rio de Janeiro;Pilares
RJ;3304557;Rio de Janeiro;Pitangueiras
RJ;3304557;Rio de Janeiro;Portuguesa
RJ;3304557;Rio de Janeiro;Praça da Bandeira
RJ;3304557;Rio de Janeiro;Praça Seca
RJ;3304557;Rio de Janeiro;Praia da Bandeira
RJ;3304557;Rio de Janeiro;Quintino Bocaiúva
RJ;3304557;Rio de Janeiro;Ramos
RJ;3304557;Rio de Janeiro;Realengo
RJ;3304557;Rio de Janeiro;Recreio dos Bandeirantes
RJ;3304557;Rio de Janeiro;Riachuelo
RJ;3304557;Rio de Janeiro;Ribeira
RJ;3304557;Rio de Janeiro;Ricardo de Albuquerque
RJ;3304557;Rio de Janeiro;Rio Comprido
RJ;3304557;Rio de Janeiro;Rocha
RJ;3304557;Rio de Janeiro;Rocha Miranda
RJ;3304557;Rio de Janeiro;Rocinha
RJ;3304557;Rio de Janeiro;Sampaio
RJ;3304557;Rio de Janeiro;Santa Cruz
RJ;3304557;Rio de Janeiro;Santa Teresa
RJ;3304557;Rio de Janeiro;Santíssimo
RJ;3304557;Rio de Janeiro;Santo Cristo
RJ;3304557;Rio de Janeiro;São Conrado
RJ;3304557;Rio de Janeiro;São Cristóvão
RJ;3304557;Rio de Janeiro;São Francisco Xavier
RJ;3304557;Rio de Janeiro;Saúde
RJ;3304557;Rio de Janeiro;Senador Camará
RJ;3304557;Rio de Janeiro;Senador Vasconcelos
RJ;3304557;Rio de Janeiro;Sepetiba
RJ;3304557;Rio de Janeiro;Tanque
RJ;3304557;Rio de Janeiro;Taquara
RJ;3304557;Rio de Janeiro;Tauá
RJ;3304557;Rio de Janeiro;Tijuca
RJ;3304557;Rio de Janeiro;Todos os Santos
RJ;3304557;Rio de Janeiro;Tomás Coelho
RJ;3304557;Rio de Janeiro;Turiaçu
RJ;3304557;Rio de Janeiro;Urca
RJ;3304557;Rio de Janeiro;Vargem Grande
RJ;3304557;Rio de Janeiro;Vargem Pequena
RJ;3304557;Rio de Janeiro;Vasco da Gama
RJ;3304557;Rio de Janeiro;Vaz Lobo
RJ;3304557;Rio de Janeiro;Vicente de Carvalho
RJ;3304557;Rio de Janeiro;Vidigal
RJ;3304557;Rio de Janeiro;Vigário Geral
RJ;3304557;Rio de Janeiro;Vila da Penha
RJ;3304557;Rio de Janeiro;Vila Isabel
RJ;3304557;Rio de Janeiro;Vila Kennedy
RJ;3304557;Rio de Janeiro;Vila Kosmos
RJ;3304557;Rio de Janeiro;Vila Militar
RJ;3304557;Rio de Janeiro;Vila Valqueire
RJ;3304557;Rio de Janeiro;Vista Alegre
RJ;3304557;Rio de Janeiro;Zumbi
RJ;3304607;Santa Maria Madalena;
RJ;3304706;Santo Antônio de Pádua;
RJ;3304805;São Fidélis;
RJ;3304755;São Francisco de Itabapoana;
RJ;3304904;São Gonçalo;Alcântara
RJ;3304904;São Gonçalo;Almerinda
RJ;3304904;São Gonçalo;Amendoeira
RJ;3304904;São Gonçalo;Anaia Grande
RJ;3304904;São Gonçalo;Anaia Pequeno
RJ;3304904;São Gonçalo;Antonina
RJ;3304904;São Gonçalo;Apolo III
RJ;3304904;São Gonçalo;Arrastão
RJ;3304904;São Gonçalo;Arsenal
RJ;3304904;São Gonçalo;Barracão
RJ;3304904;São Gonçalo;Barro Vermelho
RJ;3304904;São Gonçalo;Barro Vermelho I
RJ;3304904;São Gonçalo;Barro Vermelho II
RJ;3304904;São Gonçalo;Boa Vista
RJ;3304904;São Gonçalo;Boaçu
RJ;3304904;São Gonçalo;Bom Retiro
RJ;3304904;São Gonçalo;Brasilândia
RJ;3304904;São Gonçalo;Brasilândia I
RJ;3304904;São Gonçalo;Brasilândia II
RJ;3304904;São Gonçalo;Camarão
RJ;3304904;São Gonçalo;Centro
RJ;3304904;São Gonçalo;Coelho
RJ;3304904;São Gonçalo;Colubandê
RJ;3304904;São Gonçalo;Covanca
RJ;3304904;São Gonçalo;Covanca I
RJ;3304904;São Gonçalo;Covanca II
RJ;3304904;São Gonçalo;Cruzeiro do Sul
RJ;3304904;São Gonçalo;Eliane
RJ;3304904;São Gonçalo;Engenho do Roçado
RJ;3304904;São Gonçalo;Engenho Pequeno
RJ;3304904;São Gonçalo;Engenho Pequeno I
RJ;3304904;São Gonçalo;Engenho Pequeno II
RJ;3304904;São Gonçalo;Estrela do Norte
RJ;3304904;São Gonçalo;Fazenda dos Mineiros
RJ;3304904;São Gonçalo;Galo Branco
RJ;3304904;São Gonçalo;Gebara
RJ;3304904;São Gonçalo;Gradim
RJ;3304904;São Gonçalo;Guarani
RJ;3304904;São Gonçalo;Guaxindiba
RJ;3304904;São Gonçalo;Ieda
RJ;3304904;São Gonçalo;Ipiíba
RJ;3304904;São Gonçalo;Itaóca
RJ;3304904;São Gonçalo;Itaúna
RJ;3304904;São Gonçalo;Jardim Alcântara
RJ;3304904;São Gonçalo;Jardim Amendoeira
RJ;3304904;São Gonçalo;Jardim Catarina
RJ;3304904;São Gonçalo;Jardim Nova República
RJ;3304904;São Gonçalo;Jockey
RJ;3304904;São Gonçalo;Lagoinha
RJ;3304904;São Gonçalo;Lagoinha I
RJ;3304904;São Gonçalo;Lagoinha II
RJ;3304904;São Gonçalo;Laranjal
RJ;3304904;São Gonçalo;Largo da Ideia
RJ;3304904;São Gonçalo;Largo da Idéia I
RJ;3304904;São Gonçalo;Largo da Idéia II
RJ;3304904;São Gonçalo;Lindo Parque
RJ;3304904;São Gonçalo;Lindo Parque I
RJ;3304904;São Gonçalo;Lindo Parque II
RJ;3304904;São Gonçalo;Luiz Caçador
RJ;3304904;São Gonçalo;Mangueira
RJ;3304904;São Gonçalo;Marambaia
RJ;3304904;São Gonçalo;Maria Paula
RJ;3304904;São Gonçalo;Maria Paula I
RJ;3304904;São Gonçalo;Maria Paula II
RJ;3304904;São Gonçalo;Miriambi
RJ;3304904;São Gonçalo;Monjolo
RJ;3304904;São Gonçalo;Monjolos
RJ;3304904;São Gonçalo;Morro do Castro
RJ;3304904;São Gonçalo;Mutondo
RJ;3304904;São Gonçalo;Mutuá
RJ;3304904;São Gonçalo;Mutuaguaçu
RJ;3304904;São Gonçalo;Mutuapira
RJ;3304904;São Gonçalo;Neves
RJ;3304904;São Gonçalo;Neves I
RJ;3304904;São Gonçalo;Neves II
RJ;3304904;São Gonçalo;Nova Cidade
RJ;3304904;São Gonçalo;Novo México
RJ;3304904;São Gonçalo;Pacheco
RJ;3304904;São Gonçalo;Pacheco I
RJ;3304904;São Gonçalo;Pacheco II
RJ;3304904;São Gonçalo;Palmeiras
RJ;3304904;São Gonçalo;Parada Quarenta
RJ;3304904;São Gonçalo;Paraíso
RJ;3304904;São Gonçalo;Paraiso
RJ;3304904;São Gonçalo;Patronato
RJ;3304904;São Gonçalo;Pedro Alcântara
RJ;3304904;São Gonçalo;Pita
RJ;3304904;São Gonçalo;Pita I
RJ;3304904;São Gonçalo;Pita II
RJ;3304904;São Gonçalo;Porto da Madame
RJ;3304904;São Gonçalo;Porto da Pedra
RJ;3304904;São Gonçalo;Porto da Rosa
RJ;3304904;São Gonçalo;Porto Novo
RJ;3304904;São Gonçalo;Porto Velho
RJ;3304904;São Gonçalo;Raul Veiga
RJ;3304904;São Gonçalo;Raul Veiga I
RJ;3304904;São Gonçalo;Raul Veiga II
RJ;3304904;São Gonçalo;Recanto das Acácias
RJ;3304904;São Gonçalo;Rio do Ouro
RJ;3304904;São Gonçalo;Rocha
RJ;3304904;São Gonçalo;Rosane
RJ;3304904;São Gonçalo;Sacramento
RJ;3304904;São Gonçalo;Sacramento I
RJ;3304904;São Gonçalo;Sacramento II
RJ;3304904;São Gonçalo;Salgueiro
RJ;3304904;São Gonçalo;Santa Catarina
RJ;3304904;São Gonçalo;Santa Catarina II
RJ;3304904;São Gonçalo;Santa Isabel
RJ;3304904;São Gonçalo;Santa Luzia
RJ;3304904;São Gonçalo;São Miguel
RJ;3304904;São Gonçalo;Tenente Jardim
RJ;3304904;São Gonçalo;Tiradentes
RJ;3304904;São Gonçalo;Tribobó
RJ;3304904;São Gonçalo;Tribobó I
RJ;3304904;São Gonçalo;Tribobó II
RJ;3304904;São Gonçalo;Tribobó III
RJ;3304904;São Gonçalo;Trindade
RJ;3304904;São Gonçalo;Várzea das Moças
RJ;3304904;São Gonçalo;Venda da Cruz
RJ;3304904;São Gonçalo;Vila Candosa
RJ;3304904;São Gonçalo;Vila Lage
RJ;3304904;São Gonçalo;Vila Três
RJ;3304904;São Gonçalo;Vila Yara
RJ;3304904;São Gonçalo;Vista Alegre
RJ;3304904;São Gonçalo;Zé Garoto
RJ;3304904;São Gonçalo;Zé Garoto I
RJ;3304904;São Gonçalo;Zé Garoto II
RJ;3304904;São Gonçalo;Zumbi
RJ;3305000;São João da Barra;
RJ;3305109;São João de Meriti;Agostinho Porto
RJ;3305109;São João de Meriti;Centro
RJ;3305109;São João de Meriti;Coelho da Rocha
RJ;3305109;São João de Meriti;Éden
RJ;3305109;São João de Meriti;Eden
RJ;3305109;São João de Meriti;Engenheiro Belford
RJ;3305109;São João de Meriti;Jardim Meriti
RJ;3305109;São João de Meriti;Jardim Metrópole
RJ;3305109;São João de Meriti;Jardim Paraíso
RJ;3305109;São João de Meriti;Jardim Paraiso
RJ;3305109;São João de Meriti;Jardim Sumaré
RJ;3305109;São João de Meriti;Parque Araruama
RJ;3305109;São João de Meriti;São Matheus
RJ;3305109;São João de Meriti;Tomazinho
RJ;3305109;São João de Meriti;Venda Velha
RJ;3305109;São João de Meriti;Vila Rosali
RJ;3305109;São João de Meriti;Vila Tiradentes
RJ;3305109;São João de Meriti;Vilar dos Teles
RJ;3305133;São José de Ubá;
RJ;3305158;São José do Vale do Rio Preto;
RJ;3305208;São Pedro da Aldeia;Alecrim
RJ;3305208;São Pedro da Aldeia;Baixo Grande
RJ;3305208;São Pedro da Aldeia;Baleia
RJ;3305208;São Pedro da Aldeia;Balneário das Conchas
RJ;3305208;São Pedro da Aldeia;Balneário São Pedro
RJ;3305208;São Pedro da Aldeia;Balneário São Pedro 2
RJ;3305208;São Pedro da Aldeia;Base AeroNaval
RJ;3305208;São Pedro da Aldeia;Bela Vista
RJ;3305208;São Pedro da Aldeia;Boa Vista
RJ;3305208;São Pedro da Aldeia;Boqueirão
RJ;3305208;São Pedro da Aldeia;Campo Redondo
RJ;3305208;São Pedro da Aldeia;Centro
RJ;3305208;São Pedro da Aldeia;Colina
RJ;3305208;São Pedro da Aldeia;Estação
RJ;3305208;São Pedro da Aldeia;Flexeiras
RJ;3305208;São Pedro da Aldeia;Fluminense
RJ;3305208;São Pedro da Aldeia;Jardim Arco-Íris
RJ;3305208;São Pedro da Aldeia;Jardim das Acácias
RJ;3305208;São Pedro da Aldeia;Jardim Morada da Aldeia
RJ;3305208;São Pedro da Aldeia;Jardim Primavera
RJ;3305208;São Pedro da Aldeia;Jardim Soledade
RJ;3305208;São Pedro da Aldeia;Morro do Milagre
RJ;3305208;São Pedro da Aldeia;Nova São Pedro
RJ;3305208;São Pedro da Aldeia;Parque Arruda
RJ;3305208;São Pedro da Aldeia;Parque dos Meninos
RJ;3305208;São Pedro da Aldeia;Parque Estoril
RJ;3305208;São Pedro da Aldeia;Pinheiros
RJ;3305208;São Pedro da Aldeia;Poço Fundo
RJ;3305208;São Pedro da Aldeia;Ponta do Ambrósio
RJ;3305208;São Pedro da Aldeia;Porto da Aldeia
RJ;3305208;São Pedro da Aldeia;Porto do Carro
RJ;3305208;São Pedro da Aldeia;Praia do Sudoeste
RJ;3305208;São Pedro da Aldeia;Praia Linda
RJ;3305208;São Pedro da Aldeia;Recanto das Orquídeas
RJ;3305208;São Pedro da Aldeia;Recanto do Sol
RJ;3305208;São Pedro da Aldeia;Rua do Fogo
RJ;3305208;São Pedro da Aldeia;Santo Antônio
RJ;3305208;São Pedro da Aldeia;São João
RJ;3305208;São Pedro da Aldeia;São José
RJ;3305208;São Pedro da Aldeia;Vinhateiro
RJ;3305307;São Sebastião do Alto;
RJ;3305406;Sapucaia;
RJ;3305505;Saquarema;Água Branca
RJ;3305505;Saquarema;Alvorada
RJ;3305505;Saquarema;Areal
RJ;3305505;Saquarema;Asfalto Velho
RJ;3305505;Saquarema;Aterrado
RJ;3305505;Saquarema;Bacaxá
RJ;3305505;Saquarema;Barra Nova
RJ;3305505;Saquarema;Barreira
RJ;3305505;Saquarema;Basilea
RJ;3305505;Saquarema;Bicuíba
RJ;3305505;Saquarema;Bonsucesso
RJ;3305505;Saquarema;Boqueirão
RJ;3305505;Saquarema;Caixa D'Água
RJ;3305505;Saquarema;Centro
RJ;3305505;Saquarema;Comum
RJ;3305505;Saquarema;Condado de Bacaxá
RJ;3305505;Saquarema;Coqueiral
RJ;3305505;Saquarema;de Fátima
RJ;3305505;Saquarema;Engenho Grande
RJ;3305505;Saquarema;Gravatá
RJ;3305505;Saquarema;Guarani
RJ;3305505;Saquarema;Ipitangas
RJ;3305505;Saquarema;Itaúna
RJ;3305505;Saquarema;Itauna
RJ;3305505;Saquarema;Jaconé
RJ;3305505;Saquarema;Jardim
RJ;3305505;Saquarema;Leigos
RJ;3305505;Saquarema;Madressilva
RJ;3305505;Saquarema;Mombaça
RJ;3305505;Saquarema;Morro dos Pregos
RJ;3305505;Saquarema;Parque Marina
RJ;3305505;Saquarema;Porto da Roça I
RJ;3305505;Saquarema;Porto da Roça II
RJ;3305505;Saquarema;Porto Novo
RJ;3305505;Saquarema;Raia
RJ;3305505;Saquarema;Retiro
RJ;3305505;Saquarema;Rio da Areia
RJ;3305505;Saquarema;Rio Seco
RJ;3305505;Saquarema;Sampaio Correia
RJ;3305505;Saquarema;São Geraldo
RJ;3305505;Saquarema;Serra de Mato Grosso
RJ;3305505;Saquarema;Tingui
RJ;3305505;Saquarema;Verde Vale
RJ;3305505;Saquarema;Vilatur
RJ;3305554;Seropédica;
RJ;3305604;Silva Jardim;
RJ;3305703;Sumidouro;
RJ;3305752;Tanguá;Ampliação
RJ;3305752;Tanguá;Bandeirantes
RJ;3305752;Tanguá;Centro
RJ;3305752;Tanguá;Duques
RJ;3305752;Tanguá;Mangueiras
RJ;3305752;Tanguá;Mangueirinha
RJ;3305752;Tanguá;Minério
RJ;3305752;Tanguá;Núcleo Urbano de Posse dos Coutinhos
RJ;3305752;Tanguá;Pinhão
RJ;3305752;Tanguá;Vila Cortes
RJ;3305802;Teresópolis;Agriões
RJ;3305802;Teresópolis;Albuquerque
RJ;3305802;Teresópolis;Alto
RJ;3305802;Teresópolis;Araras
RJ;3305802;Teresópolis;Artistas
RJ;3305802;Teresópolis;Barra do Imbuí
RJ;3305802;Teresópolis;Barroso
RJ;3305802;Teresópolis;Bom Retiro
RJ;3305802;Teresópolis;Caleme
RJ;3305802;Teresópolis;Carlos Guinle
RJ;3305802;Teresópolis;Cascata do Imbuí
RJ;3305802;Teresópolis;Cascata dos Amores
RJ;3305802;Teresópolis;Cascata Guarani
RJ;3305802;Teresópolis;Caxangá
RJ;3305802;Teresópolis;Corta Vento
RJ;3305802;Teresópolis;Ermitage
RJ;3305802;Teresópolis;Fazendinha
RJ;3305802;Teresópolis;Ficher
RJ;3305802;Teresópolis;Fischer
RJ;3305802;Teresópolis;Fonte Santa
RJ;3305802;Teresópolis;Golfe
RJ;3305802;Teresópolis;Granja Florestal
RJ;3305802;Teresópolis;Granja Guarani
RJ;3305802;Teresópolis;Iucas
RJ;3305802;Teresópolis;Jardim Cascata
RJ;3305802;Teresópolis;Jardim Europa
RJ;3305802;Teresópolis;Jardim Meudon
RJ;3305802;Teresópolis;Jardim Salaco
RJ;3305802;Teresópolis;Meudom
RJ;3305802;Teresópolis;Meudon
RJ;3305802;Teresópolis;Morro dos Pinheiros
RJ;3305802;Teresópolis;Nossa Senhora de Fátima
RJ;3305802;Teresópolis;Paineiras
RJ;3305802;Teresópolis;Panorama
RJ;3305802;Teresópolis;Parque do Imbuí
RJ;3305802;Teresópolis;Parque do Ingá
RJ;3305802;Teresópolis;Parque São Luiz
RJ;3305802;Teresópolis;Pimenteiras
RJ;3305802;Teresópolis;Posse
RJ;3305802;Teresópolis;Prata
RJ;3305802;Teresópolis;Quebra Frascos
RJ;3305802;Teresópolis;Quinta da Barra
RJ;3305802;Teresópolis;Quinta Lebrão
RJ;3305802;Teresópolis;Santa Cecília
RJ;3305802;Teresópolis;São Pedro
RJ;3305802;Teresópolis;Soberbo
RJ;3305802;Teresópolis;Taumaturgo
RJ;3305802;Teresópolis;Tijuca
RJ;3305802;Teresópolis;Vale do Paraíso
RJ;3305802;Teresópolis;Várzea
RJ;3305802;Teresópolis;Vila Muqui
RJ;3305901;Trajano de Moraes;
RJ;3306008;Três Rios;
RJ;3306107;Valença;Água Fria
RJ;3306107;Valença;Alicácio
RJ;3306107;Valença;Antônio Lopes
RJ;3306107;Valença;Aparecida
RJ;3306107;Valença;Bairro da Vila
RJ;3306107;Valença;Bairro de Fátima
RJ;3306107;Valença;Barroso
RJ;3306107;Valença;Bastos
RJ;3306107;Valença;Belo Horizonte
RJ;3306107;Valença;Benfica
RJ;3306107;Valença;Benfica - Conservatória
RJ;3306107;Valença;Biquinha
RJ;3306107;Valença;Brasil Novo
RJ;3306107;Valença;Cambota
RJ;3306107;Valença;Canteiro
RJ;3306107;Valença;Carambita
RJ;3306107;Valença;Centro
RJ;3306107;Valença;Centro de Barão de Juparanã
RJ;3306107;Valença;Centro de Conservatória
RJ;3306107;Valença;Centro de Parapeúna
RJ;3306107;Valença;Centro de Pentagna
RJ;3306107;Valença;Centro de Santa Isabel do Rio Preto
RJ;3306107;Valença;Chácara
RJ;3306107;Valença;Chacrinha
RJ;3306107;Valença;Chica Cobra
RJ;3306107;Valença;Cruzeiro
RJ;3306107;Valença;Distrito Industrial ZIJUP
RJ;3306107;Valença;Duque de Caxias
RJ;3306107;Valença;Esplanada do Cruzeiro
RJ;3306107;Valença;Esteves
RJ;3306107;Valença;Hildebrando Lopes
RJ;3306107;Valença;Jardim Dona Angelina
RJ;3306107;Valença;Jardim Nossa Senhora Lourdes
RJ;3306107;Valença;Jardim Seresta
RJ;3306107;Valença;Jardim Valença
RJ;3306107;Valença;João Bonito
RJ;3306107;Valença;João Dias
RJ;3306107;Valença;Laranjeiras
RJ;3306107;Valença;Leca
RJ;3306107;Valença;Monte Belo
RJ;3306107;Valença;Monte D'Ouro
RJ;3306107;Valença;Morada do Sol
RJ;3306107;Valença;Nossa Senhora da Conceição
RJ;3306107;Valença;Novo Horizonte
RJ;3306107;Valença;Osório
RJ;3306107;Valença;Paraíso
RJ;3306107;Valença;Parque da Água Fria
RJ;3306107;Valença;Parque Pentagna
RJ;3306107;Valença;Passagem
RJ;3306107;Valença;Pedro Carlos
RJ;3306107;Valença;Ponte Funda
RJ;3306107;Valença;Pontilhão do Retiro
RJ;3306107;Valença;Quirino
RJ;3306107;Valença;Raia
RJ;3306107;Valença;Rancho Novo
RJ;3306107;Valença;Ribeirão do Ubá
RJ;3306107;Valença;Sabão
RJ;3306107;Valença;Santa Cruz
RJ;3306107;Valença;Santa Inácia
RJ;3306107;Valença;Santa Terezinha
RJ;3306107;Valença;São Bento
RJ;3306107;Valença;São Cristóvão
RJ;3306107;Valença;São Francisco
RJ;3306107;Valença;São Jorge
RJ;3306107;Valença;São José das Palmeiras
RJ;3306107;Valença;São Miguel
RJ;3306107;Valença;São Sebastião
RJ;3306107;Valença;Saudade
RJ;3306107;Valença;Serra da Glória
RJ;3306107;Valença;Spalla
RJ;3306107;Valença;Terceira Turma
RJ;3306107;Valença;Torres Homem
RJ;3306107;Valença;Vale Verde
RJ;3306107;Valença;Varginha
RJ;3306107;Valença;Vila Ivete
RJ;3306107;Valença;Vila Progresso
RJ;3306156;Varre-Sai;
RJ;3306206;Vassouras;
RJ;3306305;Volta Redonda;249
RJ;3306305;Volta Redonda;Açude
RJ;3306305;Volta Redonda;Aero Clube
RJ;3306305;Volta Redonda;Água Limpa
RJ;3306305;Volta Redonda;Aterrado
RJ;3306305;Volta Redonda;Barreira Cravo
RJ;3306305;Volta Redonda;Bela Vista
RJ;3306305;Volta Redonda;Belmonte
RJ;3306305;Volta Redonda;Belo Horizonte
RJ;3306305;Volta Redonda;Brasilândia
RJ;3306305;Volta Redonda;Candelária
RJ;3306305;Volta Redonda;Casa de Pedra
RJ;3306305;Volta Redonda;Conforto
RJ;3306305;Volta Redonda;Dom Bosco
RJ;3306305;Volta Redonda;Duzentos e Quarenta e Nove
RJ;3306305;Volta Redonda;Eucaliptal
RJ;3306305;Volta Redonda;Fazendinha
RJ;3306305;Volta Redonda;Jardim Amália
RJ;3306305;Volta Redonda;Jardim Belmonte
RJ;3306305;Volta Redonda;Jardim Belvedere
RJ;3306305;Volta Redonda;Jardim Europa
RJ;3306305;Volta Redonda;Jardim Padre Jósimo Tavares
RJ;3306305;Volta Redonda;Jardim Padre Josimo Tavares
RJ;3306305;Volta Redonda;Jardim Paraíba
RJ;3306305;Volta Redonda;Jardim Suiça
RJ;3306305;Volta Redonda;Jardim Suíça
RJ;3306305;Volta Redonda;Laranjal
RJ;3306305;Volta Redonda;Minerlândia
RJ;3306305;Volta Redonda;Monte Castelo
RJ;3306305;Volta Redonda;N. S. das Graças
RJ;3306305;Volta Redonda;Niterói
RJ;3306305;Volta Redonda;Nova Primavera
RJ;3306305;Volta Redonda;Pinto da Serra
RJ;3306305;Volta Redonda;Ponte Alta
RJ;3306305;Volta Redonda;Retiro
RJ;3306305;Volta Redonda;Rio das Flores
RJ;3306305;Volta Redonda;Roma
RJ;3306305;Volta Redonda;Rústico
RJ;3306305;Volta Redonda;Santa Cruz
RJ;3306305;Volta Redonda;Santa Cruz II
RJ;3306305;Volta Redonda;Santa Inês
RJ;3306305;Volta Redonda;Santa Rita do Zarur
RJ;3306305;Volta Redonda;Santo Agostinho
RJ;3306305;Volta Redonda;São Cristóvão
RJ;3306305;Volta Redonda;São Geraldo
RJ;3306305;Volta Redonda;São João
RJ;3306305;Volta Redonda;São João Batista
RJ;3306305;Volta Redonda;São Lucas
RJ;3306305;Volta Redonda;São Luís
RJ;3306305;Volta Redonda;São Sebastião
RJ;3306305;Volta Redonda;Sessenta
RJ;3306305;Volta Redonda;Siderlândia
RJ;3306305;Volta Redonda;Siderópolis
RJ;3306305;Volta Redonda;Três Poços
RJ;3306305;Volta Redonda;Verde Vale
RJ;3306305;Volta Redonda;Vila Americana
RJ;3306305;Volta Redonda;Vila Brasília
RJ;3306305;Volta Redonda;Vila Mury
RJ;3306305;Volta Redonda;Vila Rica
RJ;3306305;Volta Redonda;Vila Santa Cecília
RJ;3306305;Volta Redonda;Voldac
RN;2400109;Acari;Central
RN;2400109;Acari;Luiz Gonzaga Bezerra
RN;2400109;Acari;Major Ari de Pinho
RN;2400109;Acari;Padre José Dantas Cortez
RN;2400109;Acari;Petrópolis
RN;2400109;Acari;Senador Dinarte de Medeiros Mariz
RN;2400109;Acari;Vereador Tarcisio Bezerra Galvão
RN;2400307;Afonso Bezerra;
RN;2400406;Água Nova;
RN;2400505;Alexandria;
RN;2400604;Almino Afonso;
RN;2400703;Alto do Rodrigues;
RN;2400802;Angicos;
RN;2400901;Antônio Martins;
RN;2401008;Apodi;
RN;2401107;Areia Branca;
RN;2401206;Arez;
RN;2400208;Assú;
RN;2401404;Baía Formosa;
RN;2401453;Baraúna;
RN;2401503;Barcelona;
RN;2401602;Bento Fernandes;
RN;2401651;Bodó;
RN;2401701;Bom Jesus;
RN;2401800;Brejinho;
RN;2401859;Caiçara do Norte;
RN;2401909;Caiçara do Rio do Vento;
RN;2402006;Caicó;
RN;2401305;Campo Grande;
RN;2402105;Campo Redondo;
RN;2402204;Canguaretama;
RN;2402303;Caraúbas;
RN;2402402;Carnaúba dos Dantas;Centro
RN;2402402;Carnaúba dos Dantas;Dom José Adelino Dantas
RN;2402402;Carnaúba dos Dantas;Santa Rita de Cássia
RN;2402402;Carnaúba dos Dantas;São José
RN;2402501;Carnaubais;Centro
RN;2402501;Carnaubais;Pacheco
RN;2402501;Carnaubais;Valdemar Campielo Maresco
RN;2402600;Ceará-Mirim;
RN;2402709;Cerro Corá;
RN;2402808;Coronel Ezequiel;
RN;2402907;Coronel João Pessoa;
RN;2403004;Cruzeta;Alto do Remédio
RN;2403004;Cruzeta;Centro
RN;2403004;Cruzeta;Novo Horizonte
RN;2403004;Cruzeta;Santo Antônio
RN;2403103;Currais Novos;Coronel Manoel Salustino
RN;2403103;Currais Novos;Doutor José Bezerra
RN;2403103;Currais Novos;JK
RN;2403103;Currais Novos;José Dantas de Araújo
RN;2403103;Currais Novos;Manoel Tomaz de Araújo
RN;2403103;Currais Novos;Paizinho Maria
RN;2403103;Currais Novos;Parque Dourado
RN;2403103;Currais Novos;Professor Gilberto da Cunha Pinheiro
RN;2403103;Currais Novos;Radir Pereira
RN;2403103;Currais Novos;Santa Maria Gorete
RN;2403103;Currais Novos;Sílvio Bezerra
RN;2403103;Currais Novos;Valfredo Galvão
RN;2403202;Doutor Severiano;
RN;2403301;Encanto;
RN;2403400;Equador;Alto da Bela Vista
RN;2403400;Equador;Alto do Juazeiro
RN;2403400;Equador;Centro
RN;2403400;Equador;Dinarte Mariz
RN;2403400;Equador;Prefeito Jose Marcelino de Oliveira
RN;2403509;Espírito Santo;
RN;2403608;Extremoz;
RN;2403707;Felipe Guerra;
RN;2403756;Fernando Pedroza;
RN;2403806;Florânia;
RN;2403905;Francisco Dantas;
RN;2404002;Frutuoso Gomes;
RN;2404101;Galinhos;
RN;2404200;Goianinha;
RN;2404309;Governador Dix-Sept Rosado;Campestre
RN;2404309;Governador Dix-Sept Rosado;Cigana
RN;2404309;Governador Dix-Sept Rosado;Dix-Sept Rosado
RN;2404309;Governador Dix-Sept Rosado;Porfírio Marques
RN;2404309;Governador Dix-Sept Rosado;Santa Catarina
RN;2404408;Grossos;
RN;2404507;Guamaré;
RN;2404606;Ielmo Marinho;
RN;2404705;Ipanguaçu;
RN;2404804;Ipueira;
RN;2404853;Itajá;Antônio Jota
RN;2404853;Itajá;Barro Vermelho
RN;2404853;Itajá;Centro
RN;2404853;Itajá;Iguaraçu
RN;2404853;Itajá;João Leopoldo Lopes
RN;2404853;Itajá;Luiz Inácio
RN;2404853;Itajá;São Manoel
RN;2404903;Itaú;
RN;2405009;Jaçanã;
RN;2405108;Jandaíra;
RN;2405207;Janduís;Centro
RN;2405207;Janduís;Doutor Onézimo Maia
RN;2405207;Janduís;Doze de Julho
RN;2405207;Janduís;São Bento
RN;2405306;Januário Cicco;
RN;2405405;Japi;
RN;2405504;Jardim de Angicos;
RN;2405603;Jardim de Piranhas;Centro
RN;2405603;Jardim de Piranhas;Emboca
RN;2405603;Jardim de Piranhas;Floresta
RN;2405603;Jardim de Piranhas;Novo Jardim
RN;2405603;Jardim de Piranhas;Santa Cecilia
RN;2405603;Jardim de Piranhas;Santa Maria
RN;2405603;Jardim de Piranhas;Santo Amaro
RN;2405603;Jardim de Piranhas;Sao Jose
RN;2405603;Jardim de Piranhas;Sao José
RN;2405603;Jardim de Piranhas;Vila do Rio
RN;2405702;Jardim do Seridó;
RN;2405801;João Câmara;
RN;2405900;João Dias;
RN;2406007;José da Penha;
RN;2406106;Jucurutu;
RN;2406155;Jundiá;
RN;2406205;Lagoa d'Anta;
RN;2406304;Lagoa de Pedras;
RN;2406403;Lagoa de Velhos;
RN;2406502;Lagoa Nova;Antônio Aciole da Silva
RN;2406502;Lagoa Nova;Bernardino de Sena
RN;2406502;Lagoa Nova;Centro
RN;2406502;Lagoa Nova;Clavinote
RN;2406502;Lagoa Nova;Jesus Menino
RN;2406601;Lagoa Salgada;
RN;2406700;Lajes;
RN;2406809;Lajes Pintadas;
RN;2406908;Lucrécia;
RN;2407005;Luís Gomes;
RN;2407104;Macaíba;
RN;2407203;Macau;
RN;2407252;Major Sales;
RN;2407302;Marcelino Vieira;
RN;2407401;Martins;
RN;2407500;Maxaranguape;
RN;2407609;Messias Targino;
RN;2407708;Montanhas;
RN;2407807;Monte Alegre;
RN;2407906;Monte das Gameleiras;
RN;2408003;Mossoró;Abolição
RN;2408003;Mossoró;Aeroporto
RN;2408003;Mossoró;Alagados
RN;2408003;Mossoró;Alto da Conceição
RN;2408003;Mossoró;Alto de São Manoel
RN;2408003;Mossoró;Alto do Sumaré
RN;2408003;Mossoró;Barrocas
RN;2408003;Mossoró;Belo Horizonte
RN;2408003;Mossoró;Boa Vista
RN;2408003;Mossoró;Bom Jardim
RN;2408003;Mossoró;Bom Jesus
RN;2408003;Mossoró;Centro
RN;2408003;Mossoró;Dix Sept Rosado
RN;2408003;Mossoró;Dix-Sept Rosado
RN;2408003;Mossoró;Dom Jaime Câmara
RN;2408003;Mossoró;Doze Anos
RN;2408003;Mossoró;Ilha de Santa Luzia
RN;2408003;Mossoró;Itapetinga
RN;2408003;Mossoró;Lagoa do Mato
RN;2408003;Mossoró;Nova Betânia
RN;2408003;Mossoró;Paredões
RN;2408003;Mossoró;Pintos
RN;2408003;Mossoró;Planalto Treze de Maio
RN;2408003;Mossoró;Presidente Costa e Silva
RN;2408003;Mossoró;Redenção
RN;2408003;Mossoró;Rincão
RN;2408003;Mossoró;Santa Delmira
RN;2408003;Mossoró;Santo Antônio
RN;2408102;Natal;Alecrim
RN;2408102;Natal;Areia Preta
RN;2408102;Natal;Barro Vermelho
RN;2408102;Natal;Bom Pastor
RN;2408102;Natal;Candelária
RN;2408102;Natal;Capim Macio
RN;2408102;Natal;Cidade Alta
RN;2408102;Natal;Cidade da Esperança
RN;2408102;Natal;Cidade Nova
RN;2408102;Natal;Dix-Sept Rosado
RN;2408102;Natal;Filipe Camarão
RN;2408102;Natal;Guarapés
RN;2408102;Natal;Igapó
RN;2408102;Natal;Lagoa Azul
RN;2408102;Natal;Lagoa Nova
RN;2408102;Natal;Lagoa Seca
RN;2408102;Natal;Mãe Luíza
RN;2408102;Natal;Neópolis
RN;2408102;Natal;Nordeste
RN;2408102;Natal;Nossa Senhora da Apresentação
RN;2408102;Natal;Nossa Senhora de Nazaré
RN;2408102;Natal;Nova Descoberta
RN;2408102;Natal;Pajuçara
RN;2408102;Natal;Petrópolis
RN;2408102;Natal;Pitimbú
RN;2408102;Natal;Planalto
RN;2408102;Natal;Ponta Negra
RN;2408102;Natal;Potengi
RN;2408102;Natal;Praia do Meio
RN;2408102;Natal;Quintas
RN;2408102;Natal;Redinha
RN;2408102;Natal;Ribeira
RN;2408102;Natal;Rocas
RN;2408102;Natal;Salinas
RN;2408102;Natal;Santos Reis
RN;2408102;Natal;Tirol
RN;2408201;Nísia Floresta;
RN;2408300;Nova Cruz;
RN;2408409;Olho d'Água do Borges;
RN;2408508;Ouro Branco;
RN;2408607;Paraná;
RN;2408706;Paraú;
RN;2408805;Parazinho;
RN;2408904;Parelhas;Boqueirão
RN;2408904;Parelhas;Centro
RN;2408904;Parelhas;Cruz do Monte
RN;2408904;Parelhas;Dinarte Mariz
RN;2408904;Parelhas;Ivan Bezerra
RN;2408904;Parelhas;Maria Terceira
RN;2408904;Parelhas;São Sebastião
RN;2403251;Parnamirim;Bela Parnamirim
RN;2403251;Parnamirim;Boa Esperança
RN;2403251;Parnamirim;Cajupiranga
RN;2403251;Parnamirim;Centro
RN;2403251;Parnamirim;Cohabinal
RN;2403251;Parnamirim;Emaús
RN;2403251;Parnamirim;Encanto Verde
RN;2403251;Parnamirim;Jardim Planalto
RN;2403251;Parnamirim;Liberdade
RN;2403251;Parnamirim;Monte Castelo
RN;2403251;Parnamirim;Nova Esperança
RN;2403251;Parnamirim;Nova Parnamirim
RN;2403251;Parnamirim;Parque das Árvores
RN;2403251;Parnamirim;Parque das Nações
RN;2403251;Parnamirim;Parque de Exposições
RN;2403251;Parnamirim;Parque do Jiqui
RN;2403251;Parnamirim;Passagem de Areia
RN;2403251;Parnamirim;Rosa dos Ventos
RN;2403251;Parnamirim;Santa Tereza
RN;2403251;Parnamirim;Santos Reis
RN;2403251;Parnamirim;Vale do Sol
RN;2403251;Parnamirim;Vida Nova
RN;2409100;Passa e Fica;
RN;2409209;Passagem;
RN;2409308;Patu;
RN;2409407;Pau dos Ferros;
RN;2409506;Pedra Grande;
RN;2409605;Pedra Preta;
RN;2409704;Pedro Avelino;
RN;2409803;Pedro Velho;
RN;2409902;Pendências;
RN;2410009;Pilões;
RN;2410108;Poço Branco;
RN;2410207;Portalegre;
RN;2410256;Porto do Mangue;
RN;2410405;Pureza;
RN;2410504;Rafael Fernandes;
RN;2410603;Rafael Godeiro;
RN;2410702;Riacho da Cruz;
RN;2410801;Riacho de Santana;Centro
RN;2410801;Riacho de Santana;Esperança
RN;2410801;Riacho de Santana;Esperanca
RN;2410801;Riacho de Santana;Novo Horizonte
RN;2410801;Riacho de Santana;Renascer
RN;2410801;Riacho de Santana;Sao Goncalo
RN;2410801;Riacho de Santana;Sao Gonçalo
RN;2410801;Riacho de Santana;Sao Joao Batista
RN;2410801;Riacho de Santana;Sao João Batista
RN;2410900;Riachuelo;
RN;2408953;Rio do Fogo;
RN;2411007;Rodolfo Fernandes;
RN;2411106;Ruy Barbosa;
RN;2411205;Santa Cruz;
RN;2409332;Santa Maria;
RN;2411403;Santana do Matos;
RN;2411429;Santana do Seridó;
RN;2411502;Santo Antônio;
RN;2411601;São Bento do Norte;
RN;2411700;São Bento do Trairí;
RN;2411809;São Fernando;
RN;2411908;São Francisco do Oeste;
RN;2412005;São Gonçalo do Amarante;Amarante
RN;2412005;São Gonçalo do Amarante;Centro
RN;2412005;São Gonçalo do Amarante;Goladim
RN;2412005;São Gonçalo do Amarante;Guajiru
RN;2412005;São Gonçalo do Amarante;Jardim Lola
RN;2412005;São Gonçalo do Amarante;Jardins
RN;2412005;São Gonçalo do Amarante;Maçaranduba
RN;2412005;São Gonçalo do Amarante;Novo Amarante
RN;2412005;São Gonçalo do Amarante;Olho D'Água
RN;2412005;São Gonçalo do Amarante;Regomoleiro
RN;2412005;São Gonçalo do Amarante;Santa Terezinha
RN;2412005;São Gonçalo do Amarante;Santo Antônio do Potengi
RN;2412104;São João do Sabugi;
RN;2412203;São José de Mipibu;
RN;2412302;São José do Campestre;
RN;2412401;São José do Seridó;Beira Rio
RN;2412401;São José do Seridó;Centro
RN;2412401;São José do Seridó;Liberdade
RN;2412401;São José do Seridó;Nova Bonita
RN;2412500;São Miguel;
RN;2412559;São Miguel do Gostoso;
RN;2412609;São Paulo do Potengi;
RN;2412708;São Pedro;
RN;2412807;São Rafael;
RN;2412906;São Tomé;
RN;2413003;São Vicente;
RN;2413102;Senador Elói de Souza;
RN;2413201;Senador Georgino Avelino;
RN;2410306;Serra Caiada;
RN;2413300;Serra de São Bento;
RN;2413359;Serra do Mel;
RN;2413409;Serra Negra do Norte;Ambrozina
RN;2413409;Serra Negra do Norte;Arécio Batista
RN;2413409;Serra Negra do Norte;Centro
RN;2413409;Serra Negra do Norte;Derosse Mariz
RN;2413409;Serra Negra do Norte;Helvécio Praxedes
RN;2413409;Serra Negra do Norte;Liberdade
RN;2413508;Serrinha;
RN;2413557;Serrinha dos Pintos;
RN;2413607;Severiano Melo;
RN;2413706;Sítio Novo;
RN;2413805;Taboleiro Grande;
RN;2413904;Taipu;
RN;2414001;Tangará;
RN;2414100;Tenente Ananias;
RN;2414159;Tenente Laurentino Cruz;
RN;2411056;Tibau;
RN;2414209;Tibau do Sul;
RN;2414308;Timbaúba dos Batistas;
RN;2414407;Touros;
RN;2414456;Triunfo Potiguar;
RN;2414506;Umarizal;
RN;2414605;Upanema;
RN;2414704;Várzea;
RN;2414753;Venha-Ver;
RN;2414803;Vera Cruz;
RN;2414902;Viçosa;
RN;2415008;Vila Flor;
RO;1100015;Alta Floresta D'Oeste;Centro
RO;1100015;Alta Floresta D'Oeste;Cidade Alta
RO;1100015;Alta Floresta D'Oeste;Liberdade
RO;1100015;Alta Floresta D'Oeste;Princesa Isabel
RO;1100015;Alta Floresta D'Oeste;Redondo
RO;1100015;Alta Floresta D'Oeste;Santa Felicidade
RO;1100015;Alta Floresta D'Oeste;Tucanos
RO;1100379;Alto Alegre dos Parecis;
RO;1100403;Alto Paraíso;
RO;1100346;Alvorada D'Oeste;
RO;1100023;Ariquemes;Alto Jamari
RO;1100023;Ariquemes;Apoio da Br-421
RO;1100023;Ariquemes;Apoio Social
RO;1100023;Ariquemes;Área Especial 02
RO;1100023;Ariquemes;Áreas Especiais 01
RO;1100023;Ariquemes;Bela Vista
RO;1100023;Ariquemes;Bom Jesus
RO;1100023;Ariquemes;Colonial
RO;1100023;Ariquemes;Coqueiral
RO;1100023;Ariquemes;Entre Rios
RO;1100023;Ariquemes;Flores
RO;1100023;Ariquemes;Gerson Neco
RO;1100023;Ariquemes;Industrial Jamari
RO;1100023;Ariquemes;Jamari
RO;1100023;Ariquemes;Jardim América
RO;1100023;Ariquemes;Jardim das Flores
RO;1100023;Ariquemes;Jardim das Palmeiras
RO;1100023;Ariquemes;Jardim do Vale
RO;1100023;Ariquemes;Jardim Europa
RO;1100023;Ariquemes;Jardim Monte Alegre
RO;1100023;Ariquemes;Jardim Paulista
RO;1100023;Ariquemes;Jardim Primavera
RO;1100023;Ariquemes;Jorge Teixeira
RO;1100023;Ariquemes;Marechal Rondon
RO;1100023;Ariquemes;Marechal Rondon 02
RO;1100023;Ariquemes;Monte Cristo
RO;1100023;Ariquemes;Nova Londrina
RO;1100023;Ariquemes;Nova União I
RO;1100023;Ariquemes;Nova União III
RO;1100023;Ariquemes;Parque das Gemas
RO;1100023;Ariquemes;Pedras
RO;1100023;Ariquemes;Raio de Luz
RO;1100023;Ariquemes;Residencial Alvorada
RO;1100023;Ariquemes;Residencial Eldorado
RO;1100023;Ariquemes;Rota do Sol
RO;1100023;Ariquemes;São Geraldo
RO;1100023;Ariquemes;São Geraldo II
RO;1100023;Ariquemes;São Luiz
RO;1100023;Ariquemes;Setor 02
RO;1100023;Ariquemes;Setor 03
RO;1100023;Ariquemes;Setor 04
RO;1100023;Ariquemes;Setor 10
RO;1100023;Ariquemes;Setor Apoio Rodoviário
RO;1100023;Ariquemes;Sol Nascente
RO;1100023;Ariquemes;Trevo
RO;1100023;Ariquemes;Vida Nova
RO;1100452;Buritis;
RO;1100031;Cabixi;
RO;1100601;Cacaulândia;
RO;1100049;Cacoal;Alpha Parque
RO;1100049;Cacoal;Alphaville
RO;1100049;Cacoal;Centro
RO;1100049;Cacoal;Colina Verde
RO;1100049;Cacoal;Conjunto Habitacional Nova Esperança
RO;1100049;Cacoal;Conjunto Haley
RO;1100049;Cacoal;Conjunto Halley
RO;1100049;Cacoal;Cristal do Arco-Íris
RO;1100049;Cacoal;Eldorado
RO;1100049;Cacoal;Embratel
RO;1100049;Cacoal;Floresta
RO;1100049;Cacoal;Habitar Brasil
RO;1100049;Cacoal;Incra
RO;1100049;Cacoal;INCRA
RO;1100049;Cacoal;Industrial
RO;1100049;Cacoal;Jardim Bandeirantes
RO;1100049;Cacoal;Jardim Clodoaldo
RO;1100049;Cacoal;Jardim Europa
RO;1100049;Cacoal;Jardim Itália
RO;1100049;Cacoal;Jardim São Pedro
RO;1100049;Cacoal;Jardim Vista Alegre
RO;1100049;Cacoal;Josino Brito
RO;1100049;Cacoal;Liberdade
RO;1100049;Cacoal;Morada do Bosque
RO;1100049;Cacoal;Novo Cacoal
RO;1100049;Cacoal;Novo Horizonte
RO;1100049;Cacoal;Parque Alvorada
RO;1100049;Cacoal;Parque dos Lagos
RO;1100049;Cacoal;Parque Industrial Governador Jerônimo Santana
RO;1100049;Cacoal;Princesa Isabel
RO;1100049;Cacoal;Residencial Parque Brizon
RO;1100049;Cacoal;Santo Antônio
RO;1100049;Cacoal;Saúde
RO;1100049;Cacoal;Sete de Setembro
RO;1100049;Cacoal;Sociedade Bela Vista
RO;1100049;Cacoal;Teixeirão
RO;1100049;Cacoal;Vila Verde
RO;1100049;Cacoal;Vilage do Sol
RO;1100700;Campo Novo de Rondônia;
RO;1100809;Candeias do Jamari;Flores
RO;1100809;Candeias do Jamari;Novo Horizonte
RO;1100809;Candeias do Jamari;Palheiral
RO;1100809;Candeias do Jamari;Santa Izabel
RO;1100809;Candeias do Jamari;Satélite
RO;1100809;Candeias do Jamari;União
RO;1100908;Castanheiras;
RO;1100056;Cerejeiras;Alvorada
RO;1100056;Cerejeiras;Centro
RO;1100056;Cerejeiras;Eldorado
RO;1100056;Cerejeiras;Floresta
RO;1100056;Cerejeiras;Jardim São Paulo
RO;1100056;Cerejeiras;José de Anchieta
RO;1100056;Cerejeiras;Liberdade
RO;1100056;Cerejeiras;Maranata
RO;1100056;Cerejeiras;Primavera
RO;1100924;Chupinguaia;
RO;1100064;Colorado do Oeste;Boa Esperança
RO;1100064;Colorado do Oeste;Centro
RO;1100064;Colorado do Oeste;Cruzeiro
RO;1100064;Colorado do Oeste;Industrial
RO;1100064;Colorado do Oeste;Jo Sato
RO;1100064;Colorado do Oeste;Jorge Teixeira
RO;1100064;Colorado do Oeste;Mato Grosso
RO;1100064;Colorado do Oeste;Minas Gerais
RO;1100064;Colorado do Oeste;Odilon Noia
RO;1100064;Colorado do Oeste;Santa Luzia
RO;1100064;Colorado do Oeste;São José
RO;1100072;Corumbiara;
RO;1100080;Costa Marques;
RO;1100940;Cujubim;
RO;1100098;Espigão D'Oeste;Bela Vista
RO;1100098;Espigão D'Oeste;Caixa D'água
RO;1100098;Espigão D'Oeste;Centro
RO;1100098;Espigão D'Oeste;Cidade Alta
RO;1100098;Espigão D'Oeste;Jorge Teixeira de Oliveira
RO;1100098;Espigão D'Oeste;Liberdade
RO;1100098;Espigão D'Oeste;Morada do Sol
RO;1100098;Espigão D'Oeste;Novo Horizonte
RO;1100098;Espigão D'Oeste;Pioneiros
RO;1100098;Espigão D'Oeste;São José
RO;1100098;Espigão D'Oeste;Vista Alegre
RO;1101005;Governador Jorge Teixeira;Centro
RO;1101005;Governador Jorge Teixeira;Francisco Anatalino Ferreira
RO;1101005;Governador Jorge Teixeira;Liberdade
RO;1101005;Governador Jorge Teixeira;Santa Rita de Cássia
RO;1100106;Guajará-Mirim;Caetano
RO;1100106;Guajará-Mirim;Centro
RO;1100106;Guajará-Mirim;Cristo Rey
RO;1100106;Guajará-Mirim;Dez de Abril
RO;1100106;Guajará-Mirim;Fátima
RO;1100106;Guajará-Mirim;Jardim das Esmeraldas
RO;1100106;Guajará-Mirim;Liberdade
RO;1100106;Guajará-Mirim;Nossa Senhora Aparecida
RO;1100106;Guajará-Mirim;Próspero
RO;1100106;Guajará-Mirim;Santa Luzia
RO;1100106;Guajará-Mirim;Santo Antônio
RO;1100106;Guajará-Mirim;São José
RO;1100106;Guajará-Mirim;Serraria
RO;1100106;Guajará-Mirim;Tamandaré
RO;1100106;Guajará-Mirim;Triângulo
RO;1101104;Itapuã do Oeste;
RO;1100114;Jaru;Bela Vista
RO;1100122;Ji-Paraná;Açaí
RO;1100122;Ji-Paraná;Alto Alegre
RO;1100122;Ji-Paraná;Araçá
RO;1100122;Ji-Paraná;Bosque dos Ipês
RO;1100122;Ji-Paraná;Cafezinho
RO;1100122;Ji-Paraná;Capelasso
RO;1100122;Ji-Paraná;Casa Preta
RO;1100122;Ji-Paraná;Centro
RO;1100122;Ji-Paraná;Colina Park
RO;1100122;Ji-Paraná;Colina Park II
RO;1100122;Ji-Paraná;Conj. Mário Andreazza
RO;1100122;Ji-Paraná;Coronel Jorge T. de Oliveira
RO;1100122;Ji-Paraná;Dois de Abril
RO;1100122;Ji-Paraná;Dom Bosco
RO;1100122;Ji-Paraná;Duque de Caxias
RO;1100122;Ji-Paraná;Jardim das Seringueiras
RO;1100122;Ji-Paraná;Jardim dos Migrantes
RO;1100122;Ji-Paraná;Jardim Flórida
RO;1100122;Ji-Paraná;Jardim Presidencial
RO;1100122;Ji-Paraná;JK
RO;1100122;Ji-Paraná;Jotão
RO;1100122;Ji-Paraná;Milão
RO;1100122;Ji-Paraná;Nossa Senhora de Fátima
RO;1100122;Ji-Paraná;Nova Brasília
RO;1100122;Ji-Paraná;Novo Horizonte
RO;1100122;Ji-Paraná;Orleans Ji-Paraná I
RO;1100122;Ji-Paraná;Orleans Ji-Paraná II
RO;1100122;Ji-Paraná;Park Amazonas
RO;1100122;Ji-Paraná;Parque São Pedro
RO;1100122;Ji-Paraná;Primavera
RO;1100122;Ji-Paraná;Residencial Carneiro
RO;1100122;Ji-Paraná;Riachuelo
RO;1100122;Ji-Paraná;Rondon
RO;1100122;Ji-Paraná;Santiago
RO;1100122;Ji-Paraná;São Bernardo
RO;1100122;Ji-Paraná;São Francisco
RO;1100122;Ji-Paraná;São Pedro
RO;1100122;Ji-Paraná;Terra Nova
RO;1100122;Ji-Paraná;União
RO;1100122;Ji-Paraná;União II
RO;1100122;Ji-Paraná;Urupá
RO;1100122;Ji-Paraná;Valparaíso
RO;1100130;Machadinho D'Oeste;Aliança
RO;1100130;Machadinho D'Oeste;Belo Vista
RO;1100130;Machadinho D'Oeste;Bom Futuro
RO;1100130;Machadinho D'Oeste;Centro
RO;1100130;Machadinho D'Oeste;Cruzeiro Do Sul
RO;1100130;Machadinho D'Oeste;Etevaldo de Aguiar Pires
RO;1100130;Machadinho D'Oeste;Jatuarana
RO;1100130;Machadinho D'Oeste;Jeronimo Santana
RO;1100130;Machadinho D'Oeste;José Carlos de Souza Freitas
RO;1100130;Machadinho D'Oeste;Judith Holder
RO;1100130;Machadinho D'Oeste;Nações
RO;1100130;Machadinho D'Oeste;Novo Horizonte
RO;1100130;Machadinho D'Oeste;Ouro Verde
RO;1100130;Machadinho D'Oeste;Pastor Milton Pereira Circunscrição
RO;1100130;Machadinho D'Oeste;Porto Feliz
RO;1100130;Machadinho D'Oeste;Primavera
RO;1100130;Machadinho D'Oeste;São Pedro
RO;1100130;Machadinho D'Oeste;Shangrila
RO;1100130;Machadinho D'Oeste;Sol Nascente
RO;1100130;Machadinho D'Oeste;União
RO;1100130;Machadinho D'Oeste;Vera Cruz
RO;1101203;Ministro Andreazza;
RO;1101302;Mirante da Serra;
RO;1101401;Monte Negro;
RO;1100148;Nova Brasilândia D'Oeste;
RO;1100338;Nova Mamoré;Ambrósio Setor Industrial
RO;1100338;Nova Mamoré;Centro
RO;1100338;Nova Mamoré;Chacareiro
RO;1100338;Nova Mamoré;Cidade Nova
RO;1100338;Nova Mamoré;João Clímaco
RO;1100338;Nova Mamoré;Nossa Senhora de Fátima
RO;1100338;Nova Mamoré;Nova Redenção
RO;1100338;Nova Mamoré;Novo Horizonte
RO;1100338;Nova Mamoré;Planalto
RO;1100338;Nova Mamoré;Santa Luzia
RO;1100338;Nova Mamoré;São José
RO;1100338;Nova Mamoré;Setor Hortifrutigranjeiro
RO;1101435;Nova União;
RO;1100502;Novo Horizonte do Oeste;
RO;1100155;Ouro Preto do Oeste;Alvorada
RO;1100155;Ouro Preto do Oeste;Bela Floresta
RO;1100155;Ouro Preto do Oeste;Da Liberdade
RO;1100155;Ouro Preto do Oeste;da Liberdade
RO;1100155;Ouro Preto do Oeste;Do Incra
RO;1100155;Ouro Preto do Oeste;do Incra
RO;1100155;Ouro Preto do Oeste;Industrial
RO;1100155;Ouro Preto do Oeste;Jardim Aeroporto
RO;1100155;Ouro Preto do Oeste;Jardim Bandeirante
RO;1100155;Ouro Preto do Oeste;Jardim Novo Estado
RO;1100155;Ouro Preto do Oeste;Jardim Novo Horizonte
RO;1100155;Ouro Preto do Oeste;Jardim Tropical
RO;1100155;Ouro Preto do Oeste;Nova Ouro Preto
RO;1100155;Ouro Preto do Oeste;União
RO;1101450;Parecis;
RO;1100189;Pimenta Bueno;Alvorada
RO;1100189;Pimenta Bueno;Apediá
RO;1100189;Pimenta Bueno;B.N.H.
RO;1100189;Pimenta Bueno;Beira Rio
RO;1100189;Pimenta Bueno;C.T.G.
RO;1100189;Pimenta Bueno;Jardim Das Oliveiras
RO;1100189;Pimenta Bueno;Mutirão
RO;1100189;Pimenta Bueno;Nova Pimenta Bueno
RO;1100189;Pimenta Bueno;Pioneiros
RO;1100189;Pimenta Bueno;Seringal
RO;1100189;Pimenta Bueno;Vila Nova
RO;1101468;Pimenteiras do Oeste;
RO;1100205;Porto Velho;Aeroclube
RO;1100205;Porto Velho;Agenor M. de Carvalho
RO;1100205;Porto Velho;Agricolândia
RO;1100205;Porto Velho;Aponiã
RO;1100205;Porto Velho;Areal
RO;1100205;Porto Velho;Areia Branca
RO;1100205;Porto Velho;Arigolândia
RO;1100205;Porto Velho;Baixa União
RO;1100205;Porto Velho;Caiari
RO;1100205;Porto Velho;Caladinho
RO;1100205;Porto Velho;Cascalheira
RO;1100205;Porto Velho;Castanheira
RO;1100205;Porto Velho;Centro
RO;1100205;Porto Velho;Cidade do Lobo
RO;1100205;Porto Velho;Cidade Nova
RO;1100205;Porto Velho;Cohab
RO;1100205;Porto Velho;Conceição
RO;1100205;Porto Velho;Costa e Silva
RO;1100205;Porto Velho;Cuniã
RO;1100205;Porto Velho;Eldorado
RO;1100205;Porto Velho;Eletronorte
RO;1100205;Porto Velho;Embratel
RO;1100205;Porto Velho;Escola de Polícia
RO;1100205;Porto Velho;Flodoaldo Pontes Pinto
RO;1100205;Porto Velho;Floresta
RO;1100205;Porto Velho;Igarapé
RO;1100205;Porto Velho;Industrial
RO;1100205;Porto Velho;Juscelino Kubitschek
RO;1100205;Porto Velho;Lagoa
RO;1100205;Porto Velho;Lagoinha
RO;1100205;Porto Velho;Liberdade
RO;1100205;Porto Velho;Mato Grosso
RO;1100205;Porto Velho;Militar
RO;1100205;Porto Velho;Mocambo
RO;1100205;Porto Velho;Nacional
RO;1100205;Porto Velho;Nossa Senhora das Graças
RO;1100205;Porto Velho;Nova Esperança
RO;1100205;Porto Velho;Nova Floresta
RO;1100205;Porto Velho;Nova Porto Velho
RO;1100205;Porto Velho;Novo Horizonte
RO;1100205;Porto Velho;Olaria
RO;1100205;Porto Velho;Panair
RO;1100205;Porto Velho;Pedrinhas
RO;1100205;Porto Velho;Planalto
RO;1100205;Porto Velho;Quilômetro Um
RO;1100205;Porto Velho;Rio Madeira
RO;1100205;Porto Velho;Roque
RO;1100205;Porto Velho;Santa Bárbara
RO;1100205;Porto Velho;São Cristóvão
RO;1100205;Porto Velho;São João Bosco
RO;1100205;Porto Velho;São Sebastião
RO;1100205;Porto Velho;Tancredo Neves
RO;1100205;Porto Velho;Teixeirão
RO;1100205;Porto Velho;Tiradentes
RO;1100205;Porto Velho;Três Marias
RO;1100205;Porto Velho;Triângulo
RO;1100205;Porto Velho;Tucumanzal
RO;1100205;Porto Velho;Tupi
RO;1100254;Presidente Médici;Armando Negrizoli
RO;1100254;Presidente Médici;Cunha e Silva
RO;1100254;Presidente Médici;Ernandes Gonçalves
RO;1100254;Presidente Médici;Lino Teixeira
RO;1101476;Primavera de Rondônia;
RO;1100262;Rio Crespo;
RO;1100288;Rolim de Moura;Bairro Industrial
RO;1100288;Rolim de Moura;Beira Rio
RO;1100288;Rolim de Moura;Boa Esperança
RO;1100288;Rolim de Moura;Bom Jardim
RO;1100288;Rolim de Moura;Centenário
RO;1100288;Rolim de Moura;Centro
RO;1100288;Rolim de Moura;Cidade Alta
RO;1100288;Rolim de Moura;Cohab
RO;1100288;Rolim de Moura;Jardim Tropical
RO;1100288;Rolim de Moura;Mutirão
RO;1100288;Rolim de Moura;Nova Morada
RO;1100288;Rolim de Moura;Olímpico
RO;1100288;Rolim de Moura;Planalto
RO;1100288;Rolim de Moura;São Cristóvão
RO;1100296;Santa Luzia D'Oeste;Boa Esperança
RO;1100296;Santa Luzia D'Oeste;Bosque
RO;1100296;Santa Luzia D'Oeste;Figueira
RO;1100296;Santa Luzia D'Oeste;Floresta
RO;1100296;Santa Luzia D'Oeste;Jardim Das Oliveiras
RO;1100296;Santa Luzia D'Oeste;Olarias
RO;1100296;Santa Luzia D'Oeste;Saúde
RO;1101484;São Felipe D'Oeste;
RO;1101492;São Francisco do Guaporé;
RO;1100320;São Miguel do Guaporé;Centro
RO;1100320;São Miguel do Guaporé;Cristo Rei
RO;1100320;São Miguel do Guaporé;Filadélfia
RO;1100320;São Miguel do Guaporé;Nova Canaã
RO;1100320;São Miguel do Guaporé;Novo Oriente
RO;1100320;São Miguel do Guaporé;Planalto
RO;1101500;Seringueiras;Bela Vista
RO;1101500;Seringueiras;Centro
RO;1101500;Seringueiras;Cidade Alta
RO;1101500;Seringueiras;Cristo Rei
RO;1101500;Seringueiras;Jardim das Américas
RO;1101500;Seringueiras;São José
RO;1101559;Teixeirópolis;
RO;1101609;Theobroma;
RO;1101708;Urupá;Alto Alegre
RO;1101708;Urupá;Centro
RO;1101708;Urupá;Novo Horizonte
RO;1101708;Urupá;Santíssima Trindade
RO;1101708;Urupá;Sumaúma
RO;1101757;Vale do Anari;
RO;1101807;Vale do Paraíso;
RO;1100304;Vilhena;Alto Alegre
RO;1100304;Vilhena;Bodanese
RO;1100304;Vilhena;Cristo Rei
RO;1100304;Vilhena;Jardim América
RO;1100304;Vilhena;Jardim Eldorado
RO;1100304;Vilhena;Jardim Primavera
RO;1100304;Vilhena;Marcos Freire
RO;1100304;Vilhena;Nova Esperança
RO;1100304;Vilhena;Parque Industrial Novo Tempo
RO;1100304;Vilhena;Parque São Paulo
RO;1100304;Vilhena;Residencial Jardim das Oliveiras
RO;1100304;Vilhena;Tancredo Neves
RR;1400050;Alto Alegre;
RR;1400027;Amajari;
RR;1400100;Boa Vista;5 de Outubro
RR;1400100;Boa Vista;Aeroporto
RR;1400100;Boa Vista;Alvorada
RR;1400100;Boa Vista;Aparecida
RR;1400100;Boa Vista;Asa Branca
RR;1400100;Boa Vista;Bela Vista
RR;1400100;Boa Vista;Buritis
RR;1400100;Boa Vista;Caçari
RR;1400100;Boa Vista;Caimbé
RR;1400100;Boa Vista;Calunga
RR;1400100;Boa Vista;Cambará
RR;1400100;Boa Vista;Canarinho
RR;1400100;Boa Vista;Caranã
RR;1400100;Boa Vista;Cauamé
RR;1400100;Boa Vista;Centenário
RR;1400100;Boa Vista;Centro
RR;1400100;Boa Vista;Cidade Satélite
RR;1400100;Boa Vista;Cinturão Verde
RR;1400100;Boa Vista;dos Estados
RR;1400100;Boa Vista;Dos Estados
RR;1400100;Boa Vista;Doutor Airton Rocha
RR;1400100;Boa Vista;Dr. Silvio Botelho
RR;1400100;Boa Vista;Dr. Silvio Leite
RR;1400100;Boa Vista;Governador Aquilino Mota Duarte
RR;1400100;Boa Vista;Jardim Caranã
RR;1400100;Boa Vista;Jardim Equatorial
RR;1400100;Boa Vista;Jardim Floresta
RR;1400100;Boa Vista;Jardim Primavera
RR;1400100;Boa Vista;Jardim Tropical
RR;1400100;Boa Vista;Jóquei Clube
RR;1400100;Boa Vista;Laura Moreira
RR;1400100;Boa Vista;Liberdade
RR;1400100;Boa Vista;Marechal Rondon
RR;1400100;Boa Vista;Mecejana
RR;1400100;Boa Vista;Murilo Teixeira Cidade
RR;1400100;Boa Vista;Nova Canaã
RR;1400100;Boa Vista;Nova Cidade
RR;1400100;Boa Vista;Olímpico
RR;1400100;Boa Vista;Operário
RR;1400100;Boa Vista;Paraviana
RR;1400100;Boa Vista;Pintolândia
RR;1400100;Boa Vista;Piscicultura
RR;1400100;Boa Vista;Pricumã
RR;1400100;Boa Vista;Professora Araceli Souto Maior
RR;1400100;Boa Vista;Raiar do Sol
RR;1400100;Boa Vista;Santa Luzia
RR;1400100;Boa Vista;Santa Tereza
RR;1400100;Boa Vista;São Bento
RR;1400100;Boa Vista;São Francisco
RR;1400100;Boa Vista;São Pedro
RR;1400100;Boa Vista;São Vicente
RR;1400100;Boa Vista;Senador Hélio Campos
RR;1400100;Boa Vista;Tancredo Neves
RR;1400100;Boa Vista;Treze de Setembro
RR;1400100;Boa Vista;Trinta e um de Março
RR;1400100;Boa Vista;União
RR;1400159;Bonfim;
RR;1400175;Cantá;
RR;1400209;Caracaraí;
RR;1400233;Caroebe;
RR;1400282;Iracema;
RR;1400308;Mucajaí;
RR;1400407;Normandia;
RR;1400456;Pacaraima;
RR;1400472;Rorainópolis;
RR;1400506;São João da Baliza;
RR;1400605;São Luiz do Anauá;
RR;1400704;Uiramutã;
RS;4300034;Aceguá;Bela Vista
RS;4300034;Aceguá;Dom Timóteo
RS;4300034;Aceguá;Jardim da Serra
RS;4300059;Água Santa;
RS;4300109;Agudo;
RS;4300208;Ajuricaba;
RS;4300307;Alecrim;
RS;4300406;Alegrete;Alberto Grande
RS;4300406;Alegrete;Anita Garibaldi
RS;4300406;Alegrete;Assunção
RS;4300406;Alegrete;Atlântida
RS;4300406;Alegrete;Balneário Caverá
RS;4300406;Alegrete;Boa Vista
RS;4300406;Alegrete;Canjiqueira
RS;4300406;Alegrete;Canudos
RS;4300406;Alegrete;Capão do Angico
RS;4300406;Alegrete;Centenário
RS;4300406;Alegrete;Coronel Ênio Gouveia dos Santos
RS;4300406;Alegrete;da Lagoa
RS;4300406;Alegrete;Da Lagoa
RS;4300406;Alegrete;Doutor Romário Araújo de Oliveira
RS;4300406;Alegrete;Emílio Zuñeda
RS;4300406;Alegrete;Favila
RS;4300406;Alegrete;Fênix
RS;4300406;Alegrete;Fronteira Oeste
RS;4300406;Alegrete;Gamino
RS;4300406;Alegrete;Getúlio Vargas
RS;4300406;Alegrete;Grande
RS;4300406;Alegrete;Honório Lemos
RS;4300406;Alegrete;Ibirapuitã
RS;4300406;Alegrete;Independência
RS;4300406;Alegrete;Inês
RS;4300406;Alegrete;Izabel
RS;4300406;Alegrete;Jardim Planalto
RS;4300406;Alegrete;Joaquim Fonseca Milano
RS;4300406;Alegrete;José de Abreu
RS;4300406;Alegrete;Kennedy
RS;4300406;Alegrete;Lara
RS;4300406;Alegrete;Liberdade
RS;4300406;Alegrete;Macedo
RS;4300406;Alegrete;Medianeira
RS;4300406;Alegrete;Militar
RS;4300406;Alegrete;Nossa Senhora da Conceição Aparecida
RS;4300406;Alegrete;Nova Brasília
RS;4300406;Alegrete;Novo Lar
RS;4300406;Alegrete;Olhos d'Água de Natal
RS;4300406;Alegrete;Oswaldo Aranha
RS;4300406;Alegrete;Palma
RS;4300406;Alegrete;Pedreiras
RS;4300406;Alegrete;Piola
RS;4300406;Alegrete;Porto dos Aguateiros
RS;4300406;Alegrete;Prado
RS;4300406;Alegrete;Progresso
RS;4300406;Alegrete;Projetado
RS;4300406;Alegrete;Promorar
RS;4300406;Alegrete;Renascer
RS;4300406;Alegrete;Residencial Saint Pastous
RS;4300406;Alegrete;Residencial Saint Pautous
RS;4300406;Alegrete;Restinga
RS;4300406;Alegrete;Rui Ramos
RS;4300406;Alegrete;Santo Antônio
RS;4300406;Alegrete;Santos Dumont
RS;4300406;Alegrete;São João
RS;4300406;Alegrete;Saudade
RS;4300406;Alegrete;Sepé Tiarajú
RS;4300406;Alegrete;Tancredo Neves
RS;4300406;Alegrete;Ulisses Guimarães
RS;4300406;Alegrete;Vera Cruz
RS;4300406;Alegrete;Vila Nova
RS;4300455;Alegria;
RS;4300471;Almirante Tamandaré do Sul;Esperança
RS;4300505;Alpestre;
RS;4300554;Alto Alegre;
RS;4300570;Alto Feliz;
RS;4300604;Alvorada;
RS;4300638;Amaral Ferrador;
RS;4300646;Ametista do Sul;
RS;4300661;André da Rocha;
RS;4300703;Anta Gorda;
RS;4300802;Antônio Prado;Aparecida
RS;4300802;Antônio Prado;Centro
RS;4300802;Antônio Prado;Cidade Alta
RS;4300802;Antônio Prado;Colina do Prado
RS;4300802;Antônio Prado;Fátima
RS;4300802;Antônio Prado;Imigrante
RS;4300802;Antônio Prado;Paese Novo
RS;4300802;Antônio Prado;Panorâmico
RS;4300802;Antônio Prado;Planalto
RS;4300851;Arambaré;Caramuru
RS;4300877;Araricá;Azaléia
RS;4300877;Araricá;Campo da Brazina
RS;4300877;Araricá;Centro
RS;4300877;Araricá;da Canoa
RS;4300877;Araricá;da Estação
RS;4300877;Araricá;da Integração
RS;4300877;Araricá;Emancipação
RS;4300877;Araricá;Imperatriz
RS;4300901;Aratiba;
RS;4301008;Arroio do Meio;Aimoré
RS;4301008;Arroio do Meio;Barra do Forqueta
RS;4301008;Arroio do Meio;Bela Vista
RS;4301008;Arroio do Meio;Centro
RS;4301008;Arroio do Meio;Dom Pedro II
RS;4301008;Arroio do Meio;Dona Rita
RS;4301008;Arroio do Meio;Medianeira
RS;4301008;Arroio do Meio;Navegantes
RS;4301008;Arroio do Meio;Novo Horizonte
RS;4301008;Arroio do Meio;Rui Barbosa
RS;4301008;Arroio do Meio;São Caetano
RS;4301008;Arroio do Meio;São José
RS;4301073;Arroio do Padre;Benjamin Constant
RS;4301073;Arroio do Padre;Brasil para Cristo
RS;4301073;Arroio do Padre;Centro
RS;4301073;Arroio do Padre;Cerrito
RS;4301073;Arroio do Padre;Leitzke
RS;4301073;Arroio do Padre;Progresso
RS;4301057;Arroio do Sal;
RS;4301206;Arroio do Tigre;Bela Vista
RS;4301206;Arroio do Tigre;Centro
RS;4301206;Arroio do Tigre;Felicidade
RS;4301206;Arroio do Tigre;Getúlio Vargas
RS;4301206;Arroio do Tigre;Harmonia
RS;4301206;Arroio do Tigre;Industrial
RS;4301206;Arroio do Tigre;Limberger
RS;4301206;Arroio do Tigre;Mohr
RS;4301206;Arroio do Tigre;Rutzen
RS;4301206;Arroio do Tigre;Santa Fé
RS;4301206;Arroio do Tigre;São Francisco
RS;4301107;Arroio dos Ratos;Alto da Bela Vista
RS;4301107;Arroio dos Ratos;Atafona
RS;4301107;Arroio dos Ratos;Centro
RS;4301107;Arroio dos Ratos;Collovini
RS;4301107;Arroio dos Ratos;dos Estados
RS;4301107;Arroio dos Ratos;Dos Estados
RS;4301107;Arroio dos Ratos;Liberal
RS;4301107;Arroio dos Ratos;Nossa Senhora Aparecida
RS;4301107;Arroio dos Ratos;Poço Três
RS;4301107;Arroio dos Ratos;Princesa Isabel
RS;4301107;Arroio dos Ratos;Santa Bárbara
RS;4301107;Arroio dos Ratos;Vila Doze
RS;4301107;Arroio dos Ratos;Vila Ferraz
RS;4301107;Arroio dos Ratos;Vila Garcia
RS;4301107;Arroio dos Ratos;Vila Pinho
RS;4301305;Arroio Grande;
RS;4301404;Arvorezinha;
RS;4301503;Augusto Pestana;Esperança
RS;4301552;Áurea;
RS;4301602;Bagé;
RS;4301636;Balneário Pinhal;
RS;4301651;Barão;Mirante do Lago
RS;4301651;Barão;Operário
RS;4301651;Barão;São Luiz
RS;4301701;Barão de Cotegipe;
RS;4301750;Barão do Triunfo;
RS;4301859;Barra do Guarita;
RS;4301875;Barra do Quaraí;
RS;4301909;Barra do Ribeiro;Centro
RS;4301909;Barra do Ribeiro;Cidade Baixa
RS;4301909;Barra do Ribeiro;Mate Doce
RS;4301909;Barra do Ribeiro;Pavão
RS;4301909;Barra do Ribeiro;Picada
RS;4301909;Barra do Ribeiro;Quatorze de Julho
RS;4301909;Barra do Ribeiro;Tangará
RS;4301909;Barra do Ribeiro;Três Vendas
RS;4301925;Barra do Rio Azul;
RS;4301958;Barra Funda;Aparecida
RS;4301958;Barra Funda;do Pingo
RS;4301958;Barra Funda;Navegantes
RS;4301958;Barra Funda;Primeiro de Maio
RS;4301800;Barracão;Operário
RS;4301800;Barracão;São Valentim
RS;4301800;Barracão;Uruguai
RS;4301800;Barracão;Vila Nova
RS;4302006;Barros Cassal;
RS;4302055;Benjamin Constant do Sul;
RS;4302105;Bento Gonçalves;Aparecida
RS;4302105;Bento Gonçalves;Barracão
RS;4302105;Bento Gonçalves;Borgo
RS;4302105;Bento Gonçalves;Botafogo
RS;4302105;Bento Gonçalves;Caminhos da Eulália
RS;4302105;Bento Gonçalves;Centro
RS;4302105;Bento Gonçalves;Cidade Alta
RS;4302105;Bento Gonçalves;Cohab
RS;4302105;Bento Gonçalves;Conceição
RS;4302105;Bento Gonçalves;Cruzeiro
RS;4302105;Bento Gonçalves;Eucaliptos
RS;4302105;Bento Gonçalves;Fátima
RS;4302105;Bento Gonçalves;Fenavinho
RS;4302105;Bento Gonçalves;Humaitá
RS;4302105;Bento Gonçalves;Imigrante
RS;4302105;Bento Gonçalves;Industrial
RS;4302105;Bento Gonçalves;Jardim Glória
RS;4302105;Bento Gonçalves;Juventude da Enologia
RS;4302105;Bento Gonçalves;Licorsul
RS;4302105;Bento Gonçalves;Maria Goretti
RS;4302105;Bento Gonçalves;Merlot
RS;4302105;Bento Gonçalves;Municipal
RS;4302105;Bento Gonçalves;Nossa Senhora do Carmo
RS;4302105;Bento Gonçalves;Ouro Verde
RS;4302105;Bento Gonçalves;Planalto
RS;4302105;Bento Gonçalves;Pomarosa
RS;4302105;Bento Gonçalves;Pradel
RS;4302105;Bento Gonçalves;Progresso
RS;4302105;Bento Gonçalves;Salgado
RS;4302105;Bento Gonçalves;Santa Helena
RS;4302105;Bento Gonçalves;Santa Marta
RS;4302105;Bento Gonçalves;Santa Rita
RS;4302105;Bento Gonçalves;Santo Antão
RS;4302105;Bento Gonçalves;São Bento
RS;4302105;Bento Gonçalves;São Francisco
RS;4302105;Bento Gonçalves;São João
RS;4302105;Bento Gonçalves;São Roque
RS;4302105;Bento Gonçalves;São Valentin
RS;4302105;Bento Gonçalves;São Vendelino
RS;4302105;Bento Gonçalves;Universitário
RS;4302105;Bento Gonçalves;Verona
RS;4302105;Bento Gonçalves;Vila Nova
RS;4302105;Bento Gonçalves;Vila Nova II
RS;4302105;Bento Gonçalves;Vinhedos
RS;4302105;Bento Gonçalves;Vinosul
RS;4302105;Bento Gonçalves;Zatt
RS;4302154;Boa Vista das Missões;
RS;4302204;Boa Vista do Buricá;
RS;4302220;Boa Vista do Cadeado;
RS;4302238;Boa Vista do Incra;
RS;4302253;Boa Vista do Sul;
RS;4302303;Bom Jesus;Alto da Pedra
RS;4302303;Bom Jesus;Área Industrial Norte
RS;4302303;Bom Jesus;Área Industrial Sul
RS;4302303;Bom Jesus;CEEE
RS;4302303;Bom Jesus;Centro
RS;4302303;Bom Jesus;COHAB
RS;4302303;Bom Jesus;São José
RS;4302303;Bom Jesus;Vila Conceição
RS;4302303;Bom Jesus;Vila da Alegria
RS;4302303;Bom Jesus;Vila Expedicionário
RS;4302303;Bom Jesus;Vila Fonseca
RS;4302303;Bom Jesus;Vila Pinto
RS;4302303;Bom Jesus;Vila Rodrigues
RS;4302303;Bom Jesus;Vila Santa Catarina
RS;4302303;Bom Jesus;Vila Santa Isabel
RS;4302303;Bom Jesus;Vila Spinelli
RS;4302303;Bom Jesus;Vila Tietbohl
RS;4302352;Bom Princípio;
RS;4302378;Bom Progresso;
RS;4302402;Bom Retiro do Sul;Águas Boas
RS;4302402;Bom Retiro do Sul;Alto da Bronze
RS;4302402;Bom Retiro do Sul;Brasília
RS;4302402;Bom Retiro do Sul;Centro
RS;4302402;Bom Retiro do Sul;Centro Cidade Baixa
RS;4302402;Bom Retiro do Sul;Fazenda Barros
RS;4302402;Bom Retiro do Sul;Getúlio Vargas
RS;4302402;Bom Retiro do Sul;Goiabeira
RS;4302402;Bom Retiro do Sul;Imigrantes
RS;4302402;Bom Retiro do Sul;Laranjeiras
RS;4302402;Bom Retiro do Sul;São Francisco
RS;4302402;Bom Retiro do Sul;São João
RS;4302402;Bom Retiro do Sul;São Jorge
RS;4302451;Boqueirão do Leão;
RS;4302501;Bossoroca;Bonfim
RS;4302501;Bossoroca;da Gaúcha
RS;4302501;Bossoroca;do Inhame
RS;4302501;Bossoroca;Francisco Wesz Filho
RS;4302584;Bozano;
RS;4302600;Braga;Evangélico
RS;4302600;Braga;Santo Antônio
RS;4302600;Braga;União
RS;4302659;Brochier;
RS;4302709;Butiá;Bela Vista
RS;4302709;Butiá;Centro (Sede)
RS;4302709;Butiá;Centro - Sede
RS;4302709;Butiá;Charrua
RS;4302709;Butiá;Cidade Alta
RS;4302709;Butiá;Cidade Baixa
RS;4302709;Butiá;Custódio
RS;4302709;Butiá;Medianeira
RS;4302709;Butiá;Poço 5
RS;4302709;Butiá;R-1
RS;4302709;Butiá;Regilnei
RS;4302709;Butiá;Regilney
RS;4302709;Butiá;Roberto Cardoso
RS;4302709;Butiá;Santa Rita
RS;4302709;Butiá;São José
RS;4302709;Butiá;Vila Julieta
RS;4302709;Butiá;Vila Motta
RS;4302709;Butiá;Vila Nova
RS;4302808;Caçapava do Sul;
RS;4302907;Cacequi;
RS;4303004;Cachoeira do Sul;Universitário
RS;4303103;Cachoeirinha;
RS;4303202;Cacique Doble;
RS;4303301;Caibaté;São João
RS;4303400;Caiçara;
RS;4303509;Camaquã;Bom Sucesso
RS;4303509;Camaquã;Carvalho Bastos
RS;4303509;Camaquã;Centenário
RS;4303509;Camaquã;Centro
RS;4303509;Camaquã;Cônego Luiz Walter Hanquet
RS;4303509;Camaquã;Dona Tereza
RS;4303509;Camaquã;Dr. Rosinha
RS;4303509;Camaquã;Floresta
RS;4303509;Camaquã;Gaúcho
RS;4303509;Camaquã;General Antonio Netto
RS;4303509;Camaquã;General Antônio Netto
RS;4303509;Camaquã;Getúlio Vargas
RS;4303509;Camaquã;Hípico
RS;4303509;Camaquã;Jardim
RS;4303509;Camaquã;Jardim do Forte
RS;4303509;Camaquã;Maria da Graça
RS;4303509;Camaquã;Olaria
RS;4303509;Camaquã;Oliveira
RS;4303509;Camaquã;Ouro Verde
RS;4303509;Camaquã;Parque Residencial do Arroio Duro
RS;4303509;Camaquã;Santa Bárbara
RS;4303509;Camaquã;Santa Marta
RS;4303509;Camaquã;São Carlos
RS;4303509;Camaquã;São João
RS;4303509;Camaquã;São José
RS;4303509;Camaquã;São Luiz
RS;4303509;Camaquã;São Pedro
RS;4303509;Camaquã;Siá Juliana
RS;4303509;Camaquã;Viégas
RS;4303509;Camaquã;Vila Nova
RS;4303558;Camargo;
RS;4303608;Cambará do Sul;
RS;4303673;Campestre da Serra;
RS;4303707;Campina das Missões;Floresta
RS;4303806;Campinas do Sul;
RS;4303905;Campo Bom;Alto Paulista
RS;4304002;Campo Novo;
RS;4304101;Campos Borges;
RS;4304200;Candelária;Boa Vista
RS;4304200;Candelária;Centro
RS;4304200;Candelária;Costa Norte
RS;4304200;Candelária;Esmeralda
RS;4304200;Candelária;Ewaldo Prass
RS;4304200;Candelária;Marilene
RS;4304200;Candelária;Nova Germânia
RS;4304200;Candelária;Pôr-do-Sol
RS;4304200;Candelária;Princesa
RS;4304200;Candelária;Rincão Comprido
RS;4304309;Cândido Godói;
RS;4304358;Candiota;
RS;4304408;Canela;Alpes Verdes
RS;4304408;Canela;Boeira (Vila Boeira)
RS;4304408;Canela;Bom Jesus
RS;4304408;Canela;Caçador
RS;4304408;Canela;Canelinha
RS;4304408;Canela;Caracol
RS;4304408;Canela;Celulose
RS;4304408;Canela;Centro
RS;4304408;Canela;Dante (Vila Dante)
RS;4304408;Canela;Distrito Industrial
RS;4304408;Canela;Eugênio Ferreira
RS;4304408;Canela;Hortênsias
RS;4304408;Canela;Jardim das Fontes
RS;4304408;Canela;Jardim Mariana
RS;4304408;Canela;Laje de Pedra
RS;4304408;Canela;Leodoro de Azevedo
RS;4304408;Canela;Luiza Corrêa (Vila Luiza)
RS;4304408;Canela;Maggi (Vila Maggi)
RS;4304408;Canela;Palace Hotel
RS;4304408;Canela;Pinheiro Grosso
RS;4304408;Canela;Quinta da Serra
RS;4304408;Canela;Rancho Jane
RS;4304408;Canela;Reserva da Serra
RS;4304408;Canela;Saiqui
RS;4304408;Canela;Santa Marta
RS;4304408;Canela;Santa Terezinha
RS;4304408;Canela;São José
RS;4304408;Canela;São Lucas
RS;4304408;Canela;São Luiz
RS;4304408;Canela;São Rafael
RS;4304408;Canela;Sequóias
RS;4304408;Canela;Serrano
RS;4304408;Canela;SESI
RS;4304408;Canela;Suíça
RS;4304408;Canela;Suzana (Vila Suzana)
RS;4304408;Canela;Ulisses de Abreu
RS;4304507;Canguçu;Centro
RS;4304507;Canguçu;dos Teixeiras
RS;4304507;Canguçu;Dos Teixeiras
RS;4304507;Canguçu;Prado
RS;4304507;Canguçu;Triângulo
RS;4304507;Canguçu;Uruguai
RS;4304507;Canguçu;Vila Fonseca
RS;4304507;Canguçu;Vila Izabel
RS;4304507;Canguçu;Vila Nova
RS;4304606;Canoas;Brigadeira
RS;4304606;Canoas;Centro
RS;4304606;Canoas;Estância Velha
RS;4304606;Canoas;Fátima
RS;4304606;Canoas;Guajuviras
RS;4304606;Canoas;Harmonia
RS;4304606;Canoas;Igara
RS;4304606;Canoas;Ilha das Graças
RS;4304606;Canoas;Industrial
RS;4304606;Canoas;Marechal Rondon
RS;4304606;Canoas;Mathias Velho
RS;4304606;Canoas;Mato Grande
RS;4304606;Canoas;Niterói
RS;4304606;Canoas;Nossa Senhora das Graças
RS;4304606;Canoas;Olaria
RS;4304606;Canoas;Rio Branco
RS;4304606;Canoas;São José
RS;4304606;Canoas;São Luís
RS;4304606;Canoas;São Luíz
RS;4304614;Canudos do Vale;
RS;4304622;Capão Bonito do Sul;
RS;4304630;Capão da Canoa;
RS;4304655;Capão do Cipó;Santo Antônio
RS;4304663;Capão do Leão;Centro
RS;4304663;Capão do Leão;Cerro do Estado
RS;4304663;Capão do Leão;Jardim América
RS;4304663;Capão do Leão;Parque Fragata
RS;4304689;Capela de Santana;Bosque de Capela
RS;4304689;Capela de Santana;Centro
RS;4304689;Capela de Santana;Estação
RS;4304689;Capela de Santana;Imigrantes
RS;4304689;Capela de Santana;Parque Primavera
RS;4304689;Capela de Santana;Progresso
RS;4304689;Capela de Santana;São Lucas
RS;4304697;Capitão;
RS;4304671;Capivari do Sul;
RS;4304713;Caraá;
RS;4304705;Carazinho;
RS;4304804;Carlos Barbosa;Aparecida
RS;4304804;Carlos Barbosa;Aurora
RS;4304804;Carlos Barbosa;Bela Vista
RS;4304804;Carlos Barbosa;Centro
RS;4304804;Carlos Barbosa;Imigrantes
RS;4304804;Carlos Barbosa;Navegantes
RS;4304804;Carlos Barbosa;Nossa Senhora de Fátima
RS;4304804;Carlos Barbosa;Planalto
RS;4304804;Carlos Barbosa;Ponte Seca
RS;4304804;Carlos Barbosa;Ponte Sêca
RS;4304804;Carlos Barbosa;Santa Clara
RS;4304804;Carlos Barbosa;São Paulo
RS;4304804;Carlos Barbosa;Torino
RS;4304804;Carlos Barbosa;Triângulo
RS;4304804;Carlos Barbosa;Vila Nova
RS;4304804;Carlos Barbosa;Vitória
RS;4304853;Carlos Gomes;
RS;4304903;Casca;
RS;4304952;Caseiros;Nossa Senhora de Fátima
RS;4305009;Catuípe;Centro
RS;4305009;Catuípe;Neves
RS;4305009;Catuípe;Operário
RS;4305009;Catuípe;Promorar
RS;4305009;Catuípe;Santa Fé
RS;4305009;Catuípe;Santa Lúcia
RS;4305009;Catuípe;Santa Rosa
RS;4305009;Catuípe;São Cristóvão
RS;4305009;Catuípe;São Miguel
RS;4305009;Catuípe;Silva
RS;4305108;Caxias do Sul;Ana Rech
RS;4305108;Caxias do Sul;Bela Vista
RS;4305108;Caxias do Sul;Brandalise
RS;4305108;Caxias do Sul;Centenário
RS;4305108;Caxias do Sul;Centro
RS;4305108;Caxias do Sul;Charqueadas
RS;4305108;Caxias do Sul;Cidade Nova
RS;4305108;Caxias do Sul;Cinquentenário
RS;4305108;Caxias do Sul;Cristo Redentor
RS;4305108;Caxias do Sul;Cruzeiro
RS;4305108;Caxias do Sul;De Lazzer
RS;4305108;Caxias do Sul;de Lazzer
RS;4305108;Caxias do Sul;Desvio Rizzo
RS;4305108;Caxias do Sul;Diamantino
RS;4305108;Caxias do Sul;Esplanada
RS;4305108;Caxias do Sul;Exposição
RS;4305108;Caxias do Sul;Floresta
RS;4305108;Caxias do Sul;Forqueta
RS;4305108;Caxias do Sul;Galópolis
RS;4305108;Caxias do Sul;Interlagos
RS;4305108;Caxias do Sul;Jardelino Ramos
RS;4305108;Caxias do Sul;Jardim América
RS;4305108;Caxias do Sul;Jardim das Hortências
RS;4305108;Caxias do Sul;Jardim Eldorado
RS;4305108;Caxias do Sul;Kayser
RS;4305108;Caxias do Sul;Linha 40
RS;4305108;Caxias do Sul;Madureira
RS;4305108;Caxias do Sul;Maestra
RS;4305108;Caxias do Sul;Marechal Floriano
RS;4305108;Caxias do Sul;Medianeira
RS;4305108;Caxias do Sul;Monte Bérico
RS;4305108;Caxias do Sul;Nossa Senhora da Saúde
RS;4305108;Caxias do Sul;Nossa Senhora das Graças
RS;4305108;Caxias do Sul;Nossa Senhora de Fátima
RS;4305108;Caxias do Sul;Nossa Senhora de Lourdes
RS;4305108;Caxias do Sul;Nossa Senhora do Rosário
RS;4305108;Caxias do Sul;Panazzolo
RS;4305108;Caxias do Sul;Parada Cristal
RS;4305108;Caxias do Sul;Pedancino
RS;4305108;Caxias do Sul;Petrópolis
RS;4305108;Caxias do Sul;Pio X
RS;4305108;Caxias do Sul;Pioneiro
RS;4305108;Caxias do Sul;Planalto
RS;4305108;Caxias do Sul;Por do Sol
RS;4305108;Caxias do Sul;Presidente Vargas
RS;4305108;Caxias do Sul;Rio Branco
RS;4305108;Caxias do Sul;Sagrada Família
RS;4305108;Caxias do Sul;Salgado Filho
RS;4305108;Caxias do Sul;Samuara
RS;4305108;Caxias do Sul;Santa Catarina
RS;4305108;Caxias do Sul;Santa Corona
RS;4305108;Caxias do Sul;Santa Fé
RS;4305108;Caxias do Sul;Santo Antônio
RS;4305108;Caxias do Sul;Sanvitto
RS;4305108;Caxias do Sul;São Caetano
RS;4305108;Caxias do Sul;São Ciro
RS;4305108;Caxias do Sul;São Cristóvão
RS;4305108;Caxias do Sul;São Giácomo
RS;4305108;Caxias do Sul;São José
RS;4305108;Caxias do Sul;São Leopoldo
RS;4305108;Caxias do Sul;São Luiz
RS;4305108;Caxias do Sul;São Peregrino
RS;4305108;Caxias do Sul;São Victor COHAB
RS;4305108;Caxias do Sul;São Virgílio
RS;4305108;Caxias do Sul;Serrano
RS;4305108;Caxias do Sul;Universitário
RS;4305116;Centenário;
RS;4305124;Cerrito;
RS;4305132;Cerro Branco;Centro
RS;4305132;Cerro Branco;dos Arrozais
RS;4305132;Cerro Branco;Rio Branco
RS;4305132;Cerro Branco;Santo Antônio
RS;4305157;Cerro Grande;
RS;4305173;Cerro Grande do Sul;
RS;4305207;Cerro Largo;Floresta
RS;4305306;Chapada;Aparecida
RS;4305306;Chapada;Centro
RS;4305306;Chapada;Elite
RS;4305306;Chapada;Fátima
RS;4305306;Chapada;Progresso
RS;4305306;Chapada;Santa Lúcia
RS;4305306;Chapada;São José
RS;4305355;Charqueadas;Beira Rio
RS;4305355;Charqueadas;Centro
RS;4305355;Charqueadas;Colônia Penal
RS;4305355;Charqueadas;Cruz de Malta
RS;4305355;Charqueadas;Orvisa
RS;4305355;Charqueadas;Otília
RS;4305355;Charqueadas;Parque dos Coqueiros
RS;4305355;Charqueadas;Parque Santa Fé
RS;4305355;Charqueadas;Piratini
RS;4305355;Charqueadas;Santo Antônio
RS;4305355;Charqueadas;São Miguel
RS;4305355;Charqueadas;Sul América
RS;4305355;Charqueadas;Vila Rosa
RS;4305371;Charrua;
RS;4305405;Chiapetta;
RS;4305439;Chuí;Centro
RS;4305439;Chuí;Euzébio Izabelino Bermudez
RS;4305439;Chuí;Isolina Gomes
RS;4305439;Chuí;Luiz Maria Gomes
RS;4305439;Chuí;Quartel
RS;4305439;Chuí;União
RS;4305439;Chuí;Vila América
RS;4305439;Chuí;Vila Rica
RS;4305447;Chuvisca;
RS;4305454;Cidreira;
RS;4305504;Ciríaco;
RS;4305587;Colinas;
RS;4305603;Colorado;
RS;4305702;Condor;
RS;4305801;Constantina;
RS;4305835;Coqueiro Baixo;
RS;4305850;Coqueiros do Sul;
RS;4305871;Coronel Barros;
RS;4305900;Coronel Bicaco;
RS;4305934;Coronel Pilar;
RS;4305959;Cotiporã;
RS;4305975;Coxilha;
RS;4306007;Crissiumal;
RS;4306056;Cristal;Areal
RS;4306056;Cristal;Beira Rio
RS;4306056;Cristal;Centro
RS;4306056;Cristal;Crespo
RS;4306056;Cristal;Longaray
RS;4306056;Cristal;Panorama
RS;4306072;Cristal do Sul;
RS;4306106;Cruz Alta;Abegay I
RS;4306106;Cruz Alta;Acelino Flores
RS;4306106;Cruz Alta;Aliança
RS;4306106;Cruz Alta;Alvorada
RS;4306106;Cruz Alta;Amizade
RS;4306106;Cruz Alta;Arco Íris
RS;4306106;Cruz Alta;Azambuja
RS;4306106;Cruz Alta;Bela Vista
RS;4306106;Cruz Alta;Boa Parada
RS;4306106;Cruz Alta;Bráz Caino
RS;4306106;Cruz Alta;Brenner
RS;4306106;Cruz Alta;Brum I
RS;4306106;Cruz Alta;Brum II
RS;4306106;Cruz Alta;Central
RS;4306106;Cruz Alta;Centro
RS;4306106;Cruz Alta;Conceição
RS;4306106;Cruz Alta;De Fátima
RS;4306106;Cruz Alta;de Fátima
RS;4306106;Cruz Alta;Dirceu
RS;4306106;Cruz Alta;do Sol
RS;4306106;Cruz Alta;Do Sol
RS;4306106;Cruz Alta;Dos Funcionários
RS;4306106;Cruz Alta;dos Funcionários
RS;4306106;Cruz Alta;Educacional
RS;4306106;Cruz Alta;Emílio Droppa
RS;4306106;Cruz Alta;Esperança
RS;4306106;Cruz Alta;Farroupilha
RS;4306106;Cruz Alta;Garibaldi
RS;4306106;Cruz Alta;Gobo
RS;4306106;Cruz Alta;Hilda
RS;4306106;Cruz Alta;Independência
RS;4306106;Cruz Alta;Jardim América
RS;4306106;Cruz Alta;Jardim Primavera
RS;4306106;Cruz Alta;Jung
RS;4306106;Cruz Alta;Lizabel
RS;4306106;Cruz Alta;Ludke
RS;4306106;Cruz Alta;Machado
RS;4306106;Cruz Alta;Malheiros
RS;4306106;Cruz Alta;Marcelo
RS;4306106;Cruz Alta;Melvin Jones
RS;4306106;Cruz Alta;Militar
RS;4306106;Cruz Alta;Nossa Senhora da Penha
RS;4306106;Cruz Alta;Pedro Bonini I
RS;4306106;Cruz Alta;Pedro Bonini II
RS;4306106;Cruz Alta;Perpétuo Socorro
RS;4306106;Cruz Alta;Petrópolis I
RS;4306106;Cruz Alta;Petrópolis II
RS;4306106;Cruz Alta;Planalto
RS;4306106;Cruz Alta;Prefeito Vila Nova
RS;4306106;Cruz Alta;Progresso
RS;4306106;Cruz Alta;Rancho do Rio Grande I
RS;4306106;Cruz Alta;Rancho do Rio Grande II
RS;4306106;Cruz Alta;Rocha
RS;4306106;Cruz Alta;Santa Bárbara
RS;4306106;Cruz Alta;Santa Helena
RS;4306106;Cruz Alta;Santa Rita
RS;4306106;Cruz Alta;Santa Terezinha I
RS;4306106;Cruz Alta;Santa Terezinha II
RS;4306106;Cruz Alta;Santo Antão
RS;4306106;Cruz Alta;Santo Antônio
RS;4306106;Cruz Alta;São Francisco
RS;4306106;Cruz Alta;São Genaro
RS;4306106;Cruz Alta;São João
RS;4306106;Cruz Alta;São Jorge
RS;4306106;Cruz Alta;São José
RS;4306106;Cruz Alta;São Miguel
RS;4306106;Cruz Alta;Schettert
RS;4306106;Cruz Alta;Tamoio
RS;4306106;Cruz Alta;Toribio Veríssimo I
RS;4306106;Cruz Alta;Toribio Veríssimo II
RS;4306130;Cruzaltense;
RS;4306205;Cruzeiro do Sul;Cascata
RS;4306205;Cruzeiro do Sul;Centro
RS;4306205;Cruzeiro do Sul;Eleonora Haenssgen
RS;4306205;Cruzeiro do Sul;Glucostarck
RS;4306205;Cruzeiro do Sul;Glucostark
RS;4306205;Cruzeiro do Sul;Passo de Estrela
RS;4306205;Cruzeiro do Sul;São Gabriel
RS;4306205;Cruzeiro do Sul;São Rafael
RS;4306205;Cruzeiro do Sul;Vila Célia
RS;4306205;Cruzeiro do Sul;Vila Italiana
RS;4306205;Cruzeiro do Sul;Vila Rosa
RS;4306205;Cruzeiro do Sul;Vila Zwirtes
RS;4306304;David Canabarro;
RS;4306320;Derrubadas;
RS;4306353;Dezesseis de Novembro;
RS;4306379;Dilermando de Aguiar;
RS;4306403;Dois Irmãos;Becker
RS;4306403;Dois Irmãos;Beira Rio
RS;4306403;Dois Irmãos;Centro
RS;4306403;Dois Irmãos;Floresta
RS;4306403;Dois Irmãos;Industrial
RS;4306403;Dois Irmãos;Portal da Serra
RS;4306403;Dois Irmãos;Primavera
RS;4306403;Dois Irmãos;São João
RS;4306403;Dois Irmãos;São Miguel
RS;4306403;Dois Irmãos;São Pedro
RS;4306403;Dois Irmãos;Sete de Setembro
RS;4306403;Dois Irmãos;União
RS;4306403;Dois Irmãos;Vale Verde
RS;4306403;Dois Irmãos;Vila Rosa
RS;4306429;Dois Irmãos das Missões;
RS;4306452;Dois Lajeados;
RS;4306502;Dom Feliciano;
RS;4306601;Dom Pedrito;Ataliba Coutinho da Rocha
RS;4306601;Dom Pedrito;Centro
RS;4306601;Dom Pedrito;Dr. Moacyr Dias
RS;4306601;Dom Pedrito;Dr. Valmir Gomes Sanches
RS;4306601;Dom Pedrito;Getúlio Vargas
RS;4306601;Dom Pedrito;José Tude de Godoy
RS;4306601;Dom Pedrito;Oscar Vicente e Silva
RS;4306601;Dom Pedrito;Padre Bastos
RS;4306601;Dom Pedrito;Sagrada Face
RS;4306601;Dom Pedrito;Santa Maria
RS;4306601;Dom Pedrito;Santa Terezinha
RS;4306601;Dom Pedrito;São Gregório
RS;4306551;Dom Pedro de Alcântara;
RS;4306700;Dona Francisca;
RS;4306734;Doutor Maurício Cardoso;
RS;4306759;Doutor Ricardo;
RS;4306767;Eldorado do Sul;Bom Retiro
RS;4306767;Eldorado do Sul;Centro
RS;4306767;Eldorado do Sul;Centro Novo
RS;4306767;Eldorado do Sul;Chácara
RS;4306767;Eldorado do Sul;Cidade Verde
RS;4306767;Eldorado do Sul;Industrial
RS;4306767;Eldorado do Sul;Itaí
RS;4306767;Eldorado do Sul;Loteamento Popular
RS;4306767;Eldorado do Sul;Medianeira
RS;4306767;Eldorado do Sul;Parque das Acácias Norte
RS;4306767;Eldorado do Sul;Parque das Acácias Sul
RS;4306767;Eldorado do Sul;Parque Eldorado 1
RS;4306767;Eldorado do Sul;Parque Eldorado 2
RS;4306767;Eldorado do Sul;Parque Eldorado 3
RS;4306767;Eldorado do Sul;Parque Eldorado 4
RS;4306767;Eldorado do Sul;Picada
RS;4306767;Eldorado do Sul;Progresso
RS;4306767;Eldorado do Sul;Residencial Eldorado
RS;4306767;Eldorado do Sul;Sans Souci
RS;4306767;Eldorado do Sul;Sol Nascente
RS;4306767;Eldorado do Sul;Vila da Paz
RS;4306809;Encantado;Barra do Guaporé
RS;4306809;Encantado;Barra do Jacaré
RS;4306809;Encantado;Centro
RS;4306809;Encantado;Jacarezinho
RS;4306809;Encantado;Lajeadinho
RS;4306809;Encantado;Lambari
RS;4306809;Encantado;Navegantes
RS;4306809;Encantado;Nossa Senhora Aparecida
RS;4306809;Encantado;Palmas
RS;4306809;Encantado;Pinheirinho
RS;4306809;Encantado;Planalto
RS;4306809;Encantado;Porto Quinze
RS;4306809;Encantado;Santa Clara
RS;4306809;Encantado;Santo Antão
RS;4306809;Encantado;São José
RS;4306809;Encantado;Vila Amazonas
RS;4306809;Encantado;Vila Moca
RS;4306908;Encruzilhada do Sul;Aldemar Xavier dos Santos
RS;4306924;Engenho Velho;
RS;4306957;Entre Rios do Sul;
RS;4306932;Entre-Ijuís;
RS;4306973;Erebango;Esperança
RS;4307005;Erechim;Aeroporto
RS;4307005;Erechim;Agrícola
RS;4307005;Erechim;Aldo Arioli
RS;4307005;Erechim;Amizade
RS;4307005;Erechim;Atlântico
RS;4307005;Erechim;Bela Vista
RS;4307005;Erechim;Boa Vista
RS;4307005;Erechim;Centro
RS;4307005;Erechim;Cerâmica
RS;4307005;Erechim;Colégio Agrícola
RS;4307005;Erechim;Copas Verdes
RS;4307005;Erechim;Cotrel
RS;4307005;Erechim;Cristal
RS;4307005;Erechim;Cristo Rei
RS;4307005;Erechim;Dal Molin
RS;4307005;Erechim;Demoliner
RS;4307005;Erechim;Esperança
RS;4307005;Erechim;Espírito Santo
RS;4307005;Erechim;Estevam Carraro
RS;4307005;Erechim;Fátima
RS;4307005;Erechim;Florestinha
RS;4307005;Erechim;Frinape
RS;4307005;Erechim;Industrial
RS;4307005;Erechim;Ipiranga
RS;4307005;Erechim;Jabuticabal
RS;4307005;Erechim;José Bonifácio
RS;4307005;Erechim;Koller
RS;4307005;Erechim;Liberdade
RS;4307005;Erechim;Linho
RS;4307005;Erechim;Maria Clara
RS;4307005;Erechim;Morada do Sol
RS;4307005;Erechim;Morro da Cegonha
RS;4307005;Erechim;Novo Atlântico
RS;4307005;Erechim;Paiol Grande
RS;4307005;Erechim;Parque dos Imigrantes
RS;4307005;Erechim;Parque Livia
RS;4307005;Erechim;Parque Redenção
RS;4307005;Erechim;Petit Vilage
RS;4307005;Erechim;Presidente Castelo Branco
RS;4307005;Erechim;Presidente Vargas
RS;4307005;Erechim;Progresso
RS;4307005;Erechim;Rio Tigre
RS;4307005;Erechim;Santa Catarina
RS;4307005;Erechim;São Caetano
RS;4307005;Erechim;São Cristóvão
RS;4307005;Erechim;São José
RS;4307005;Erechim;São Vicente de Paulo
RS;4307005;Erechim;Três Vendas
RS;4307005;Erechim;Triângulo
RS;4307005;Erechim;União
RS;4307005;Erechim;Vale Dourado
RS;4307005;Erechim;Victoria I
RS;4307005;Erechim;Victoria II
RS;4307005;Erechim;Zimmer
RS;4307054;Ernestina;
RS;4307203;Erval Grande;
RS;4307302;Erval Seco;
RS;4307401;Esmeralda;
RS;4307450;Esperança do Sul;
RS;4307500;Espumoso;Brasil
RS;4307500;Espumoso;Centro
RS;4307500;Espumoso;Cooperativa Velha
RS;4307500;Espumoso;Franciosi
RS;4307500;Espumoso;Jardim
RS;4307500;Espumoso;Maravalha
RS;4307500;Espumoso;Martini
RS;4307500;Espumoso;Norte América
RS;4307500;Espumoso;Santa Júlia
RS;4307500;Espumoso;São Jorge
RS;4307500;Espumoso;Tarumã
RS;4307500;Espumoso;União
RS;4307559;Estação;Florestinha
RS;4307559;Estação;Santana
RS;4307559;Estação;Santo Antônio
RS;4307559;Estação;Santuário
RS;4307559;Estação;São José
RS;4307559;Estação;São Pedro
RS;4307609;Estância Velha;Bela Vista
RS;4307609;Estância Velha;Campo Grande
RS;4307609;Estância Velha;Centro
RS;4307609;Estância Velha;Colinas Verdes
RS;4307609;Estância Velha;Das Águas
RS;4307609;Estância Velha;das Águas
RS;4307609;Estância Velha;das Quintas
RS;4307609;Estância Velha;Das Quintas
RS;4307609;Estância Velha;Das Rosas
RS;4307609;Estância Velha;das Rosas
RS;4307609;Estância Velha;Encosta do Sol
RS;4307609;Estância Velha;Floresta
RS;4307609;Estância Velha;Industrial
RS;4307609;Estância Velha;Lago Azul
RS;4307609;Estância Velha;Lira
RS;4307609;Estância Velha;Rincão da Saudade
RS;4307609;Estância Velha;Rincão de Ilhéus
RS;4307609;Estância Velha;Rincão Gaúcho
RS;4307609;Estância Velha;Sol Nascente
RS;4307609;Estância Velha;União
RS;4307708;Esteio;Centro
RS;4307708;Esteio;Industrial
RS;4307708;Esteio;Jardim Planalto
RS;4307708;Esteio;Liberdade
RS;4307708;Esteio;Novo Esteio
RS;4307708;Esteio;Olímpica
RS;4307708;Esteio;Parque Primavera
RS;4307708;Esteio;Primavera
RS;4307708;Esteio;Santo Inácio
RS;4307708;Esteio;São José
RS;4307708;Esteio;São Sebastião
RS;4307708;Esteio;Tamandaré
RS;4307708;Esteio;Três Marias
RS;4307708;Esteio;Três Portos
RS;4307807;Estrela;Alto do Bronze
RS;4307807;Estrela;Auxiliadora
RS;4307807;Estrela;Boa União
RS;4307807;Estrela;Centro
RS;4307807;Estrela;Chacrinha
RS;4307807;Estrela;Cristo Rei
RS;4307807;Estrela;dos Estados
RS;4307807;Estrela;Dos Estados
RS;4307807;Estrela;Imigrantes
RS;4307807;Estrela;Indústrias
RS;4307807;Estrela;Moinhos
RS;4307807;Estrela;Oriental
RS;4307807;Estrela;Pinheiros
RS;4307807;Estrela;São José
RS;4307815;Estrela Velha;
RS;4307831;Eugênio de Castro;
RS;4307864;Fagundes Varela;
RS;4307906;Farroupilha;Alvorada
RS;4307906;Farroupilha;América
RS;4307906;Farroupilha;Bela Vista
RS;4307906;Farroupilha;Belvedere
RS;4307906;Farroupilha;Centenário
RS;4307906;Farroupilha;Centro
RS;4307906;Farroupilha;Cinquentenário
RS;4307906;Farroupilha;Cruzeiro
RS;4307906;Farroupilha;Do Parque
RS;4307906;Farroupilha;do Parque
RS;4307906;Farroupilha;Imigrante
RS;4307906;Farroupilha;Industrial
RS;4307906;Farroupilha;Ipanema
RS;4307906;Farroupilha;Medianeira
RS;4307906;Farroupilha;Monte Pasqual
RS;4307906;Farroupilha;Monte Verde
RS;4307906;Farroupilha;Nova Vicenza
RS;4307906;Farroupilha;Pio X
RS;4307906;Farroupilha;Planalto
RS;4307906;Farroupilha;Primeiro de Maio
RS;4307906;Farroupilha;Santa Catarina
RS;4307906;Farroupilha;Santa Rita
RS;4307906;Farroupilha;Santo Antônio
RS;4307906;Farroupilha;São Francisco
RS;4307906;Farroupilha;São José
RS;4307906;Farroupilha;São Luís
RS;4307906;Farroupilha;São Roque
RS;4307906;Farroupilha;Vicentina
RS;4307906;Farroupilha;Volta Grande
RS;4308003;Faxinal do Soturno;
RS;4308052;Faxinalzinho;
RS;4308078;Fazenda Vilanova;
RS;4308102;Feliz;
RS;4308201;Flores da Cunha;Aparecida
RS;4308201;Flores da Cunha;Centro
RS;4308201;Flores da Cunha;Colina de Flores
RS;4308201;Flores da Cunha;Granja União
RS;4308201;Flores da Cunha;Lagoa Bela
RS;4308201;Flores da Cunha;Morada do Camping
RS;4308201;Flores da Cunha;Nova Roma
RS;4308201;Flores da Cunha;Nova Trento
RS;4308201;Flores da Cunha;Parque dos Pinheiros
RS;4308201;Flores da Cunha;Pérola
RS;4308201;Flores da Cunha;São Cristóvão
RS;4308201;Flores da Cunha;São José
RS;4308201;Flores da Cunha;São Pedro
RS;4308201;Flores da Cunha;União
RS;4308201;Flores da Cunha;Videiras
RS;4308201;Flores da Cunha;Villaggio
RS;4308201;Flores da Cunha;Vindima
RS;4308250;Floriano Peixoto;
RS;4308300;Fontoura Xavier;
RS;4308409;Formigueiro;
RS;4308433;Forquetinha;
RS;4308458;Fortaleza dos Valos;
RS;4308508;Frederico Westphalen;Aparecida
RS;4308508;Frederico Westphalen;Barril
RS;4308508;Frederico Westphalen;Barrilense
RS;4308508;Frederico Westphalen;Bela Vista
RS;4308508;Frederico Westphalen;Centro
RS;4308508;Frederico Westphalen;Distrito Industrial
RS;4308508;Frederico Westphalen;Faguense
RS;4308508;Frederico Westphalen;Fátima
RS;4308508;Frederico Westphalen;Ipiranga
RS;4308508;Frederico Westphalen;Itapagé
RS;4308508;Frederico Westphalen;Itapajé
RS;4308508;Frederico Westphalen;Jardim Paraíso
RS;4308508;Frederico Westphalen;Jardim Primavera
RS;4308508;Frederico Westphalen;Panosso
RS;4308508;Frederico Westphalen;Santo Antônio
RS;4308508;Frederico Westphalen;Santo Inácio
RS;4308508;Frederico Westphalen;São Caetano
RS;4308508;Frederico Westphalen;São Cristóvão
RS;4308508;Frederico Westphalen;São Francisco de Paula
RS;4308508;Frederico Westphalen;São José
RS;4308607;Garibaldi;Alfândega
RS;4308607;Garibaldi;Bela Vista
RS;4308607;Garibaldi;Borghetto
RS;4308607;Garibaldi;Brasília
RS;4308607;Garibaldi;Cairú
RS;4308607;Garibaldi;Centro
RS;4308607;Garibaldi;Chácaras
RS;4308607;Garibaldi;Champanhe
RS;4308607;Garibaldi;Ferroviário
RS;4308607;Garibaldi;Garibaldina
RS;4308607;Garibaldi;Glória
RS;4308607;Garibaldi;Guarani
RS;4308607;Garibaldi;Integração
RS;4308607;Garibaldi;Juventude
RS;4308607;Garibaldi;Peterlongo
RS;4308607;Garibaldi;Rota do Sol
RS;4308607;Garibaldi;Santa Terezinha
RS;4308607;Garibaldi;São Francisco
RS;4308607;Garibaldi;São José
RS;4308607;Garibaldi;São Miguel
RS;4308607;Garibaldi;Sebben
RS;4308607;Garibaldi;Simonaggio
RS;4308607;Garibaldi;Tamandaré
RS;4308607;Garibaldi;Três Lagoas
RS;4308607;Garibaldi;Vale dos Pinheiros
RS;4308607;Garibaldi;Vale Verde
RS;4308656;Garruchos;
RS;4308706;Gaurama;
RS;4308805;General Câmara;
RS;4308854;Gentil;
RS;4308904;Getúlio Vargas;Champagnat
RS;4308904;Getúlio Vargas;Monte Carlo
RS;4308904;Getúlio Vargas;Nossa Senhora Consoladora
RS;4308904;Getúlio Vargas;Nossa Senhora dos Navegantes
RS;4308904;Getúlio Vargas;Santa Catarina
RS;4308904;Getúlio Vargas;Santo André
RS;4308904;Getúlio Vargas;São Cristóvão
RS;4308904;Getúlio Vargas;São José
RS;4308904;Getúlio Vargas;São Pelegrino
RS;4308904;Getúlio Vargas;XV de Novembro
RS;4309001;Giruá;Canova
RS;4309001;Giruá;Centro
RS;4309001;Giruá;Herberto Schneider
RS;4309001;Giruá;Hortêncio
RS;4309001;Giruá;Jardim Residencial Butiá
RS;4309001;Giruá;Leimann
RS;4309001;Giruá;Morada do Sol
RS;4309001;Giruá;Moura
RS;4309001;Giruá;Mucha
RS;4309001;Giruá;Nova
RS;4309001;Giruá;Pró-Morar
RS;4309001;Giruá;Santa Fé
RS;4309001;Giruá;Santa Rita
RS;4309001;Giruá;Santo Antonio
RS;4309001;Giruá;Santo Antônio
RS;4309001;Giruá;São José
RS;4309001;Giruá;Seger
RS;4309001;Giruá;Zimpel
RS;4309050;Glorinha;
RS;4309100;Gramado;Altos da Viação Férrea
RS;4309100;Gramado;Aspen
RS;4309100;Gramado;Avenida Central
RS;4309100;Gramado;Bavária
RS;4309100;Gramado;Carazal
RS;4309100;Gramado;Carniel
RS;4309100;Gramado;Centro
RS;4309100;Gramado;Dutra
RS;4309100;Gramado;Floresta
RS;4309100;Gramado;Ipê Amarelo
RS;4309100;Gramado;Jardim Bella Vista
RS;4309100;Gramado;Lagos do Bosque
RS;4309100;Gramado;Mato Queimado
RS;4309100;Gramado;Minuano
RS;4309100;Gramado;Moura
RS;4309100;Gramado;Parque das Orquídeas
RS;4309100;Gramado;Piratini
RS;4309100;Gramado;Planalto
RS;4309100;Gramado;Pórtico
RS;4309100;Gramado;Prinstrop
RS;4309100;Gramado;Sierra Park
RS;4309100;Gramado;Tirol
RS;4309100;Gramado;Vale do Bosque
RS;4309100;Gramado;Várzea Grande
RS;4309100;Gramado;Vila do Sol
RS;4309100;Gramado;Vila Jardim
RS;4309126;Gramado dos Loureiros;
RS;4309159;Gramado Xavier;
RS;4309209;Gravataí;
RS;4309258;Guabiju;
RS;4309308;Guaíba;Alegria
RS;4309308;Guaíba;Altos da Alegria
RS;4309308;Guaíba;Alvorada
RS;4309308;Guaíba;Bom Fim
RS;4309308;Guaíba;Centro
RS;4309308;Guaíba;Chaves Barcellos
RS;4309308;Guaíba;Colina
RS;4309308;Guaíba;Columbia City
RS;4309308;Guaíba;Coronel Nassuca
RS;4309308;Guaíba;Ermo
RS;4309308;Guaíba;Florida
RS;4309308;Guaíba;Jardim dos Lagos
RS;4309308;Guaíba;Jardim Iolanda
RS;4309308;Guaíba;Parque 35
RS;4309308;Guaíba;Passo Fundo
RS;4309308;Guaíba;Pedras Brancas
RS;4309308;Guaíba;Santa Rita
RS;4309407;Guaporé;Canecão
RS;4309407;Guaporé;Centro
RS;4309407;Guaporé;Ferroviário
RS;4309407;Guaporé;Imaculada Conceição
RS;4309407;Guaporé;Nossa Senhora da Paz
RS;4309407;Guaporé;Nossa Senhora da Saúde
RS;4309407;Guaporé;Pinheirinho
RS;4309407;Guaporé;Planalto
RS;4309407;Guaporé;Santo André
RS;4309407;Guaporé;São Cristóvão
RS;4309407;Guaporé;São José
RS;4309407;Guaporé;Scalabrini
RS;4309506;Guarani das Missões;Centro
RS;4309506;Guarani das Missões;Pampa
RS;4309506;Guarani das Missões;Santa Fé
RS;4309506;Guarani das Missões;Santa Tereza
RS;4309506;Guarani das Missões;Vila Esperança
RS;4309555;Harmonia;
RS;4307104;Herval;Caixa d'Água
RS;4307104;Herval;Centro
RS;4307104;Herval;Osmar Grafulha
RS;4307104;Herval;Pilão
RS;4307104;Herval;Presidente Jango
RS;4309571;Herveiras;
RS;4309605;Horizontina;
RS;4309654;Hulha Negra;
RS;4309704;Humaitá;
RS;4309753;Ibarama;
RS;4309803;Ibiaçá;
RS;4309902;Ibiraiaras;Bela Vista
RS;4309902;Ibiraiaras;dos Motoristas
RS;4309902;Ibiraiaras;Dos Motoristas
RS;4309902;Ibiraiaras;Santo Isidoro
RS;4309902;Ibiraiaras;São José
RS;4309951;Ibirapuitã;Bela Vista
RS;4309951;Ibirapuitã;Centro
RS;4309951;Ibirapuitã;Floresta
RS;4309951;Ibirapuitã;Gramado
RS;4309951;Ibirapuitã;Horizonte
RS;4309951;Ibirapuitã;Jardim
RS;4310009;Ibirubá;Bangu
RS;4310009;Ibirubá;Centro
RS;4310009;Ibirubá;Chácara
RS;4310009;Ibirubá;Esperança
RS;4310009;Ibirubá;Floresta
RS;4310009;Ibirubá;Hermany
RS;4310009;Ibirubá;Jardim
RS;4310009;Ibirubá;Odila
RS;4310009;Ibirubá;Planalto
RS;4310009;Ibirubá;Pôr-do-Sol
RS;4310009;Ibirubá;Progresso
RS;4310009;Ibirubá;Santa Helena
RS;4310009;Ibirubá;São Jacó
RS;4310009;Ibirubá;Unida
RS;4310108;Igrejinha;15 de Novembro
RS;4310108;Igrejinha;Bom Pastor
RS;4310108;Igrejinha;Casa de Pedra
RS;4310108;Igrejinha;Centro
RS;4310108;Igrejinha;Figueira
RS;4310108;Igrejinha;Garibaldi
RS;4310108;Igrejinha;Industrial
RS;4310108;Igrejinha;Invernada
RS;4310108;Igrejinha;Lajeadinho
RS;4310108;Igrejinha;Moinho
RS;4310108;Igrejinha;Pedreira
RS;4310108;Igrejinha;Rothmann
RS;4310108;Igrejinha;Saibreira
RS;4310108;Igrejinha;Viaduto
RS;4310108;Igrejinha;Vila Nova
RS;4310207;Ijuí;Alvorada
RS;4310207;Ijuí;Assis Brasil
RS;4310207;Ijuí;Boa Vista
RS;4310207;Ijuí;Burtet
RS;4310207;Ijuí;Colonial
RS;4310207;Ijuí;das Chácaras
RS;4310207;Ijuí;Elizabeth
RS;4310207;Ijuí;Ferroviário
RS;4310207;Ijuí;Getúlio Vargas
RS;4310207;Ijuí;Glória
RS;4310207;Ijuí;Hammarstron
RS;4310207;Ijuí;Herval
RS;4310207;Ijuí;Independência
RS;4310207;Ijuí;Industrial
RS;4310207;Ijuí;Jardim
RS;4310207;Ijuí;Lambari
RS;4310207;Ijuí;Luís Fogliatto
RS;4310207;Ijuí;Luíz Fogliatto
RS;4310207;Ijuí;Lulu Ilgenfritz
RS;4310207;Ijuí;Modelo
RS;4310207;Ijuí;Morada do Sol
RS;4310207;Ijuí;Mundstock
RS;4310207;Ijuí;Nossa Senhora da Penha
RS;4310207;Ijuí;Novo Leste
RS;4310207;Ijuí;Osvaldo Aranha
RS;4310207;Ijuí;Pindorama
RS;4310207;Ijuí;Progresso
RS;4310207;Ijuí;Quinze de Novembro
RS;4310207;Ijuí;São Geraldo
RS;4310207;Ijuí;São José
RS;4310207;Ijuí;São Paulo
RS;4310207;Ijuí;Sol Nascente
RS;4310207;Ijuí;Storch
RS;4310207;Ijuí;Tancredo Neves
RS;4310207;Ijuí;Thomé de Souza
RS;4310207;Ijuí;Tiarajú
RS;4310207;Ijuí;Universitário
RS;4310306;Ilópolis;
RS;4310330;Imbé;Albatroz
RS;4310330;Imbé;Courhasa
RS;4310330;Imbé;Harmonia
RS;4310330;Imbé;Imara
RS;4310330;Imbé;Imbé
RS;4310330;Imbé;Ipiranga
RS;4310330;Imbé;João Clemente
RS;4310330;Imbé;Mariluz
RS;4310330;Imbé;Mariluz C
RS;4310330;Imbé;Mariluz Norte
RS;4310330;Imbé;Marisul
RS;4310330;Imbé;Nordeste
RS;4310330;Imbé;Nova Nordeste
RS;4310330;Imbé;Nova Santa Teresinha Norte
RS;4310330;Imbé;Presidente
RS;4310330;Imbé;Riviera
RS;4310330;Imbé;Santa Catarina
RS;4310330;Imbé;Santa Teresinha
RS;4310330;Imbé;Santa Teresinha Norte
RS;4310330;Imbé;Vinte e um de Abril
RS;4310363;Imigrante;Esperança
RS;4310405;Independência;
RS;4310413;Inhacorá;
RS;4310439;Ipê;Cruzeiro
RS;4310462;Ipiranga do Sul;
RS;4310504;Iraí;
RS;4310538;Itaara;
RS;4310553;Itacurubi;
RS;4310579;Itapuca;
RS;4310603;Itaqui;Cafifas
RS;4310603;Itaqui;Capelinha
RS;4310603;Itaqui;Centro
RS;4310603;Itaqui;Cerrinho Dois Umbús
RS;4310603;Itaqui;Chácara
RS;4310603;Itaqui;Cidade Alta
RS;4310603;Itaqui;Cohab
RS;4310603;Itaqui;Doutor Ayub
RS;4310603;Itaqui;Enio Sayago
RS;4310603;Itaqui;Estação
RS;4310603;Itaqui;José da Luz
RS;4310603;Itaqui;Ponte Sêca
RS;4310603;Itaqui;Pró-Morar
RS;4310603;Itaqui;União
RS;4310603;Itaqui;Várzea
RS;4310603;Itaqui;Vila Nova
RS;4310603;Itaqui;Vinte e Quatro de Maio
RS;4310652;Itati;
RS;4310702;Itatiba do Sul;
RS;4310751;Ivorá;
RS;4310801;Ivoti;Bom Jardim
RS;4310801;Ivoti;Bom Pastor
RS;4310801;Ivoti;Brasília
RS;4310801;Ivoti;Centro
RS;4310801;Ivoti;Cidade Nova
RS;4310801;Ivoti;Colina Verde
RS;4310801;Ivoti;Concórdia
RS;4310801;Ivoti;Farroupilha
RS;4310801;Ivoti;Feitoria Nova
RS;4310801;Ivoti;Harmonia
RS;4310801;Ivoti;Jardim Buhler
RS;4310801;Ivoti;Jardim do Alto
RS;4310801;Ivoti;Jardim Panorâmico
RS;4310801;Ivoti;Morada do Sol
RS;4310801;Ivoti;Palmares
RS;4310801;Ivoti;São José
RS;4310801;Ivoti;Sete de Setembro
RS;4310801;Ivoti;Vinte e Cinco de Julho
RS;4310801;Ivoti;Vista Alegre
RS;4310850;Jaboticaba;
RS;4310876;Jacuizinho;
RS;4310900;Jacutinga;
RS;4311007;Jaguarão;
RS;4311106;Jaguari;Consolata
RS;4311106;Jaguari;Mauá
RS;4311106;Jaguari;Nossa Senhora Aparecida
RS;4311106;Jaguari;Nossa Senhora de Lourdes
RS;4311106;Jaguari;Pró Morar
RS;4311106;Jaguari;Rivera
RS;4311106;Jaguari;Santa Rosa
RS;4311122;Jaquirana;
RS;4311130;Jari;
RS;4311155;Jóia;
RS;4311205;Júlio de Castilhos;
RS;4311239;Lagoa Bonita do Sul;
RS;4311270;Lagoa dos Três Cantos;
RS;4311304;Lagoa Vermelha;Alto Pedregal
RS;4311304;Lagoa Vermelha;Boa Vista
RS;4311304;Lagoa Vermelha;Centro
RS;4311304;Lagoa Vermelha;Cohab
RS;4311304;Lagoa Vermelha;Colina da Lagoa
RS;4311304;Lagoa Vermelha;Distrito Industrial I
RS;4311304;Lagoa Vermelha;Distrito Industrial II
RS;4311304;Lagoa Vermelha;Ernani Dias de Moraes
RS;4311304;Lagoa Vermelha;Floresta
RS;4311304;Lagoa Vermelha;Gaúcha
RS;4311304;Lagoa Vermelha;Gentil
RS;4311304;Lagoa Vermelha;Industrial Santa Terezinha
RS;4311304;Lagoa Vermelha;Manoel Vieira da Fonseca
RS;4311304;Lagoa Vermelha;Medianeira
RS;4311304;Lagoa Vermelha;Nossa Senhora Aparecida
RS;4311304;Lagoa Vermelha;Nossa Senhora Consoladora
RS;4311304;Lagoa Vermelha;Nunes
RS;4311304;Lagoa Vermelha;Oliveira
RS;4311304;Lagoa Vermelha;Operário
RS;4311304;Lagoa Vermelha;Pajé
RS;4311304;Lagoa Vermelha;Pedregal
RS;4311304;Lagoa Vermelha;Rodrigues
RS;4311304;Lagoa Vermelha;São Cristóvão
RS;4311304;Lagoa Vermelha;São Cristovão
RS;4311304;Lagoa Vermelha;São José
RS;4311304;Lagoa Vermelha;São Sebastião
RS;4311304;Lagoa Vermelha;Suzana
RS;4311254;Lagoão;
RS;4311403;Lajeado;Alto do Parque
RS;4311403;Lajeado;Americano
RS;4311403;Lajeado;Bom Pastor
RS;4311403;Lajeado;Campestre
RS;4311403;Lajeado;Carneiros
RS;4311403;Lajeado;Centenário
RS;4311403;Lajeado;Centro
RS;4311403;Lajeado;Conservas
RS;4311403;Lajeado;Conventos
RS;4311403;Lajeado;das Nações
RS;4311403;Lajeado;Das Nações
RS;4311403;Lajeado;Floresta
RS;4311403;Lajeado;Florestal
RS;4311403;Lajeado;Hidráulica
RS;4311403;Lajeado;Igrejinha
RS;4311403;Lajeado;Imigrante
RS;4311403;Lajeado;Jardim do Cedro
RS;4311403;Lajeado;Moinhos
RS;4311403;Lajeado;Moinhos D'Água
RS;4311403;Lajeado;Montanha
RS;4311403;Lajeado;Morro Vinte e Cinco
RS;4311403;Lajeado;Olarias
RS;4311403;Lajeado;Planalto
RS;4311403;Lajeado;Santo André
RS;4311403;Lajeado;Santo Antônio
RS;4311403;Lajeado;São Bento
RS;4311403;Lajeado;São Cristóvão
RS;4311403;Lajeado;Universitário
RS;4311429;Lajeado do Bugre;
RS;4311502;Lavras do Sul;
RS;4311601;Liberato Salzano;Central
RS;4311601;Liberato Salzano;Leste
RS;4311601;Liberato Salzano;Norte
RS;4311601;Liberato Salzano;Oeste
RS;4311627;Lindolfo Collor;Centro
RS;4311627;Lindolfo Collor;Feldmann
RS;4311627;Lindolfo Collor;Quarenta e Oito Baixa
RS;4311643;Linha Nova;
RS;4311718;Maçambará;
RS;4311700;Machadinho;Canudinho
RS;4311700;Machadinho;Centro
RS;4311700;Machadinho;Harmonia
RS;4311700;Machadinho;Independência
RS;4311700;Machadinho;Manoel Machado
RS;4311734;Mampituba;
RS;4311759;Manoel Viana;Centro
RS;4311759;Manoel Viana;Cidade Alta
RS;4311759;Manoel Viana;Navegantes
RS;4311759;Manoel Viana;Progresso
RS;4311759;Manoel Viana;Restinga
RS;4311759;Manoel Viana;Vila Nova
RS;4311775;Maquiné;
RS;4311791;Maratá;
RS;4311809;Marau;
RS;4311908;Marcelino Ramos;
RS;4311981;Mariana Pimentel;
RS;4312005;Mariano Moro;
RS;4312054;Marques de Souza;Cidade D'água
RS;4312104;Mata;
RS;4312138;Mato Castelhano;
RS;4312153;Mato Leitão;
RS;4312179;Mato Queimado;
RS;4312203;Maximiliano de Almeida;
RS;4312252;Minas do Leão;Centro
RS;4312252;Minas do Leão;Coréia
RS;4312252;Minas do Leão;Recreio
RS;4312252;Minas do Leão;Santa Albina
RS;4312252;Minas do Leão;São José
RS;4312252;Minas do Leão;São Miguel
RS;4312302;Miraguaí;
RS;4312351;Montauri;
RS;4312377;Monte Alegre dos Campos;
RS;4312385;Monte Belo do Sul;
RS;4312401;Montenegro;Aeroclube
RS;4312401;Montenegro;Bela Vista
RS;4312401;Montenegro;Centenário
RS;4312401;Montenegro;Centro
RS;4312401;Montenegro;Cinco de Maio
RS;4312401;Montenegro;Estação
RS;4312401;Montenegro;Faxinal
RS;4312401;Montenegro;Ferroviário
RS;4312401;Montenegro;Germano Henke
RS;4312401;Montenegro;Imigração
RS;4312401;Montenegro;Industrial
RS;4312401;Montenegro;Municipal
RS;4312401;Montenegro;Olaria
RS;4312401;Montenegro;Panorama
RS;4312401;Montenegro;Passo do Manduca
RS;4312401;Montenegro;Porto dos Pereiras
RS;4312401;Montenegro;Progresso
RS;4312401;Montenegro;Rui Barbosa
RS;4312401;Montenegro;Santa Rita
RS;4312401;Montenegro;Santo Antônio
RS;4312401;Montenegro;São João
RS;4312401;Montenegro;São Paulo
RS;4312401;Montenegro;Senai
RS;4312401;Montenegro;Tanac
RS;4312401;Montenegro;Timbaúva
RS;4312401;Montenegro;Zootecnia
RS;4312427;Mormaço;
RS;4312443;Morrinhos do Sul;
RS;4312450;Morro Redondo;
RS;4312476;Morro Reuter;
RS;4312500;Mostardas;
RS;4312609;Muçum;Centro
RS;4312609;Muçum;Fátima
RS;4312609;Muçum;Guaporé
RS;4312609;Muçum;Jardim Cidade Alta
RS;4312609;Muçum;São José
RS;4312617;Muitos Capões;
RS;4312625;Muliterno;
RS;4312658;Não-Me-Toque;Alfredo Alzíro Roos
RS;4312658;Não-Me-Toque;Arlindo Hermes
RS;4312658;Não-Me-Toque;Boa Vista
RS;4312658;Não-Me-Toque;Centro
RS;4312658;Não-Me-Toque;Cohab
RS;4312658;Não-Me-Toque;Expodireto
RS;4312658;Não-Me-Toque;Industrial
RS;4312658;Não-Me-Toque;Ioris
RS;4312658;Não-Me-Toque;Ipiranga
RS;4312658;Não-Me-Toque;Jardim
RS;4312658;Não-Me-Toque;Martini
RS;4312658;Não-Me-Toque;Santo Antônio
RS;4312658;Não-Me-Toque;São João
RS;4312658;Não-Me-Toque;Solano
RS;4312658;Não-Me-Toque;Stara
RS;4312658;Não-Me-Toque;Três Irmãos
RS;4312658;Não-Me-Toque;Vargas
RS;4312658;Não-Me-Toque;Viau
RS;4312658;Não-Me-Toque;Vila Nova
RS;4312674;Nicolau Vergueiro;
RS;4312708;Nonoai;
RS;4312757;Nova Alvorada;
RS;4312807;Nova Araçá;
RS;4312906;Nova Bassano;
RS;4312955;Nova Boa Vista;
RS;4313003;Nova Bréscia;Belvedere
RS;4313003;Nova Bréscia;Bom Princípio
RS;4313003;Nova Bréscia;Centro
RS;4313003;Nova Bréscia;Itália
RS;4313003;Nova Bréscia;São Cristóvão
RS;4313003;Nova Bréscia;Vida Nova
RS;4313011;Nova Candelária;
RS;4313037;Nova Esperança do Sul;
RS;4313060;Nova Hartz;Bela Vista
RS;4313060;Nova Hartz;Centro
RS;4313060;Nova Hartz;das Rosas
RS;4313060;Nova Hartz;Das Rosas
RS;4313060;Nova Hartz;Imigrante
RS;4313060;Nova Hartz;Imigrantes
RS;4313060;Nova Hartz;Liberdade
RS;4313060;Nova Hartz;Primavera
RS;4313060;Nova Hartz;Progresso
RS;4313060;Nova Hartz;Vila Nova
RS;4313086;Nova Pádua;
RS;4313102;Nova Palma;
RS;4313201;Nova Petrópolis;Pousada da Neve
RS;4313300;Nova Prata;Basalto
RS;4313300;Nova Prata;Caravággio
RS;4313300;Nova Prata;Centro
RS;4313300;Nova Prata;Coroados
RS;4313300;Nova Prata;Industrial
RS;4313300;Nova Prata;Jardim de São Brás
RS;4313300;Nova Prata;Rio Branco
RS;4313300;Nova Prata;Sagrada Família
RS;4313300;Nova Prata;Santa Cruz
RS;4313300;Nova Prata;São Cristóvão
RS;4313300;Nova Prata;São Cristovão
RS;4313300;Nova Prata;São João Bosco
RS;4313300;Nova Prata;São Peregrino
RS;4313300;Nova Prata;Sem Nome
RS;4313300;Nova Prata;Vila Lenzi
RS;4313334;Nova Ramada;
RS;4313359;Nova Roma do Sul;
RS;4313375;Nova Santa Rita;
RS;4313490;Novo Barreiro;
RS;4313391;Novo Cabrais;
RS;4313409;Novo Hamburgo;Alpes do Vale
RS;4313409;Novo Hamburgo;Boa Saúde
RS;4313409;Novo Hamburgo;Boa Vista
RS;4313409;Novo Hamburgo;Canudos
RS;4313409;Novo Hamburgo;Centro
RS;4313409;Novo Hamburgo;Diehl
RS;4313409;Novo Hamburgo;Guarani
RS;4313409;Novo Hamburgo;Hamburgo Velho
RS;4313409;Novo Hamburgo;Ideal
RS;4313409;Novo Hamburgo;Industrial
RS;4313409;Novo Hamburgo;Liberdade
RS;4313409;Novo Hamburgo;Lomba Grande
RS;4313409;Novo Hamburgo;Mauá
RS;4313409;Novo Hamburgo;Operário
RS;4313409;Novo Hamburgo;Ouro Branco
RS;4313409;Novo Hamburgo;Pátria Nova
RS;4313409;Novo Hamburgo;Petrópolis
RS;4313409;Novo Hamburgo;Primavera
RS;4313409;Novo Hamburgo;Rincão
RS;4313409;Novo Hamburgo;Rio Branco
RS;4313409;Novo Hamburgo;Rondônia
RS;4313409;Novo Hamburgo;Roselândia
RS;4313409;Novo Hamburgo;Santo Afonso
RS;4313409;Novo Hamburgo;São Jorge
RS;4313409;Novo Hamburgo;São José
RS;4313409;Novo Hamburgo;Vila Nova
RS;4313409;Novo Hamburgo;Vila Rosa
RS;4313425;Novo Machado;
RS;4313441;Novo Tiradentes;
RS;4313466;Novo Xingu;
RS;4313508;Osório;Albatroz
RS;4313508;Osório;Caiu do Céu
RS;4313508;Osório;Caravagio
RS;4313508;Osório;Centro
RS;4313508;Osório;Encosta da Serra
RS;4313508;Osório;Farroupilha
RS;4313508;Osório;Glória
RS;4313508;Osório;Laranjeiras
RS;4313508;Osório;Medianeira
RS;4313508;Osório;Panorâmico
RS;4313508;Osório;Parque do Sol
RS;4313508;Osório;Parque Real
RS;4313508;Osório;Pitangas
RS;4313508;Osório;Popular
RS;4313508;Osório;Porto Lacustre
RS;4313508;Osório;Sulbrasileiro
RS;4313508;Osório;Vila da Serra
RS;4313607;Paim Filho;
RS;4313656;Palmares do Sul;
RS;4313706;Palmeira das Missões;
RS;4313805;Palmitinho;
RS;4313904;Panambi;Alto Paraíso
RS;4313904;Panambi;Alvorada
RS;4313904;Panambi;Arco-Íris
RS;4313904;Panambi;Becker
RS;4313904;Panambi;Bela Vista
RS;4313904;Panambi;Centro
RS;4313904;Panambi;Érica
RS;4313904;Panambi;Esperança
RS;4313904;Panambi;Fensterseifer
RS;4313904;Panambi;Fritsch
RS;4313904;Panambi;Italiana
RS;4313904;Panambi;Jaciandi
RS;4313904;Panambi;Jardim Paraguai
RS;4313904;Panambi;Kuhn
RS;4313904;Panambi;Medianeira
RS;4313904;Panambi;Morro Grosse
RS;4313904;Panambi;Nossa Senhora de Fátima
RS;4313904;Panambi;Parque Moinho Velho
RS;4313904;Panambi;Pavão
RS;4313904;Panambi;Piratini
RS;4313904;Panambi;Planalto
RS;4313904;Panambi;São Jorge
RS;4313904;Panambi;Serrano
RS;4313904;Panambi;Timbará
RS;4313904;Panambi;Trentini
RS;4313904;Panambi;Vila Nova
RS;4313904;Panambi;Zona Norte
RS;4313953;Pantano Grande;
RS;4314001;Paraí;
RS;4314027;Paraíso do Sul;
RS;4314035;Pareci Novo;
RS;4314050;Parobé;
RS;4314068;Passa Sete;
RS;4314076;Passo do Sobrado;
RS;4314100;Passo Fundo;José Alexandre Zachia
RS;4314134;Paulo Bento;
RS;4314159;Paverama;
RS;4314175;Pedras Altas;
RS;4314209;Pedro Osório;
RS;4314308;Pejuçara;Ângelo Furian
RS;4314308;Pejuçara;Catarina Bresolin Mastella
RS;4314308;Pejuçara;Centro
RS;4314308;Pejuçara;Modelo
RS;4314308;Pejuçara;Renascer
RS;4314308;Pejuçara;Rio Branco
RS;4314407;Pelotas;
RS;4314423;Picada Café;
RS;4314456;Pinhal;
RS;4314464;Pinhal da Serra;
RS;4314472;Pinhal Grande;Integração
RS;4314472;Pinhal Grande;Limeira
RS;4314472;Pinhal Grande;São José do Pinhal
RS;4314498;Pinheirinho do Vale;
RS;4314506;Pinheiro Machado;
RS;4314548;Pinto Bandeira;
RS;4314555;Pirapó;
RS;4314605;Piratini;Antônio José Emigdio
RS;4314605;Piratini;Barbosa Lessa
RS;4314605;Piratini;Bela Vista
RS;4314605;Piratini;Bento Gonçalves
RS;4314605;Piratini;Calcáreo
RS;4314605;Piratini;Centro
RS;4314605;Piratini;Cerro da Fumaça
RS;4314605;Piratini;das Trincheiras Republicanas
RS;4314605;Piratini;dos Moraes
RS;4314605;Piratini;Edi Amaral da Costa
RS;4314605;Piratini;Erni Pereira Alves
RS;4314605;Piratini;Farroupilha
RS;4314605;Piratini;Getúlio Vargas
RS;4314605;Piratini;Padre Reinaldo Wist
RS;4314605;Piratini;Parque da Bica
RS;4314605;Piratini;Passo da Vila
RS;4314605;Piratini;Pôr-do-Sol
RS;4314605;Piratini;Princesa Isabel
RS;4314605;Piratini;Pura Amaral
RS;4314605;Piratini;Silvio Citrine Pereira
RS;4314605;Piratini;Sinuelo
RS;4314605;Piratini;Vasco João Manetti
RS;4314605;Piratini;Vila Nova
RS;4314704;Planalto;Alvorada
RS;4314704;Planalto;Bom Pastor
RS;4314704;Planalto;Centro
RS;4314704;Planalto;Cristal
RS;4314704;Planalto;Grapia
RS;4314704;Planalto;Líder
RS;4314704;Planalto;Medianeira
RS;4314704;Planalto;Pró-Morar
RS;4314704;Planalto;São Cristóvão
RS;4314704;Planalto;São Miguel
RS;4314753;Poço das Antas;
RS;4314779;Pontão;
RS;4314787;Ponte Preta;
RS;4314803;Portão;
RS;4314902;Porto Alegre;Aberta dos Morros
RS;4314902;Porto Alegre;Agronomia
RS;4314902;Porto Alegre;Anchieta
RS;4314902;Porto Alegre;Arquipélago
RS;4314902;Porto Alegre;Auxiliadora
RS;4314902;Porto Alegre;Azenha
RS;4314902;Porto Alegre;Bela Vista
RS;4314902;Porto Alegre;Belém Novo
RS;4314902;Porto Alegre;Belém Velho
RS;4314902;Porto Alegre;Boa Vista
RS;4314902;Porto Alegre;Boa Vista do Sul
RS;4314902;Porto Alegre;Bom Fim
RS;4314902;Porto Alegre;Bom Jesus
RS;4314902;Porto Alegre;Bonfim
RS;4314902;Porto Alegre;Camaquã
RS;4314902;Porto Alegre;Campo Novo
RS;4314902;Porto Alegre;Cascata
RS;4314902;Porto Alegre;Cavalhada
RS;4314902;Porto Alegre;Centro Histórico
RS;4314902;Porto Alegre;Chácara das Pedras
RS;4314902;Porto Alegre;Chapéu do Sol
RS;4314902;Porto Alegre;Cidade Baixa
RS;4314902;Porto Alegre;Coronel Aparício Borges
RS;4314902;Porto Alegre;Costa e Silva
RS;4314902;Porto Alegre;Cristal
RS;4314902;Porto Alegre;Cristo Redentor
RS;4314902;Porto Alegre;Espírito Santo
RS;4314902;Porto Alegre;Extrema
RS;4314902;Porto Alegre;Farrapos
RS;4314902;Porto Alegre;Farroupilha
RS;4314902;Porto Alegre;Floresta
RS;4314902;Porto Alegre;Glória
RS;4314902;Porto Alegre;Guarujá
RS;4314902;Porto Alegre;Higienópolis
RS;4314902;Porto Alegre;Hípica
RS;4314902;Porto Alegre;Humaitá
RS;4314902;Porto Alegre;Independência
RS;4314902;Porto Alegre;Ipanema
RS;4314902;Porto Alegre;Jardim Botânico
RS;4314902;Porto Alegre;Jardim Carvalho
RS;4314902;Porto Alegre;Jardim do Carvalho
RS;4314902;Porto Alegre;Jardim do Salso
RS;4314902;Porto Alegre;Jardim Europa
RS;4314902;Porto Alegre;Jardim Floresta
RS;4314902;Porto Alegre;Jardim Isabel
RS;4314902;Porto Alegre;Jardim Itu
RS;4314902;Porto Alegre;Jardim Itu-Sabará
RS;4314902;Porto Alegre;Jardim Leopoldina
RS;4314902;Porto Alegre;Jardim Lindóia
RS;4314902;Porto Alegre;Jardim Sabará
RS;4314902;Porto Alegre;Jardim São Pedro
RS;4314902;Porto Alegre;Lageado
RS;4314902;Porto Alegre;Lami
RS;4314902;Porto Alegre;Lomba do Pinheiro
RS;4314902;Porto Alegre;Marcílio Dias
RS;4314902;Porto Alegre;Mário Quintana
RS;4314902;Porto Alegre;Medianeira
RS;4314902;Porto Alegre;Menino-Deus
RS;4314902;Porto Alegre;Moinhos de Vento
RS;4314902;Porto Alegre;Mont'Serrat
RS;4314902;Porto Alegre;Mont’Serrat
RS;4314902;Porto Alegre;Morro Santana
RS;4314902;Porto Alegre;Navegantes
RS;4314902;Porto Alegre;Nonoai
RS;4314902;Porto Alegre;Parque Santa Fé
RS;4314902;Porto Alegre;Partenon
RS;4314902;Porto Alegre;Passo da Areia
RS;4314902;Porto Alegre;Passo das Pedras
RS;4314902;Porto Alegre;Pedra Redonda
RS;4314902;Porto Alegre;Petrópolis
RS;4314902;Porto Alegre;Pitinga
RS;4314902;Porto Alegre;Ponta Grossa
RS;4314902;Porto Alegre;Praia de Belas
RS;4314902;Porto Alegre;Restinga
RS;4314902;Porto Alegre;Rio Branco
RS;4314902;Porto Alegre;Rubem Berta
RS;4314902;Porto Alegre;Santa Cecília
RS;4314902;Porto Alegre;Santa Maria Goretti
RS;4314902;Porto Alegre;Santa Rosa de Lima
RS;4314902;Porto Alegre;Santa Teresa
RS;4314902;Porto Alegre;Santa Tereza
RS;4314902;Porto Alegre;Santana
RS;4314902;Porto Alegre;Santo Antônio
RS;4314902;Porto Alegre;São Caetano
RS;4314902;Porto Alegre;São Geraldo
RS;4314902;Porto Alegre;São João
RS;4314902;Porto Alegre;São José
RS;4314902;Porto Alegre;São Sebastião
RS;4314902;Porto Alegre;Sarandi
RS;4314902;Porto Alegre;Serraria
RS;4314902;Porto Alegre;Sétimo Céu
RS;4314902;Porto Alegre;Teresópolis
RS;4314902;Porto Alegre;Três Figueiras
RS;4314902;Porto Alegre;Tristeza
RS;4314902;Porto Alegre;Vila Assunção
RS;4314902;Porto Alegre;Vila Conceição
RS;4314902;Porto Alegre;Vila Floresta
RS;4314902;Porto Alegre;Vila Ipiranga
RS;4314902;Porto Alegre;Vila Jardim
RS;4314902;Porto Alegre;Vila João Pessoa
RS;4314902;Porto Alegre;Vila Nova
RS;4314902;Porto Alegre;Vila São José
RS;4315008;Porto Lucena;
RS;4315057;Porto Mauá;
RS;4315073;Porto Vera Cruz;
RS;4315107;Porto Xavier;
RS;4315131;Pouso Novo;
RS;4315149;Presidente Lucena;
RS;4315156;Progresso;São Francisco
RS;4315172;Protásio Alves;
RS;4315206;Putinga;
RS;4315305;Quaraí;
RS;4315313;Quatro Irmãos;
RS;4315321;Quevedos;
RS;4315354;Quinze de Novembro;Bela Vista
RS;4315354;Quinze de Novembro;Centro
RS;4315354;Quinze de Novembro;Colina
RS;4315354;Quinze de Novembro;Princesa
RS;4315354;Quinze de Novembro;Três Palmeiras
RS;4315404;Redentora;
RS;4315453;Relvado;
RS;4315503;Restinga Sêca;
RS;4315552;Rio dos Índios;
RS;4315602;Rio Grande;Agostinho Petrone
RS;4315602;Rio Grande;América
RS;4315602;Rio Grande;Carlos Santos
RS;4315602;Rio Grande;Frederico Ernesto Buchholz
RS;4315602;Rio Grande;Getúlio Vargas
RS;4315602;Rio Grande;Imperial Marinheiro Marcílio Dias
RS;4315602;Rio Grande;Industrial Tamandaré
RS;4315602;Rio Grande;Miguel de Castro Moreira
RS;4315602;Rio Grande;Santa Rita de Cássia
RS;4315602;Rio Grande;Santa Tereza
RS;4315602;Rio Grande;São José Operário
RS;4315701;Rio Pardo;Auxiliadora
RS;4315701;Rio Pardo;Boa Vista
RS;4315701;Rio Pardo;Bom Fim
RS;4315701;Rio Pardo;Centro
RS;4315701;Rio Pardo;Do Rosário
RS;4315701;Rio Pardo;do Rosário
RS;4315701;Rio Pardo;Fortaleza
RS;4315701;Rio Pardo;Guerino
RS;4315701;Rio Pardo;Jardim Boa Vista
RS;4315701;Rio Pardo;Ramiz Galvão
RS;4315701;Rio Pardo;São João
RS;4315701;Rio Pardo;São Jorge
RS;4315750;Riozinho;
RS;4315800;Roca Sales;
RS;4315909;Rodeio Bonito;
RS;4315958;Rolador;Centro
RS;4315958;Rolador;Governador Leonel de Moura Brizola
RS;4315958;Rolador;Presidente Getúlio Dornelles Vargas
RS;4316006;Rolante;Alto Rolantinho
RS;4316006;Rolante;Fazenda Passos
RS;4316006;Rolante;Rio Branco
RS;4316006;Rolante;Rolantinho
RS;4316006;Rolante;Santo Antônio
RS;4316105;Ronda Alta;Centro
RS;4316105;Ronda Alta;Ipiranga
RS;4316105;Ronda Alta;Kiri
RS;4316105;Ronda Alta;Nossa Senhora Aparecida
RS;4316105;Ronda Alta;Santa Bárbara
RS;4316105;Ronda Alta;Santa Helena
RS;4316105;Ronda Alta;São Cristóvão
RS;4316105;Ronda Alta;São Cristovão
RS;4316105;Ronda Alta;Vila da Boa Esperança
RS;4316204;Rondinha;
RS;4316303;Roque Gonzales;
RS;4316402;Rosário do Sul;Adroaldo Rodrigues
RS;4316402;Rosário do Sul;Aliança
RS;4316402;Rosário do Sul;Ana Luiza
RS;4316402;Rosário do Sul;Analvina Severo Coelho
RS;4316402;Rosário do Sul;Antenor Miranda Rocha
RS;4316402;Rosário do Sul;Aracy Furtado
RS;4316402;Rosário do Sul;Areias Brancas
RS;4316402;Rosário do Sul;Artidor Ortiz
RS;4316402;Rosário do Sul;Centenário
RS;4316402;Rosário do Sul;Centro
RS;4316402;Rosário do Sul;Cirino Dorneles Apratto
RS;4316402;Rosário do Sul;Eligio Canestrini
RS;4316402;Rosário do Sul;Graciano Argemi
RS;4316402;Rosário do Sul;Jardim Paraíso
RS;4316402;Rosário do Sul;João Alves Osório
RS;4316402;Rosário do Sul;João Nunes da Silva
RS;4316402;Rosário do Sul;Jorge Arigoni
RS;4316402;Rosário do Sul;Lafar Azevedo
RS;4316402;Rosário do Sul;Lagoa
RS;4316402;Rosário do Sul;Nossa Senhora do Rosário
RS;4316402;Rosário do Sul;Oliverio Ramos de Vasconcelos
RS;4316402;Rosário do Sul;Planalto
RS;4316402;Rosário do Sul;Presidente Vargas
RS;4316402;Rosário do Sul;Primavera
RS;4316402;Rosário do Sul;Progresso
RS;4316402;Rosário do Sul;Rio Branco
RS;4316402;Rosário do Sul;Santa Marta
RS;4316402;Rosário do Sul;Santa Rita
RS;4316402;Rosário do Sul;Santo Antônio
RS;4316402;Rosário do Sul;Tenente Bandeira
RS;4316402;Rosário do Sul;Vila Monte
RS;4316402;Rosário do Sul;Vila Nova
RS;4316402;Rosário do Sul;Vila Prates
RS;4316402;Rosário do Sul;Vila Swift
RS;4316428;Sagrada Família;
RS;4316436;Saldanha Marinho;
RS;4316451;Salto do Jacuí;Centro
RS;4316451;Salto do Jacuí;Cruzeiro
RS;4316451;Salto do Jacuí;Harmonia
RS;4316451;Salto do Jacuí;Menino Deus
RS;4316451;Salto do Jacuí;Nossa Senhora dos Navegantes
RS;4316451;Salto do Jacuí;Portão
RS;4316451;Salto do Jacuí;Residencial Nova Jacuí
RS;4316477;Salvador das Missões;
RS;4316501;Salvador do Sul;Bela Vista
RS;4316501;Salvador do Sul;Centro
RS;4316501;Salvador do Sul;Estação
RS;4316501;Salvador do Sul;Liberdade
RS;4316501;Salvador do Sul;Linha do Meio
RS;4316501;Salvador do Sul;Santo Inácio
RS;4316501;Salvador do Sul;Vila Nova
RS;4316600;Sananduva;
RS;4317103;Sant'Ana do Livramento;Argiles
RS;4317103;Sant'Ana do Livramento;Armour
RS;4317103;Sant'Ana do Livramento;Batuva
RS;4317103;Sant'Ana do Livramento;Bela Vista
RS;4317103;Sant'Ana do Livramento;Brasília
RS;4317103;Sant'Ana do Livramento;Carajá
RS;4317103;Sant'Ana do Livramento;Carolina
RS;4317103;Sant'Ana do Livramento;Centro
RS;4317103;Sant'Ana do Livramento;Cerro do Depósito
RS;4317103;Sant'Ana do Livramento;Cohab do Armour
RS;4317103;Sant'Ana do Livramento;Divisa
RS;4317103;Sant'Ana do Livramento;Dos Jardins
RS;4317103;Sant'Ana do Livramento;dos Jardins
RS;4317103;Sant'Ana do Livramento;Fluminense
RS;4317103;Sant'Ana do Livramento;Fortim
RS;4317103;Sant'Ana do Livramento;Hidráulica
RS;4317103;Sant'Ana do Livramento;Industrial
RS;4317103;Sant'Ana do Livramento;Internacional
RS;4317103;Sant'Ana do Livramento;Kennedy
RS;4317103;Sant'Ana do Livramento;Km 5
RS;4317103;Sant'Ana do Livramento;Morada da Colina
RS;4317103;Sant'Ana do Livramento;Parque das Águas
RS;4317103;Sant'Ana do Livramento;Parque do Sol
RS;4317103;Sant'Ana do Livramento;Parque São José
RS;4317103;Sant'Ana do Livramento;Planalto
RS;4317103;Sant'Ana do Livramento;Prado
RS;4317103;Sant'Ana do Livramento;Real
RS;4317103;Sant'Ana do Livramento;Registro
RS;4317103;Sant'Ana do Livramento;São Paulo
RS;4317103;Sant'Ana do Livramento;Simon Bolivar
RS;4317103;Sant'Ana do Livramento;Tabatinga
RS;4317103;Sant'Ana do Livramento;Umbu
RS;4317103;Sant'Ana do Livramento;Wilson
RS;4316709;Santa Bárbara do Sul;Aparecida
RS;4316709;Santa Bárbara do Sul;Centro
RS;4316709;Santa Bárbara do Sul;Cerutti
RS;4316709;Santa Bárbara do Sul;Fátima
RS;4316709;Santa Bárbara do Sul;Loeblein
RS;4316709;Santa Bárbara do Sul;Morada do Sol
RS;4316709;Santa Bárbara do Sul;Padroeira
RS;4316709;Santa Bárbara do Sul;Tiradentes
RS;4316733;Santa Cecília do Sul;
RS;4316758;Santa Clara do Sul;
RS;4316808;Santa Cruz do Sul;Aliança
RS;4316808;Santa Cruz do Sul;Ana Nery
RS;4316808;Santa Cruz do Sul;Arroio Grande
RS;4316808;Santa Cruz do Sul;Avenida
RS;4316808;Santa Cruz do Sul;Belvedere
RS;4316808;Santa Cruz do Sul;Bom Fim
RS;4316808;Santa Cruz do Sul;Bom Jesus
RS;4316808;Santa Cruz do Sul;Bonfim
RS;4316808;Santa Cruz do Sul;Capão da Cruz
RS;4316808;Santa Cruz do Sul;Castelo Branco
RS;4316808;Santa Cruz do Sul;Centro
RS;4316808;Santa Cruz do Sul;Country
RS;4316808;Santa Cruz do Sul;Cristal
RS;4316808;Santa Cruz do Sul;Do Parque
RS;4316808;Santa Cruz do Sul;Dona Carlota
RS;4316808;Santa Cruz do Sul;Entrada Rio Pardinho
RS;4316808;Santa Cruz do Sul;Esmeralda
RS;4316808;Santa Cruz do Sul;Faxinal
RS;4316808;Santa Cruz do Sul;Faxinal Menino de Deus
RS;4316808;Santa Cruz do Sul;Figueira
RS;4316808;Santa Cruz do Sul;Germânia
RS;4316808;Santa Cruz do Sul;Glória
RS;4316808;Santa Cruz do Sul;Goiás
RS;4316808;Santa Cruz do Sul;Harmonia
RS;4316808;Santa Cruz do Sul;Higienópolis
RS;4316808;Santa Cruz do Sul;Imigrante
RS;4316808;Santa Cruz do Sul;Independência
RS;4316808;Santa Cruz do Sul;Jardim Europa
RS;4316808;Santa Cruz do Sul;João Alves
RS;4316808;Santa Cruz do Sul;Liberdade
RS;4316808;Santa Cruz do Sul;Linha Santa Cruz
RS;4316808;Santa Cruz do Sul;Linha Travessa Aeroporto
RS;4316808;Santa Cruz do Sul;Margarida
RS;4316808;Santa Cruz do Sul;Margarida - Aurora
RS;4316808;Santa Cruz do Sul;Menino Deus
RS;4316808;Santa Cruz do Sul;Monte Verde
RS;4316808;Santa Cruz do Sul;Navegantes
RS;4316808;Santa Cruz do Sul;Ohland
RS;4316808;Santa Cruz do Sul;Pedreira
RS;4316808;Santa Cruz do Sul;Piratini
RS;4316808;Santa Cruz do Sul;Progresso
RS;4316808;Santa Cruz do Sul;Rauber
RS;4316808;Santa Cruz do Sul;Renascença
RS;4316808;Santa Cruz do Sul;Santa Vitória
RS;4316808;Santa Cruz do Sul;Santo Antônio
RS;4316808;Santa Cruz do Sul;Santo Inácio
RS;4316808;Santa Cruz do Sul;Santuário
RS;4316808;Santa Cruz do Sul;São João
RS;4316808;Santa Cruz do Sul;Schulz
RS;4316808;Santa Cruz do Sul;Senai
RS;4316808;Santa Cruz do Sul;Universitário
RS;4316808;Santa Cruz do Sul;Várzea
RS;4316808;Santa Cruz do Sul;Verena
RS;4316808;Santa Cruz do Sul;Vila Nova
RS;4316808;Santa Cruz do Sul;Vila Schulz
RS;4316972;Santa Margarida do Sul;
RS;4316907;Santa Maria;Agro-Industrial
RS;4316907;Santa Maria;Boi Morto
RS;4316907;Santa Maria;Bonfim
RS;4316907;Santa Maria;Camobi
RS;4316907;Santa Maria;Campestre do Menino Deus
RS;4316907;Santa Maria;Carolina
RS;4316907;Santa Maria;Caturrita
RS;4316907;Santa Maria;Centro
RS;4316907;Santa Maria;Cerrito
RS;4316907;Santa Maria;Chácara das Flores
RS;4316907;Santa Maria;Divina Providência
RS;4316907;Santa Maria;Dom Antônio Reis
RS;4316907;Santa Maria;Duque de Caxias
RS;4316907;Santa Maria;Itararé
RS;4316907;Santa Maria;João Luiz Pozzobon
RS;4316907;Santa Maria;Juscelino Kubitschek
RS;4316907;Santa Maria;Km Três
RS;4316907;Santa Maria;Lorenzi
RS;4316907;Santa Maria;Menino Jesus
RS;4316907;Santa Maria;Noal
RS;4316907;Santa Maria;Nonoai
RS;4316907;Santa Maria;Nossa Senhora das Dores
RS;4316907;Santa Maria;Nossa Senhora de Fátima
RS;4316907;Santa Maria;Nossa Senhora de Lourdes
RS;4316907;Santa Maria;Nossa Senhora do Perpétuo Socorro
RS;4316907;Santa Maria;Nossa Senhora do Rosário
RS;4316907;Santa Maria;Nossa Senhora Medianeira
RS;4316907;Santa Maria;Nova Santa Marta
RS;4316907;Santa Maria;Passo D'Areia
RS;4316907;Santa Maria;Patronato
RS;4316907;Santa Maria;Pé de Platano
RS;4316907;Santa Maria;Pinheiro Machado
RS;4316907;Santa Maria;Presidente João Goulart
RS;4316907;Santa Maria;Renascença
RS;4316907;Santa Maria;Salgado Filho
RS;4316907;Santa Maria;São João
RS;4316907;Santa Maria;São José
RS;4316907;Santa Maria;Tancredo Neves
RS;4316907;Santa Maria;Tomazetti
RS;4316907;Santa Maria;Tomazzetti
RS;4316907;Santa Maria;Uglione
RS;4316907;Santa Maria;Urlândia
RS;4316956;Santa Maria do Herval;
RS;4317202;Santa Rosa;Auxiliadora
RS;4317202;Santa Rosa;Central
RS;4317202;Santa Rosa;Centro
RS;4317202;Santa Rosa;Cruzeiro
RS;4317202;Santa Rosa;Figueira
RS;4317202;Santa Rosa;Glória
RS;4317202;Santa Rosa;Industrial
RS;4317202;Santa Rosa;Planalto
RS;4317202;Santa Rosa;São Francisco
RS;4317202;Santa Rosa;Sulina
RS;4317202;Santa Rosa;Timbaúva
RS;4317251;Santa Tereza;
RS;4317301;Santa Vitória do Palmar;Aviação
RS;4317301;Santa Vitória do Palmar;Bento Gonçalves
RS;4317301;Santa Vitória do Palmar;Brasiliano
RS;4317301;Santa Vitória do Palmar;Cardeal
RS;4317301;Santa Vitória do Palmar;Centro
RS;4317301;Santa Vitória do Palmar;Coab II
RS;4317301;Santa Vitória do Palmar;Coxilha
RS;4317301;Santa Vitória do Palmar;Donatos
RS;4317301;Santa Vitória do Palmar;Getúlio Vargas
RS;4317301;Santa Vitória do Palmar;Jacinto
RS;4317301;Santa Vitória do Palmar;Porto Pindorama
RS;4317301;Santa Vitória do Palmar;Santa Júlia
RS;4317301;Santa Vitória do Palmar;São Miguel
RS;4317301;Santa Vitória do Palmar;Vila Nova
RS;4317301;Santa Vitória do Palmar;Vila Rodrigues
RS;4317301;Santa Vitória do Palmar;Vitoriense
RS;4317004;Santana da Boa Vista;
RS;4317400;Santiago;Alto da Boa Vista
RS;4317400;Santiago;Ana Martins Bonato
RS;4317400;Santiago;Atalaia
RS;4317400;Santiago;Belizário
RS;4317400;Santiago;Carlos Humberto
RS;4317400;Santiago;Castilhos
RS;4317400;Santiago;Centro
RS;4317400;Santiago;Céu Aberto
RS;4317400;Santiago;Daer
RS;4317400;Santiago;Guabiroba
RS;4317400;Santiago;Irmã Dulce
RS;4317400;Santiago;João Evangelista
RS;4317400;Santiago;Lulu Genro
RS;4317400;Santiago;Maria Alice Gomes
RS;4317400;Santiago;Missões
RS;4317400;Santiago;Monsenhor Assis
RS;4317400;Santiago;Nei Pereira
RS;4317400;Santiago;Presidente João Goulart
RS;4317400;Santiago;Riachuelo
RS;4317400;Santiago;Santiago Pompeu
RS;4317400;Santiago;São Jorge
RS;4317400;Santiago;São Vicente
RS;4317400;Santiago;Vila Itú
RS;4317400;Santiago;Vila Jardim dos Eucaliptos
RS;4317400;Santiago;Vila Nova
RS;4317400;Santiago;Vila Rica
RS;4317400;Santiago;Vista Alegre
RS;4317400;Santiago;Zamperetti
RS;4317509;Santo Ângelo;
RS;4317608;Santo Antônio da Patrulha;Bom Princípio
RS;4317608;Santo Antônio da Patrulha;Centro
RS;4317608;Santo Antônio da Patrulha;Cidade Alta
RS;4317608;Santo Antônio da Patrulha;Imigrantes
RS;4317608;Santo Antônio da Patrulha;Jaú
RS;4317608;Santo Antônio da Patrulha;Madre Teresa
RS;4317608;Santo Antônio da Patrulha;Menino Deus
RS;4317608;Santo Antônio da Patrulha;Passo dos Ramos
RS;4317608;Santo Antônio da Patrulha;Pitangueiras
RS;4317608;Santo Antônio da Patrulha;Santa Teresinha
RS;4317608;Santo Antônio da Patrulha;Várzea
RS;4317707;Santo Antônio das Missões;
RS;4317558;Santo Antônio do Palma;
RS;4317756;Santo Antônio do Planalto;
RS;4317806;Santo Augusto;Centro
RS;4317806;Santo Augusto;Cerro Azul
RS;4317806;Santo Augusto;Floresta
RS;4317806;Santo Augusto;Getúlio Vargas
RS;4317806;Santo Augusto;Glória
RS;4317806;Santo Augusto;Industrial
RS;4317806;Santo Augusto;Leonizio Gonzatto
RS;4317806;Santo Augusto;Petrópolis
RS;4317806;Santo Augusto;Santa Fé
RS;4317806;Santo Augusto;Santa Rita
RS;4317806;Santo Augusto;Santo Antônio
RS;4317806;Santo Augusto;São Francisco
RS;4317806;Santo Augusto;São João
RS;4317806;Santo Augusto;Tiradentes
RS;4317806;Santo Augusto;Zeca Silva
RS;4317905;Santo Cristo;
RS;4317954;Santo Expedito do Sul;
RS;4318002;São Borja;Bettin
RS;4318002;São Borja;Centro
RS;4318002;São Borja;Dr. Florencio Aquino Guimarães
RS;4318002;São Borja;Itachere
RS;4318002;São Borja;Maria do Carmo
RS;4318002;São Borja;Paraboi
RS;4318002;São Borja;Passo
RS;4318002;São Borja;Pirahy
RS;4318002;São Borja;Tiro
RS;4318002;São Borja;Várzea
RS;4318051;São Domingos do Sul;
RS;4318101;São Francisco de Assis;Ari Lopes
RS;4318101;São Francisco de Assis;Assis Brasil Martins de Bitencourt
RS;4318101;São Francisco de Assis;Centro
RS;4318101;São Francisco de Assis;Getúlio Vargas
RS;4318101;São Francisco de Assis;João de Deus
RS;4318101;São Francisco de Assis;João XXIII
RS;4318101;São Francisco de Assis;Padre Matheus Mandarino
RS;4318101;São Francisco de Assis;Santo Antônio das Olarias
RS;4318101;São Francisco de Assis;Vila Nova
RS;4318200;São Francisco de Paula;
RS;4318309;São Gabriel;3 de Outubro
RS;4318309;São Gabriel;Andrade
RS;4318309;São Gabriel;Baltar
RS;4318309;São Gabriel;Bela Vista
RS;4318309;São Gabriel;Bomfim
RS;4318309;São Gabriel;Centro
RS;4318309;São Gabriel;Cidade Nova
RS;4318309;São Gabriel;Corredor da Balança
RS;4318309;São Gabriel;Dr. Dácio
RS;4318309;São Gabriel;Élbio Vieira Vargas
RS;4318309;São Gabriel;Esplanada
RS;4318309;São Gabriel;Gabrielense
RS;4318309;São Gabriel;Independência
RS;4318309;São Gabriel;Jardim das Hortências
RS;4318309;São Gabriel;Jardim Europa
RS;4318309;São Gabriel;Jardim Primavera
RS;4318309;São Gabriel;Leal
RS;4318309;São Gabriel;Mariana
RS;4318309;São Gabriel;Medeiros
RS;4318309;São Gabriel;Menino Jesus
RS;4318309;São Gabriel;Morro do Sabiá
RS;4318309;São Gabriel;Novo Horizonte
RS;4318309;São Gabriel;San Isidro
RS;4318309;São Gabriel;Santa Isabel
RS;4318309;São Gabriel;Santo Antônio
RS;4318309;São Gabriel;São Bento
RS;4318309;São Gabriel;São Clemente
RS;4318309;São Gabriel;São Gregório
RS;4318309;São Gabriel;São Sebastião
RS;4318309;São Gabriel;Trilha
RS;4318309;São Gabriel;Universitário
RS;4318309;São Gabriel;Vargas
RS;4318309;São Gabriel;Vieira
RS;4318309;São Gabriel;Vila Maria
RS;4318309;São Gabriel;Vila Trindade
RS;4318309;São Gabriel;Vivenda
RS;4318309;São Gabriel;Zona Sul
RS;4318408;São Jerônimo;Bandeira Branca
RS;4318408;São Jerônimo;Bela Vista
RS;4318408;São Jerônimo;Centro
RS;4318408;São Jerônimo;Cidade Alta
RS;4318408;São Jerônimo;Cidade Baixa
RS;4318408;São Jerônimo;Fátima
RS;4318408;São Jerônimo;Padre Reus
RS;4318408;São Jerônimo;Passo D'Areia
RS;4318408;São Jerônimo;Princesa Isabel
RS;4318408;São Jerônimo;Quininho
RS;4318408;São Jerônimo;São Francisco
RS;4318408;São Jerônimo;São Thomas
RS;4318424;São João da Urtiga;
RS;4318432;São João do Polêsine;
RS;4318440;São Jorge;
RS;4318457;São José das Missões;
RS;4318465;São José do Herval;
RS;4318481;São José do Hortêncio;
RS;4318499;São José do Inhacorá;
RS;4318507;São José do Norte;
RS;4318606;São José do Ouro;Altos da Esperança
RS;4318606;São José do Ouro;Braço
RS;4318606;São José do Ouro;das Canções
RS;4318606;São José do Ouro;Das Canções
RS;4318606;São José do Ouro;Nossa Senhora da Saúde
RS;4318606;São José do Ouro;Operário
RS;4318606;São José do Ouro;Planalto
RS;4318606;São José do Ouro;São Francisco
RS;4318614;São José do Sul;
RS;4318622;São José dos Ausentes;
RS;4318705;São Leopoldo;Arroio da Manteiga
RS;4318705;São Leopoldo;Boa Vista
RS;4318705;São Leopoldo;Campestre
RS;4318705;São Leopoldo;Campina
RS;4318705;São Leopoldo;Centro
RS;4318705;São Leopoldo;Cristo Rei
RS;4318705;São Leopoldo;Duque de Caxias
RS;4318705;São Leopoldo;Fazenda São Borja
RS;4318705;São Leopoldo;Feitoria
RS;4318705;São Leopoldo;Fião
RS;4318705;São Leopoldo;Jardim América
RS;4318705;São Leopoldo;Morro do Espelho
RS;4318705;São Leopoldo;Padre Reus
RS;4318705;São Leopoldo;Pinheiro
RS;4318705;São Leopoldo;Rio Branco
RS;4318705;São Leopoldo;Rio dos Sinos
RS;4318705;São Leopoldo;Santa Teresa
RS;4318705;São Leopoldo;Santo André
RS;4318705;São Leopoldo;Santos Dumont
RS;4318705;São Leopoldo;São João Batista
RS;4318705;São Leopoldo;São José
RS;4318705;São Leopoldo;São Miguel
RS;4318705;São Leopoldo;Scharlau
RS;4318705;São Leopoldo;Vicentina
RS;4318804;São Lourenço do Sul;
RS;4318903;São Luiz Gonzaga;Agrícola
RS;4318903;São Luiz Gonzaga;Área Industrial
RS;4318903;São Luiz Gonzaga;Centro
RS;4318903;São Luiz Gonzaga;Duque de Caxias
RS;4318903;São Luiz Gonzaga;Gruta
RS;4318903;São Luiz Gonzaga;Joaquim Nascimento
RS;4318903;São Luiz Gonzaga;Maria Auxiliadora
RS;4318903;São Luiz Gonzaga;Monsenhor Wolski
RS;4318903;São Luiz Gonzaga;Oeste
RS;4318903;São Luiz Gonzaga;Pedreira
RS;4318903;São Luiz Gonzaga;Presidente Vargas
RS;4318903;São Luiz Gonzaga;Raimundo Gomes Neto
RS;4318903;São Luiz Gonzaga;Residencial Centenário
RS;4318903;São Luiz Gonzaga;Vila Fernando Ferrari
RS;4318903;São Luiz Gonzaga;Vila Floresta
RS;4318903;São Luiz Gonzaga;Vila Harmonia
RS;4318903;São Luiz Gonzaga;Vila Jauri
RS;4318903;São Luiz Gonzaga;Vila Loureiro
RS;4318903;São Luiz Gonzaga;Vila Marcos
RS;4318903;São Luiz Gonzaga;Vila Mário
RS;4318903;São Luiz Gonzaga;Vila Nova
RS;4318903;São Luiz Gonzaga;Vila Paz
RS;4318903;São Luiz Gonzaga;Vila Trinta
RS;4319000;São Marcos;Bela Vista
RS;4319000;São Marcos;Francisco Doncatto
RS;4319000;São Marcos;Henrique Pante
RS;4319000;São Marcos;Industrial
RS;4319000;São Marcos;Michelon
RS;4319000;São Marcos;Polo
RS;4319000;São Marcos;Santini
RS;4319000;São Marcos;Santo Antônio
RS;4319000;São Marcos;São José
RS;4319109;São Martinho;
RS;4319125;São Martinho da Serra;
RS;4319158;São Miguel das Missões;
RS;4319208;São Nicolau;
RS;4319307;São Paulo das Missões;
RS;4319356;São Pedro da Serra;
RS;4319364;São Pedro das Missões;
RS;4319372;São Pedro do Butiá;
RS;4319406;São Pedro do Sul;Canto Verde
RS;4319406;São Pedro do Sul;Nova Alemanha
RS;4319406;São Pedro do Sul;Riveira
RS;4319406;São Pedro do Sul;Vila Gaúcha
RS;4319406;São Pedro do Sul;Vila Linhares
RS;4319406;São Pedro do Sul;Vila Maturino de Oliveira Bello
RS;4319406;São Pedro do Sul;Vila Oliveira
RS;4319406;São Pedro do Sul;Vila Progresso
RS;4319406;São Pedro do Sul;Vila Santa Luzia
RS;4319406;São Pedro do Sul;Vila Santo Antônio
RS;4319406;São Pedro do Sul;Vila Schmidt
RS;4319406;São Pedro do Sul;Vila Trevo
RS;4319505;São Sebastião do Caí;
RS;4319604;São Sepé;Bela Vista
RS;4319604;São Sepé;Centro
RS;4319604;São Sepé;Cooperativa
RS;4319604;São Sepé;Cristo Rei
RS;4319604;São Sepé;Isolanda
RS;4319604;São Sepé;Kurtz
RS;4319604;São Sepé;Lili
RS;4319604;São Sepé;Lôndero
RS;4319604;São Sepé;Medianeira
RS;4319604;São Sepé;Pontes
RS;4319604;São Sepé;Rosa
RS;4319604;São Sepé;Santo Antônio
RS;4319604;São Sepé;Santos
RS;4319604;São Sepé;São Francisco
RS;4319604;São Sepé;Silveira
RS;4319604;São Sepé;Tatsch
RS;4319604;São Sepé;Walter
RS;4319703;São Valentim;
RS;4319711;São Valentim do Sul;São Cristóvão
RS;4319737;São Valério do Sul;
RS;4319752;São Vendelino;
RS;4319802;São Vicente do Sul;
RS;4319901;Sapiranga;Amaral Ribeiro
RS;4319901;Sapiranga;Centenário
RS;4319901;Sapiranga;Centro
RS;4319901;Sapiranga;Fazenda Leão
RS;4319901;Sapiranga;Ferrabraz
RS;4319901;Sapiranga;Floresta
RS;4319901;Sapiranga;Horizonte
RS;4319901;Sapiranga;Industrial
RS;4319901;Sapiranga;Oeste
RS;4319901;Sapiranga;Quatro Colonias
RS;4319901;Sapiranga;Santa Fe
RS;4319901;Sapiranga;São Jacó
RS;4319901;Sapiranga;São Luiz
RS;4319901;Sapiranga;Sete de Setembro
RS;4319901;Sapiranga;Vila Irma
RS;4319901;Sapiranga;Vila Nova
RS;4319901;Sapiranga;Voo Livre
RS;4320008;Sapucaia do Sul;
RS;4320107;Sarandi;
RS;4320206;Seberi;Boca da Picada
RS;4320206;Seberi;Centro
RS;4320206;Seberi;Nossa Senhora Aparecida
RS;4320206;Seberi;São José
RS;4320206;Seberi;São Luiz
RS;4320230;Sede Nova;
RS;4320263;Segredo;Nossa Senhora Aparecida
RS;4320263;Segredo;Renascer
RS;4320305;Selbach;
RS;4320321;Senador Salgado Filho;
RS;4320354;Sentinela do Sul;
RS;4320404;Serafina Corrêa;Aparecida
RS;4320404;Serafina Corrêa;Centro
RS;4320404;Serafina Corrêa;Gramadinho
RS;4320404;Serafina Corrêa;Planalto
RS;4320404;Serafina Corrêa;Santim
RS;4320453;Sério;
RS;4320503;Sertão;
RS;4320552;Sertão Santana;
RS;4320578;Sete de Setembro;
RS;4320602;Severiano de Almeida;
RS;4320651;Silveira Martins;
RS;4320677;Sinimbu;
RS;4320701;Sobradinho;Baixada
RS;4320701;Sobradinho;Centro
RS;4320701;Sobradinho;Copetti
RS;4320701;Sobradinho;Floresta
RS;4320701;Sobradinho;Industrial
RS;4320701;Sobradinho;Maieron
RS;4320701;Sobradinho;Medianeira
RS;4320701;Sobradinho;Peões
RS;4320701;Sobradinho;Pinhal
RS;4320701;Sobradinho;Pousada do Sol
RS;4320701;Sobradinho;Rio Branco
RS;4320701;Sobradinho;União
RS;4320701;Sobradinho;Vera Cruz
RS;4320800;Soledade;Botucaraí
RS;4320800;Soledade;Centro
RS;4320800;Soledade;Expedicionário
RS;4320800;Soledade;Farroupilha
RS;4320800;Soledade;Fontes
RS;4320800;Soledade;Ipiranga
RS;4320800;Soledade;Missões
RS;4320859;Tabaí;
RS;4320909;Tapejara;Centro
RS;4320909;Tapejara;Nazaré
RS;4320909;Tapejara;São Cristóvão
RS;4320909;Tapejara;São Paulo
RS;4320909;Tapejara;Treze de Maio
RS;4321006;Tapera;América
RS;4321006;Tapera;Azul
RS;4321006;Tapera;Centro
RS;4321006;Tapera;Oito de Maio
RS;4321006;Tapera;Pompéia
RS;4321006;Tapera;Progresso
RS;4321006;Tapera;Seminário
RS;4321006;Tapera;Vila Brasília
RS;4321006;Tapera;Vila Cohab
RS;4321006;Tapera;Vila Elisa Trevisan
RS;4321006;Tapera;Vila Promorar
RS;4321006;Tapera;Vila São Judas Tadeu
RS;4321105;Tapes;
RS;4321204;Taquara;Centro
RS;4321204;Taquara;Cruzeiro do Sul
RS;4321204;Taquara;Eldorado
RS;4321204;Taquara;Empresa
RS;4321204;Taquara;Fogão Gaúcho
RS;4321204;Taquara;Ideal
RS;4321204;Taquara;Jardim do Prado
RS;4321204;Taquara;Km 4
RS;4321204;Taquara;Medianeira
RS;4321204;Taquara;Morro da Cruz
RS;4321204;Taquara;Morro do Leôncio
RS;4321204;Taquara;Mundo Novo
RS;4321204;Taquara;Nossa Senhora de Fátima
RS;4321204;Taquara;Petrópolis
RS;4321204;Taquara;Picada Francesa
RS;4321204;Taquara;Recreio
RS;4321204;Taquara;Ronda
RS;4321204;Taquara;Sagrada Família
RS;4321204;Taquara;Santa Maria
RS;4321204;Taquara;Santa Rosa
RS;4321204;Taquara;Santa Terezinha
RS;4321204;Taquara;Tucanos
RS;4321303;Taquari;Caleira
RS;4321303;Taquari;Centro
RS;4321303;Taquari;Colônia Vinte de Setembro
RS;4321303;Taquari;Coqueiros
RS;4321303;Taquari;Léo Alvim Faller
RS;4321303;Taquari;Olaria
RS;4321303;Taquari;Passo da Aldeia
RS;4321303;Taquari;Prado
RS;4321303;Taquari;Praia
RS;4321303;Taquari;Santo Antônio
RS;4321303;Taquari;São João
RS;4321303;Taquari;União
RS;4321329;Taquaruçu do Sul;
RS;4321352;Tavares;
RS;4321402;Tenente Portela;Fries
RS;4321402;Tenente Portela;Teresa Verzeri
RS;4321402;Tenente Portela;Tereza Verzeri
RS;4321436;Terra de Areia;Bela Vista
RS;4321436;Terra de Areia;Centro
RS;4321436;Terra de Areia;Serraria
RS;4321451;Teutônia;Alesgut
RS;4321451;Teutônia;Boa Vista
RS;4321451;Teutônia;Canabarro
RS;4321451;Teutônia;Centro Administrativo
RS;4321451;Teutônia;Languiru
RS;4321451;Teutônia;Teutônia
RS;4321469;Tio Hugo;
RS;4321477;Tiradentes do Sul;
RS;4321493;Toropi;
RS;4321501;Torres;
RS;4321600;Tramandaí;Aldeia da Lagoa
RS;4321600;Tramandaí;Barra
RS;4321600;Tramandaí;Centro
RS;4321600;Tramandaí;Centro Lagoa
RS;4321600;Tramandaí;Cruzeiro do Sul I
RS;4321600;Tramandaí;Cruzeiro do Sul II
RS;4321600;Tramandaí;Estância
RS;4321600;Tramandaí;Indianópolis
RS;4321600;Tramandaí;Jardim Atlântico
RS;4321600;Tramandaí;Jardim do Éden
RS;4321600;Tramandaí;Litoral
RS;4321600;Tramandaí;Nova Tramandaí Plano A
RS;4321600;Tramandaí;Nova Tramandaí Plano B
RS;4321600;Tramandaí;Nova Tramandaí Zona Norte
RS;4321600;Tramandaí;Nova Tramandaí Zona Sul
RS;4321600;Tramandaí;Oásis Sul
RS;4321600;Tramandaí;Parque dos Presidentes
RS;4321600;Tramandaí;Parque Emboaba
RS;4321600;Tramandaí;Parque Histórico
RS;4321600;Tramandaí;Parque Humaitá
RS;4321600;Tramandaí;Portal do Éden
RS;4321600;Tramandaí;Recanto da Lagoa
RS;4321600;Tramandaí;São Francisco I
RS;4321600;Tramandaí;São Francisco II
RS;4321600;Tramandaí;São José
RS;4321600;Tramandaí;Tiarajú
RS;4321600;Tramandaí;Tiroleza
RS;4321600;Tramandaí;Tramandaí Beira-Mar
RS;4321600;Tramandaí;Tramandaí Sul
RS;4321600;Tramandaí;Zona Nova
RS;4321600;Tramandaí;Zona Nova Sul
RS;4321626;Travesseiro;
RS;4321634;Três Arroios;
RS;4321667;Três Cachoeiras;Bela Vista
RS;4321667;Três Cachoeiras;Centro
RS;4321667;Três Cachoeiras;Iate
RS;4321667;Três Cachoeiras;Nossa Senhora Aparecida
RS;4321667;Três Cachoeiras;Pontal
RS;4321667;Três Cachoeiras;Santa Rita
RS;4321667;Três Cachoeiras;São João
RS;4321709;Três Coroas;Águas Brancas
RS;4321709;Três Coroas;Centro
RS;4321709;Três Coroas;Encosta da Serra
RS;4321709;Três Coroas;Linha 28
RS;4321709;Três Coroas;Linha Café Baixa
RS;4321709;Três Coroas;Moreira
RS;4321709;Três Coroas;Quilombo
RS;4321709;Três Coroas;Sander
RS;4321709;Três Coroas;Vila Nova
RS;4321808;Três de Maio;
RS;4321832;Três Forquilhas;
RS;4321857;Três Palmeiras;Centro
RS;4321857;Três Palmeiras;Nossa Senhora Aparecida
RS;4321857;Três Palmeiras;São Luiz
RS;4321857;Três Palmeiras;São Pedro
RS;4321907;Três Passos;Centro
RS;4321907;Três Passos;Érico Veríssimo
RS;4321907;Três Passos;Frei Olímpio
RS;4321907;Três Passos;Frei Olimpio
RS;4321907;Três Passos;Glória
RS;4321907;Três Passos;Ildo Meneghetti
RS;4321907;Três Passos;Operário
RS;4321907;Três Passos;Pindorama
RS;4321907;Três Passos;Santa Inês
RS;4321907;Três Passos;Sulserra
RS;4321907;Três Passos;Weber
RS;4321956;Trindade do Sul;
RS;4322004;Triunfo;
RS;4322103;Tucunduva;
RS;4322152;Tunas;
RS;4322186;Tupanci do Sul;São José
RS;4322202;Tupanciretã;Ana do Nascimento Terra
RS;4322202;Tupanciretã;Antônio Augusto de Oliveira Terra
RS;4322202;Tupanciretã;Beck
RS;4322202;Tupanciretã;Centro
RS;4322202;Tupanciretã;Chiapetta
RS;4322202;Tupanciretã;Coronel Marcial Gonçalves Terra
RS;4322202;Tupanciretã;da Pedreira
RS;4322202;Tupanciretã;da Vila Elizabeth
RS;4322202;Tupanciretã;da Vila Gaúcha
RS;4322202;Tupanciretã;do Frigorífico
RS;4322202;Tupanciretã;do Gaúcho
RS;4322202;Tupanciretã;Jardim das Paineiras
RS;4322202;Tupanciretã;Juliana
RS;4322202;Tupanciretã;Medeiros
RS;4322202;Tupanciretã;Moraes
RS;4322202;Tupanciretã;Residencial Martins
RS;4322202;Tupanciretã;São Jorge
RS;4322202;Tupanciretã;Severo da Rosa
RS;4322251;Tupandi;
RS;4322301;Tuparendi;
RS;4322327;Turuçu;
RS;4322343;Ubiretama;
RS;4322350;União da Serra;
RS;4322376;Unistalda;Bertoldo Trindade
RS;4322376;Unistalda;Democratino da Silva Ribeiro
RS;4322376;Unistalda;Emiliano Trindade Prestes
RS;4322400;Uruguaiana;Aeroporto
RS;4322400;Uruguaiana;Alexandre Zachia
RS;4322400;Uruguaiana;Bela Vista
RS;4322400;Uruguaiana;Cabo Luiz Quevedo
RS;4322400;Uruguaiana;Centro
RS;4322400;Uruguaiana;Cidade Alegria
RS;4322400;Uruguaiana;Cidade Nova
RS;4322400;Uruguaiana;Distrito Rodoviário
RS;4322400;Uruguaiana;Emílio Brandi
RS;4322400;Uruguaiana;Francisca Tarrago
RS;4322400;Uruguaiana;Francisca Tarragô
RS;4322400;Uruguaiana;Ipiranga
RS;4322400;Uruguaiana;Jardim do Salso
RS;4322400;Uruguaiana;Jóquei Clube
RS;4322400;Uruguaiana;Mascarenhas de Moraes
RS;4322400;Uruguaiana;Nova Esperança
RS;4322400;Uruguaiana;Rio Branco
RS;4322400;Uruguaiana;Rui Ramos
RS;4322400;Uruguaiana;Salso de Baixo
RS;4322400;Uruguaiana;Santana
RS;4322400;Uruguaiana;Santo Antônio
RS;4322400;Uruguaiana;Santo Inácio
RS;4322400;Uruguaiana;São João
RS;4322400;Uruguaiana;São Miguel
RS;4322400;Uruguaiana;Tabajara Brites
RS;4322400;Uruguaiana;União das Vilas
RS;4322400;Uruguaiana;Vila Júlia
RS;4322509;Vacaria;Aeroporto
RS;4322509;Vacaria;Altos da Glória
RS;4322509;Vacaria;Barcellos
RS;4322509;Vacaria;Boeira
RS;4322509;Vacaria;Borges
RS;4322509;Vacaria;Carazinho
RS;4322509;Vacaria;Centro
RS;4322509;Vacaria;Chácara das Palmeiras
RS;4322509;Vacaria;Chico Mendes
RS;4322509;Vacaria;Cristal
RS;4322509;Vacaria;Cristina
RS;4322509;Vacaria;Diamantina
RS;4322509;Vacaria;Distrito Industrial I
RS;4322509;Vacaria;Distrito Industrial II
RS;4322509;Vacaria;Flora
RS;4322509;Vacaria;Franciosi
RS;4322509;Vacaria;Gasparetto
RS;4322509;Vacaria;Gaúcha
RS;4322509;Vacaria;Gertrudes
RS;4322509;Vacaria;Giacomet
RS;4322509;Vacaria;Glória
RS;4322509;Vacaria;Haideé
RS;4322509;Vacaria;Imperial
RS;4322509;Vacaria;Industrial
RS;4322509;Vacaria;Jardim América
RS;4322509;Vacaria;Jardim dos Pampas
RS;4322509;Vacaria;Jardim Toscano
RS;4322509;Vacaria;Kennedy
RS;4322509;Vacaria;Lindoca
RS;4322509;Vacaria;Lindóia
RS;4322509;Vacaria;Lomba Chata
RS;4322509;Vacaria;Mauá
RS;4322509;Vacaria;Minuano
RS;4322509;Vacaria;Monte Claro
RS;4322509;Vacaria;Municipal
RS;4322509;Vacaria;Nossa Senhora de Fátima
RS;4322509;Vacaria;Nossa Senhora de Oliveira
RS;4322509;Vacaria;Parque dos Rodeios
RS;4322509;Vacaria;Passo da Porteira
RS;4322509;Vacaria;Petrópolis
RS;4322509;Vacaria;Pinheiros
RS;4322509;Vacaria;Planalto
RS;4322509;Vacaria;Porcínio Pinto
RS;4322509;Vacaria;Pradense
RS;4322509;Vacaria;Samuel Guazzelli
RS;4322509;Vacaria;Santa Cruz
RS;4322509;Vacaria;Santa Terezinha
RS;4322509;Vacaria;Santana
RS;4322509;Vacaria;São Francisco
RS;4322509;Vacaria;São João
RS;4322509;Vacaria;São José
RS;4322509;Vacaria;Seminário
RS;4322509;Vacaria;Vêneto
RS;4322509;Vacaria;Vista Alegre
RS;4322509;Vacaria;Vitória
RS;4322533;Vale do Sol;
RS;4322541;Vale Real;Canto Krewer
RS;4322541;Vale Real;Centro
RS;4322541;Vale Real;Imigrante
RS;4322541;Vale Real;Krindges
RS;4322541;Vale Real;Morro Paris
RS;4322541;Vale Real;Recosta
RS;4322541;Vale Real;Vila Nova
RS;4322525;Vale Verde;
RS;4322558;Vanini;
RS;4322608;Venâncio Aires;Aviação
RS;4322608;Venâncio Aires;Battisti
RS;4322608;Venâncio Aires;Bela Vista
RS;4322608;Venâncio Aires;Brands
RS;4322608;Venâncio Aires;Brígida
RS;4322608;Venâncio Aires;Canto do Cedro
RS;4322608;Venâncio Aires;Centro
RS;4322608;Venâncio Aires;Cidade Alta
RS;4322608;Venâncio Aires;Cidade Nova
RS;4322608;Venâncio Aires;Coronel Brito
RS;4322608;Venâncio Aires;Cruzeiro
RS;4322608;Venâncio Aires;Diettrich
RS;4322608;Venâncio Aires;Gressler
RS;4322608;Venâncio Aires;Industrial
RS;4322608;Venâncio Aires;Leopoldina
RS;4322608;Venâncio Aires;Macedo
RS;4322608;Venâncio Aires;Morsch
RS;4322608;Venâncio Aires;Santa Tecla
RS;4322608;Venâncio Aires;São Francisco Xavier
RS;4322608;Venâncio Aires;União
RS;4322608;Venâncio Aires;Universitário
RS;4322608;Venâncio Aires;Xangrilá
RS;4322707;Vera Cruz;Araçá
RS;4322707;Vera Cruz;Arco Íris
RS;4322707;Vera Cruz;Boa Vista
RS;4322707;Vera Cruz;Bom Jesus
RS;4322707;Vera Cruz;Centro
RS;4322707;Vera Cruz;Cipriano de Oliveira
RS;4322707;Vera Cruz;Conventos
RS;4322707;Vera Cruz;Esmeralda
RS;4322707;Vera Cruz;Imigrantes
RS;4322707;Vera Cruz;Industrial
RS;4322707;Vera Cruz;Industrial 2
RS;4322707;Vera Cruz;Leopoldina
RS;4322707;Vera Cruz;Maria Rosália Pauli
RS;4322707;Vera Cruz;Rincão da Serra
RS;4322806;Veranópolis;Centro
RS;4322806;Veranópolis;Distrito Industrial
RS;4322806;Veranópolis;Distrito Industrial Ildo Parise
RS;4322806;Veranópolis;Femaçã
RS;4322806;Veranópolis;Medianeira
RS;4322806;Veranópolis;Medianeira 3
RS;4322806;Veranópolis;Palugana
RS;4322806;Veranópolis;Por do Sol
RS;4322806;Veranópolis;Renovação
RS;4322806;Veranópolis;Sagrado Coração de Jesus
RS;4322806;Veranópolis;Santa Lúcia
RS;4322806;Veranópolis;Santa Rita
RS;4322806;Veranópolis;Santo Antônio
RS;4322806;Veranópolis;São Francisco
RS;4322806;Veranópolis;São Pelegrino
RS;4322806;Veranópolis;Sapopema
RS;4322806;Veranópolis;Universal
RS;4322806;Veranópolis;Valverde
RS;4322806;Veranópolis;Vila Azul
RS;4322855;Vespasiano Corrêa;
RS;4322905;Viadutos;
RS;4323002;Viamão;Augusta
RS;4323002;Viamão;Branquinha
RS;4323002;Viamão;Cecília
RS;4323002;Viamão;Centro
RS;4323002;Viamão;Cocão
RS;4323002;Viamão;Elsa
RS;4323002;Viamão;Estância Grande
RS;4323002;Viamão;Fiuza
RS;4323002;Viamão;Krahe
RS;4323002;Viamão;Martinica
RS;4323002;Viamão;Parque Saint’Hilaire
RS;4323002;Viamão;Passo do Vigário
RS;4323002;Viamão;Querência
RS;4323002;Viamão;Santa Isabel
RS;4323002;Viamão;Santo Onofre
RS;4323002;Viamão;São Lucas
RS;4323002;Viamão;São Tomé
RS;4323002;Viamão;Tarumã
RS;4323002;Viamão;Viamópolis
RS;4323101;Vicente Dutra;Águas do Prado
RS;4323101;Vicente Dutra;Centro
RS;4323101;Vicente Dutra;Figueiras
RS;4323101;Vicente Dutra;Jateí
RS;4323101;Vicente Dutra;Nossa Senhora dos Navegantes
RS;4323101;Vicente Dutra;Uruguai
RS;4323200;Victor Graeff;
RS;4323309;Vila Flores;
RS;4323358;Vila Lângaro;
RS;4323408;Vila Maria;
RS;4323457;Vila Nova do Sul;
RS;4323507;Vista Alegre;Sagrado Coração de Jesus
RS;4323606;Vista Alegre do Prata;
RS;4323705;Vista Gaúcha;
RS;4323754;Vitória das Missões;
RS;4323770;Westfália;
RS;4323804;Xangri-lá;
SC;4200051;Abdon Batista;
SC;4200101;Abelardo Luz;
SC;4200200;Agrolândia;Centro
SC;4200200;Agrolândia;Ipiranga
SC;4200200;Agrolândia;São João
SC;4200200;Agrolândia;Siegel
SC;4200200;Agrolândia;Três Barras
SC;4200309;Agronômica;Arnoldo Cani
SC;4200309;Agronômica;Belo Horizonte
SC;4200309;Agronômica;Centro
SC;4200309;Agronômica;Lauro Pamplona
SC;4200309;Agronômica;Mosquito
SC;4200309;Agronômica;Primavera
SC;4200309;Agronômica;Regis
SC;4200408;Água Doce;Bom Jesus
SC;4200507;Águas de Chapecó;Centro
SC;4200507;Águas de Chapecó;Da Fita
SC;4200507;Águas de Chapecó;da Fita
SC;4200507;Águas de Chapecó;Nossa Senhora Aparecida
SC;4200507;Águas de Chapecó;Novo Horizonte
SC;4200507;Águas de Chapecó;São Cristóvão
SC;4200556;Águas Frias;Centro
SC;4200556;Águas Frias;Progresso
SC;4200606;Águas Mornas;
SC;4200705;Alfredo Wagner;
SC;4200754;Alto Bela Vista;
SC;4200804;Anchieta;
SC;4200903;Angelina;
SC;4201000;Anita Garibaldi;
SC;4201109;Anitápolis;
SC;4201208;Antônio Carlos;
SC;4201257;Apiúna;
SC;4201273;Arabutã;
SC;4201307;Araquari;Areias Pequenas
SC;4201307;Araquari;Barra do Itapocú
SC;4201307;Araquari;Barra do Itapocu
SC;4201307;Araquari;Centro
SC;4201307;Araquari;Colégio Agrícola
SC;4201307;Araquari;Corveta
SC;4201307;Araquari;Itapocu
SC;4201307;Araquari;Itapocú
SC;4201307;Araquari;Itinga
SC;4201307;Araquari;Porto grande
SC;4201307;Araquari;Rainha
SC;4201307;Araquari;Volta Redonda
SC;4201406;Araranguá;Aeroporto
SC;4201406;Araranguá;Alto Feliz
SC;4201406;Araranguá;Arapongas
SC;4201406;Araranguá;Barranca
SC;4201406;Araranguá;Canivete
SC;4201406;Araranguá;Caverazinho
SC;4201406;Araranguá;Centro
SC;4201406;Araranguá;Centro Cívico
SC;4201406;Araranguá;Cidade Alta
SC;4201406;Araranguá;Coloninha
SC;4201406;Araranguá;Divinéia
SC;4201406;Araranguá;Industrial
SC;4201406;Araranguá;Jardim Cibele
SC;4201406;Araranguá;Jardim Cibeli
SC;4201406;Araranguá;Jardim das Avenidas
SC;4201406;Araranguá;Lagoa da Serra
SC;4201406;Araranguá;Lagoão
SC;4201406;Araranguá;Mato Alto
SC;4201406;Araranguá;Morro dos Conventos Parte Alta
SC;4201406;Araranguá;Morro dos Conventos Parte Baixa
SC;4201406;Araranguá;Nova Divinéia
SC;4201406;Araranguá;Operária
SC;4201406;Araranguá;Paiquerê
SC;4201406;Araranguá;Polícia Rodoviária
SC;4201406;Araranguá;Sanga da Areia
SC;4201406;Araranguá;Sanga da Toca
SC;4201406;Araranguá;Sanga da Toca 1ª
SC;4201406;Araranguá;Santa Barbara
SC;4201406;Araranguá;Santa Catarina
SC;4201406;Araranguá;Santa Rosa de Lima
SC;4201406;Araranguá;Urussanguinha
SC;4201406;Araranguá;Vila São José
SC;4201505;Armazém;
SC;4201604;Arroio Trinta;
SC;4201653;Arvoredo;
SC;4201703;Ascurra;Centro
SC;4201703;Ascurra;Estação
SC;4201703;Ascurra;Ilse
SC;4201703;Ascurra;Monte Alegre
SC;4201703;Ascurra;Nossa Senhora de Lurdes
SC;4201703;Ascurra;Ribeirão São Paulo
SC;4201703;Ascurra;Saltinho
SC;4201703;Ascurra;Santa Bárbara
SC;4201703;Ascurra;São Francisco
SC;4201703;Ascurra;Vila Izabel
SC;4201703;Ascurra;Vila Nova
SC;4201802;Atalanta;
SC;4201901;Aurora;
SC;4201950;Balneário Arroio do Silva;
SC;4202057;Balneário Barra do Sul;Centro
SC;4202057;Balneário Barra do Sul;Costeira
SC;4202057;Balneário Barra do Sul;Linguado
SC;4202057;Balneário Barra do Sul;Pinheiros
SC;4202057;Balneário Barra do Sul;Salinas
SC;4202008;Balneário Camboriú;Ariribá
SC;4202008;Balneário Camboriú;Centro
SC;4202008;Balneário Camboriú;Da Barra
SC;4202008;Balneário Camboriú;da Barra
SC;4202008;Balneário Camboriú;Da Praia dos Amores
SC;4202008;Balneário Camboriú;da Praia dos Amores
SC;4202008;Balneário Camboriú;das Nações
SC;4202008;Balneário Camboriú;Das Nações
SC;4202008;Balneário Camboriú;dos Estados
SC;4202008;Balneário Camboriú;Dos Estados
SC;4202008;Balneário Camboriú;Dos Municípios
SC;4202008;Balneário Camboriú;dos Municípios
SC;4202008;Balneário Camboriú;dos Pioneiros
SC;4202008;Balneário Camboriú;Dos Pioneiros
SC;4202008;Balneário Camboriú;Jardim Iate Clube
SC;4202008;Balneário Camboriú;Nova Esperança
SC;4202008;Balneário Camboriú;Região das Praias
SC;4202008;Balneário Camboriú;São Judas Tadeu
SC;4202008;Balneário Camboriú;Várzea do Ranchinho
SC;4202008;Balneário Camboriú;Vila Real
SC;4202073;Balneário Gaivota;
SC;4212809;Balneário Piçarras;
SC;4220000;Balneário Rincão;
SC;4202081;Bandeirante;
SC;4202099;Barra Bonita;
SC;4202107;Barra Velha;
SC;4202131;Bela Vista do Toldo;
SC;4202156;Belmonte;
SC;4202206;Benedito Novo;
SC;4202305;Biguaçu;
SC;4202404;Blumenau;Água Verde
SC;4202404;Blumenau;Badenfurt
SC;4202404;Blumenau;Boa Vista
SC;4202404;Blumenau;Bom Retiro
SC;4202404;Blumenau;Centro
SC;4202404;Blumenau;da Glória
SC;4202404;Blumenau;Da Glória
SC;4202404;Blumenau;do Salto
SC;4202404;Blumenau;Escola Agrícola
SC;4202404;Blumenau;Fidélis
SC;4202404;Blumenau;Fortaleza
SC;4202404;Blumenau;Fortaleza Alta
SC;4202404;Blumenau;Garcia
SC;4202404;Blumenau;Itoupava Central
SC;4202404;Blumenau;Itoupava Norte
SC;4202404;Blumenau;Itoupava Seca
SC;4202404;Blumenau;Itoupavazinha
SC;4202404;Blumenau;Jardim Blumenau
SC;4202404;Blumenau;Nova Esperança
SC;4202404;Blumenau;Passo Manso
SC;4202404;Blumenau;Ponta Aguda
SC;4202404;Blumenau;Progresso
SC;4202404;Blumenau;Ribeirão Fresco
SC;4202404;Blumenau;Salto do Norte
SC;4202404;Blumenau;Salto Weissbach
SC;4202404;Blumenau;Testo Salto
SC;4202404;Blumenau;Tribess
SC;4202404;Blumenau;Valparaíso
SC;4202404;Blumenau;Velha
SC;4202404;Blumenau;Velha Central
SC;4202404;Blumenau;Velha Grande
SC;4202404;Blumenau;Victor Konder
SC;4202404;Blumenau;Vila Formosa
SC;4202404;Blumenau;Vila Itoupava
SC;4202404;Blumenau;Vila Nova
SC;4202404;Blumenau;Vorstadt
SC;4202438;Bocaina do Sul;
SC;4202503;Bom Jardim da Serra;
SC;4202537;Bom Jesus;Alto da Colina
SC;4202537;Bom Jesus;Centro
SC;4202537;Bom Jesus;Jardim Itália
SC;4202537;Bom Jesus;Renascer
SC;4202578;Bom Jesus do Oeste;
SC;4202602;Bom Retiro;
SC;4202453;Bombinhas;Bombas
SC;4202453;Bombinhas;Canto Grande
SC;4202453;Bombinhas;Centro
SC;4202453;Bombinhas;Mariscal
SC;4202453;Bombinhas;Morrinhos
SC;4202453;Bombinhas;Quatro Ilhas
SC;4202453;Bombinhas;Sertãozinho
SC;4202453;Bombinhas;Zé Amândio
SC;4202453;Bombinhas;Zimbros
SC;4202701;Botuverá;
SC;4202800;Braço do Norte;Bela Vista
SC;4202800;Braço do Norte;Centro
SC;4202800;Braço do Norte;Coloninha
SC;4202800;Braço do Norte;Floresta
SC;4202800;Braço do Norte;Inss
SC;4202800;Braço do Norte;Lado da União
SC;4202800;Braço do Norte;Nossa Senhora das Graças
SC;4202800;Braço do Norte;Nossa Senhora de Fátima
SC;4202800;Braço do Norte;Rio Bonito
SC;4202800;Braço do Norte;Santa Augusta
SC;4202800;Braço do Norte;Santa Paulina
SC;4202800;Braço do Norte;São Basílio
SC;4202800;Braço do Norte;São Francisco de Assis
SC;4202800;Braço do Norte;São Januário
SC;4202800;Braço do Norte;Sertão do Rio Bonito
SC;4202800;Braço do Norte;Trevo
SC;4202800;Braço do Norte;Uruguaia
SC;4202800;Braço do Norte;Vila Nova
SC;4202859;Braço do Trombudo;
SC;4202875;Brunópolis;
SC;4202909;Brusque;Águas Claras
SC;4202909;Brusque;Azambuja
SC;4202909;Brusque;Bateas
SC;4202909;Brusque;Cedro Alto
SC;4202909;Brusque;Centro 1
SC;4202909;Brusque;Centro 2
SC;4202909;Brusque;Dom Joaquim
SC;4202909;Brusque;Guarani
SC;4202909;Brusque;Jardim Maluche
SC;4202909;Brusque;Limeira
SC;4202909;Brusque;Loteamento Elias Silva
SC;4202909;Brusque;Maluche
SC;4202909;Brusque;Nova Brasília
SC;4202909;Brusque;Paquetá
SC;4202909;Brusque;Poço Fundo
SC;4202909;Brusque;Ponta Russa
SC;4202909;Brusque;Rio Branco
SC;4202909;Brusque;Santa Luzia
SC;4202909;Brusque;Santa Rita
SC;4202909;Brusque;Santa Terezinha
SC;4202909;Brusque;São Leopoldo
SC;4202909;Brusque;São Luís
SC;4202909;Brusque;São Pedro
SC;4202909;Brusque;São Sebastião
SC;4202909;Brusque;Souza Cruz
SC;4202909;Brusque;Steffen
SC;4202909;Brusque;Tomaz Coelho
SC;4202909;Brusque;Zantão
SC;4203006;Caçador;Aeroporto
SC;4203006;Caçador;Alto Bonito
SC;4203006;Caçador;Bello
SC;4203006;Caçador;Berger
SC;4203006;Caçador;Bom Jesus
SC;4203006;Caçador;Bom Sucesso
SC;4203006;Caçador;Centro
SC;4203006;Caçador;Champagnat
SC;4203006;Caçador;Der
SC;4203006;Caçador;Dos Municípios
SC;4203006;Caçador;dos Municípios
SC;4203006;Caçador;Figueroa
SC;4203006;Caçador;Gioppo
SC;4203006;Caçador;Industrial
SC;4203006;Caçador;Kurtz
SC;4203006;Caçador;Martello
SC;4203006;Caçador;Nossa Senhora Salete
SC;4203006;Caçador;Paraíso
SC;4203006;Caçador;Rancho Fundo
SC;4203006;Caçador;Reunidas
SC;4203006;Caçador;Santa Catarina
SC;4203006;Caçador;São Cristóvão
SC;4203006;Caçador;Sorgatto
SC;4203105;Caibi;
SC;4203154;Calmon;
SC;4203204;Camboriú;Areias
SC;4203204;Camboriú;Cedro
SC;4203204;Camboriú;Centro
SC;4203204;Camboriú;Conde Vila Verde
SC;4203204;Camboriú;Lídia Duarte
SC;4203204;Camboriú;Monte Alegre
SC;4203204;Camboriú;Rio Pequeno
SC;4203204;Camboriú;Santa Regina
SC;4203204;Camboriú;São Francisco de Assis
SC;4203204;Camboriú;Tabuleiro
SC;4203204;Camboriú;Várzea do Ranchinho
SC;4203303;Campo Alegre;Belo Horizonte
SC;4203303;Campo Alegre;Cascatas
SC;4203303;Campo Alegre;Centro
SC;4203303;Campo Alegre;Pinhais
SC;4203303;Campo Alegre;Santo Antônio
SC;4203402;Campo Belo do Sul;
SC;4203501;Campo Erê;Centro
SC;4203501;Campo Erê;das Flores
SC;4203501;Campo Erê;Das Flores
SC;4203501;Campo Erê;Melo
SC;4203501;Campo Erê;Primavera
SC;4203501;Campo Erê;São Cristóvão
SC;4203501;Campo Erê;São Francisco
SC;4203501;Campo Erê;Vila Feliz
SC;4203600;Campos Novos;Boa Vista
SC;4203600;Campos Novos;Centro
SC;4203600;Campos Novos;Ernesto Zortea
SC;4203600;Campos Novos;Jardim Bela Vista
SC;4203600;Campos Novos;Nossa Senhora Aparecida
SC;4203600;Campos Novos;Nossa Senhora de Lourdes
SC;4203600;Campos Novos;Santo Antônio
SC;4203600;Campos Novos;São Cristóvão
SC;4203600;Campos Novos;São Sebastião
SC;4203600;Campos Novos;Senhor Bom Jesus
SC;4203709;Canelinha;
SC;4203808;Canoinhas;Água Verde
SC;4203808;Canoinhas;Alto da Tijuca
SC;4203808;Canoinhas;Alto das Palmeiras
SC;4203808;Canoinhas;Boa Vista
SC;4203808;Canoinhas;Campo D'Água Verde
SC;4203808;Canoinhas;Centro
SC;4203808;Canoinhas;Industrial I
SC;4203808;Canoinhas;Industrial II
SC;4203808;Canoinhas;Jardim Esperança
SC;4203808;Canoinhas;Piedade
SC;4203808;Canoinhas;Sossêgo
SC;4203808;Canoinhas;Tricolin
SC;4203253;Capão Alto;
SC;4203907;Capinzal;
SC;4203956;Capivari de Baixo;Alvorada
SC;4203956;Capivari de Baixo;Caçador
SC;4203956;Capivari de Baixo;Centro
SC;4203956;Capivari de Baixo;Santa Lúcia
SC;4203956;Capivari de Baixo;Santo André
SC;4203956;Capivari de Baixo;Três de Maio
SC;4203956;Capivari de Baixo;Vila Flor
SC;4204004;Catanduvas;
SC;4204103;Caxambu do Sul;
SC;4204152;Celso Ramos;
SC;4204178;Cerro Negro;
SC;4204194;Chapadão do Lageado;
SC;4204202;Chapecó;Água Santa
SC;4204202;Chapecó;Alvorada
SC;4204202;Chapecó;Araras
SC;4204202;Chapecó;Bela Vista
SC;4204202;Chapecó;Belvedere
SC;4204202;Chapecó;Boa Vista
SC;4204202;Chapecó;Bom Pastor
SC;4204202;Chapecó;Bom Retiro
SC;4204202;Chapecó;Campestre
SC;4204202;Chapecó;Centro
SC;4204202;Chapecó;Cristo Rei
SC;4204202;Chapecó;Desbravador
SC;4204202;Chapecó;Dom Gerônimo
SC;4204202;Chapecó;Dom Pascoal
SC;4204202;Chapecó;Efapi
SC;4204202;Chapecó;Eldorado
SC;4204202;Chapecó;Engenho Braun
SC;4204202;Chapecó;Esplanada
SC;4204202;Chapecó;Fronteira Sul
SC;4204202;Chapecó;Industrial
SC;4204202;Chapecó;Jardim América
SC;4204202;Chapecó;Jardim Europa
SC;4204202;Chapecó;Jardim Itália
SC;4204202;Chapecó;Jardins
SC;4204202;Chapecó;Lajeado
SC;4204202;Chapecó;Líder
SC;4204202;Chapecó;Maria Goretti
SC;4204202;Chapecó;Monte Belo
SC;4204202;Chapecó;Palmital
SC;4204202;Chapecó;Paraíso
SC;4204202;Chapecó;Parque das Palmeiras
SC;4204202;Chapecó;Passo dos Fortes
SC;4204202;Chapecó;Pinheirinho
SC;4204202;Chapecó;Presidente Médici
SC;4204202;Chapecó;Progresso
SC;4204202;Chapecó;Quedas do Palmital
SC;4204202;Chapecó;Saic
SC;4204202;Chapecó;Santa Maria
SC;4204202;Chapecó;Santa Paulina
SC;4204202;Chapecó;Santo Antônio
SC;4204202;Chapecó;Santos Dumont
SC;4204202;Chapecó;São Cristóvão
SC;4204202;Chapecó;São Lucas
SC;4204202;Chapecó;São Pedro
SC;4204202;Chapecó;Seminário
SC;4204202;Chapecó;Trevo
SC;4204202;Chapecó;Universitário
SC;4204202;Chapecó;Vederti
SC;4204202;Chapecó;Vila Real
SC;4204202;Chapecó;Vila Rica
SC;4204251;Cocal do Sul;Boa Vista
SC;4204251;Cocal do Sul;Brasília
SC;4204251;Cocal do Sul;Centro
SC;4204251;Cocal do Sul;Cristo Rei
SC;4204251;Cocal do Sul;Guanabara
SC;4204251;Cocal do Sul;Horizonte
SC;4204251;Cocal do Sul;Jardim Bela Vista
SC;4204251;Cocal do Sul;Jardim das Palmeiras
SC;4204251;Cocal do Sul;Jardim Elizabeth
SC;4204251;Cocal do Sul;Jardim Itália
SC;4204251;Cocal do Sul;Monte Carlos
SC;4204251;Cocal do Sul;São João
SC;4204251;Cocal do Sul;União
SC;4204251;Cocal do Sul;Vila Nova
SC;4204301;Concórdia;Arvoredo
SC;4204301;Concórdia;Catarina Fontana
SC;4204301;Concórdia;Centro
SC;4204301;Concórdia;Cinquentenário
SC;4204301;Concórdia;Colibri
SC;4204301;Concórdia;Colinas
SC;4204301;Concórdia;Cristal
SC;4204301;Concórdia;Da Gruta
SC;4204301;Concórdia;da Gruta
SC;4204301;Concórdia;das Nações
SC;4204301;Concórdia;Das Nações
SC;4204301;Concórdia;Dos Estados
SC;4204301;Concórdia;dos Estados
SC;4204301;Concórdia;Dos Imigrantes
SC;4204301;Concórdia;dos Imigrantes
SC;4204301;Concórdia;Dos Industriários
SC;4204301;Concórdia;dos Industriários
SC;4204301;Concórdia;Flamengo
SC;4204301;Concórdia;Floresta
SC;4204301;Concórdia;Fragoso
SC;4204301;Concórdia;Guilherme Reich
SC;4204301;Concórdia;Imperial
SC;4204301;Concórdia;Industrial
SC;4204301;Concórdia;Itaíba
SC;4204301;Concórdia;Jardim
SC;4204301;Concórdia;Liberdade
SC;4204301;Concórdia;Natureza
SC;4204301;Concórdia;Nazaré
SC;4204301;Concórdia;Nossa Senhora da Salete
SC;4204301;Concórdia;Nova Brasília
SC;4204301;Concórdia;Parque de Exposição
SC;4204301;Concórdia;Parque de Exposições
SC;4204301;Concórdia;Petrópolis
SC;4204301;Concórdia;Poente do Sol
SC;4204301;Concórdia;Primavera
SC;4204301;Concórdia;Santa Cruz
SC;4204301;Concórdia;Santa Rita
SC;4204301;Concórdia;Santa Terezinha
SC;4204301;Concórdia;Santo Antônio
SC;4204301;Concórdia;São Cristóvão
SC;4204301;Concórdia;São José
SC;4204301;Concórdia;São Miguel
SC;4204301;Concórdia;São Paulo
SC;4204301;Concórdia;Sintrial
SC;4204301;Concórdia;Sunti
SC;4204301;Concórdia;Vila Jacob Biezus
SC;4204301;Concórdia;Vista Alegre
SC;4204350;Cordilheira Alta;Bela Vista
SC;4204350;Cordilheira Alta;Centro
SC;4204400;Coronel Freitas;
SC;4204459;Coronel Martins;
SC;4204558;Correia Pinto;
SC;4204509;Corupá;Ano Bom
SC;4204509;Corupá;Bomplandt
SC;4204509;Corupá;Caminho Pequeno
SC;4204509;Corupá;Centro
SC;4204509;Corupá;Itapocu
SC;4204509;Corupá;Itapocú
SC;4204509;Corupá;Izabel
SC;4204509;Corupá;João Tozini
SC;4204509;Corupá;Pedra de Amolar
SC;4204509;Corupá;Poço d'Anta
SC;4204509;Corupá;Rio Novo
SC;4204509;Corupá;Seminário
SC;4204509;Corupá;XV de Novembro
SC;4204608;Criciúma;Ana Maria
SC;4204608;Criciúma;Archimedes Naspolini
SC;4204608;Criciúma;Argentina
SC;4204608;Criciúma;Bairro Progresso
SC;4204608;Criciúma;Boa Vista
SC;4204608;Criciúma;Bosque do Repouso
SC;4204608;Criciúma;Brasília
SC;4204608;Criciúma;Buenos Aires
SC;4204608;Criciúma;Capão Bonito
SC;4204608;Criciúma;Ceará
SC;4204608;Criciúma;Centro
SC;4204608;Criciúma;Cidade Mineira Nova
SC;4204608;Criciúma;Cidade Mineira Velha
SC;4204608;Criciúma;Colonial
SC;4204608;Criciúma;Coloninha Zilli
SC;4204608;Criciúma;Comerciário
SC;4204608;Criciúma;Cristo Redentor
SC;4204608;Criciúma;Cruzeiro do Sul
SC;4204608;Criciúma;Dagostim
SC;4204608;Criciúma;Dagostin
SC;4204608;Criciúma;Demboski
SC;4204608;Criciúma;Distrito Industrial
SC;4204608;Criciúma;Fábio Silva
SC;4204608;Criciúma;Imigrantes
SC;4204608;Criciúma;Imperatriz
SC;4204608;Criciúma;Jardim Angélica
SC;4204608;Criciúma;Jardim das Paineiras
SC;4204608;Criciúma;Jardim Maristela
SC;4204608;Criciúma;Jardim Montevidéu
SC;4204608;Criciúma;Laranjinha
SC;4204608;Criciúma;Liberdade
SC;4204608;Criciúma;Linha Anta
SC;4204608;Criciúma;Linha Batista
SC;4204608;Criciúma;Linha Cabral
SC;4204608;Criciúma;Lote 6
SC;4204608;Criciúma;Lote Seis
SC;4204608;Criciúma;Mãe Luzia
SC;4204608;Criciúma;Maria Céu
SC;4204608;Criciúma;Metropol
SC;4204608;Criciúma;Michel
SC;4204608;Criciúma;Milanese
SC;4204608;Criciúma;Mina Brasil
SC;4204608;Criciúma;Mina do Mato
SC;4204608;Criciúma;Mina do Toco
SC;4204608;Criciúma;Mina União
SC;4204608;Criciúma;Monte Castelo
SC;4204608;Criciúma;Morro Albino
SC;4204608;Criciúma;Morro Estevão
SC;4204608;Criciúma;Nossa Senhora da Salete
SC;4204608;Criciúma;Nossa Senhora do Carmo
SC;4204608;Criciúma;Operária Nova
SC;4204608;Criciúma;Paraíso
SC;4204608;Criciúma;Pedro Zanivan
SC;4204608;Criciúma;Pinheirinho
SC;4204608;Criciúma;Pio Corrêa
SC;4204608;Criciúma;Pio Correa
SC;4204608;Criciúma;Poço Um
SC;4204608;Criciúma;Primeira Linha
SC;4204608;Criciúma;Primeira Linha Pontilhão
SC;4204608;Criciúma;Progresso
SC;4204608;Criciúma;Próspera
SC;4204608;Criciúma;Quarta Linha
SC;4204608;Criciúma;Recanto Verde
SC;4204608;Criciúma;Renascer
SC;4204608;Criciúma;Sangão
SC;4204608;Criciúma;Santa Augusta
SC;4204608;Criciúma;Santa Bárbara
SC;4204608;Criciúma;Santa Catarina
SC;4204608;Criciúma;Santa Luzia
SC;4204608;Criciúma;Santo Antônio
SC;4204608;Criciúma;São Cristóvão
SC;4204608;Criciúma;São Defende
SC;4204608;Criciúma;São Francisco
SC;4204608;Criciúma;São João
SC;4204608;Criciúma;São José
SC;4204608;Criciúma;São Luís
SC;4204608;Criciúma;São Marcos
SC;4204608;Criciúma;São Roque
SC;4204608;Criciúma;São Sebastião
SC;4204608;Criciúma;São Simão
SC;4204608;Criciúma;Tereza Cristina
SC;4204608;Criciúma;Universitário
SC;4204608;Criciúma;Vera Cruz
SC;4204608;Criciúma;Verdinho
SC;4204608;Criciúma;Vila Floresta I
SC;4204608;Criciúma;Vila Floresta II
SC;4204608;Criciúma;Vila Francesa
SC;4204608;Criciúma;Vila Isabel
SC;4204608;Criciúma;Vila Macarini
SC;4204608;Criciúma;Vila Manaus
SC;4204608;Criciúma;Vila Maria
SC;4204608;Criciúma;Vila Miguel
SC;4204608;Criciúma;Vila Nova Esperança
SC;4204608;Criciúma;Vila Rica
SC;4204608;Criciúma;Vila São Domingos
SC;4204608;Criciúma;Vila São José
SC;4204608;Criciúma;Vila Selinger
SC;4204608;Criciúma;Vila Visconde
SC;4204608;Criciúma;Vila Zuleima
SC;4204608;Criciúma;Wosocris
SC;4204707;Cunha Porã;Augusto Kempfer
SC;4204707;Cunha Porã;Bartz
SC;4204707;Cunha Porã;Bela Vista
SC;4204707;Cunha Porã;Bonfim
SC;4204707;Cunha Porã;Centro
SC;4204707;Cunha Porã;Cidade Alta
SC;4204707;Cunha Porã;Cohab
SC;4204707;Cunha Porã;Colina Verde
SC;4204707;Cunha Porã;Industrial
SC;4204707;Cunha Porã;Jardim
SC;4204707;Cunha Porã;Progresso
SC;4204707;Cunha Porã;Rodrigues
SC;4204707;Cunha Porã;Salfner
SC;4204756;Cunhataí;
SC;4204806;Curitibanos;Água Santa
SC;4204806;Curitibanos;Bom Jesus
SC;4204806;Curitibanos;Bosque
SC;4204806;Curitibanos;Centro
SC;4204806;Curitibanos;Conjunto Habitacional Anita Garibaldi
SC;4204806;Curitibanos;Getúlio Vargas
SC;4204806;Curitibanos;Santo Antônio de Pádua
SC;4204806;Curitibanos;São Francisco
SC;4204806;Curitibanos;São José
SC;4204806;Curitibanos;São Luiz
SC;4204806;Curitibanos;Universitário Waldemar Ortigari
SC;4204806;Curitibanos;Vila Nossa Senhora Aparecida
SC;4204905;Descanso;
SC;4205001;Dionísio Cerqueira;
SC;4205100;Dona Emma;Centro
SC;4205100;Dona Emma;Nova Esperança
SC;4205159;Doutor Pedrinho;Centro
SC;4205159;Doutor Pedrinho;Ribeirão Piave
SC;4205175;Entre Rios;
SC;4205191;Ermo;
SC;4205209;Erval Velho;
SC;4205308;Faxinal dos Guedes;1
SC;4205308;Faxinal dos Guedes;2
SC;4205308;Faxinal dos Guedes;3
SC;4205308;Faxinal dos Guedes;Antoniolli
SC;4205308;Faxinal dos Guedes;Centro
SC;4205308;Faxinal dos Guedes;João José Gehlen
SC;4205308;Faxinal dos Guedes;Ozelame
SC;4205308;Faxinal dos Guedes;Rosa
SC;4205308;Faxinal dos Guedes;São Cristóvão
SC;4205308;Faxinal dos Guedes;São José
SC;4205357;Flor do Sertão;
SC;4205407;Florianópolis;Abraão
SC;4205407;Florianópolis;Açores
SC;4205407;Florianópolis;Agronômica
SC;4205407;Florianópolis;Alto Ribeirão
SC;4205407;Florianópolis;Alto Ribeirão Leste
SC;4205407;Florianópolis;Armação
SC;4205407;Florianópolis;Autódromo
SC;4205407;Florianópolis;Balneário
SC;4205407;Florianópolis;Barra da Lagoa
SC;4205407;Florianópolis;Barra do Sambaqui
SC;4205407;Florianópolis;Base Aérea
SC;4205407;Florianópolis;Bom Abrigo
SC;4205407;Florianópolis;Cachoeira do Bom Jesus
SC;4205407;Florianópolis;Cachoeira do Bom Jesus Leste
SC;4205407;Florianópolis;Cacupé
SC;4205407;Florianópolis;Caiacanga
SC;4205407;Florianópolis;Caieira
SC;4205407;Florianópolis;Campeche Central
SC;4205407;Florianópolis;Campeche Leste
SC;4205407;Florianópolis;Campeche Norte
SC;4205407;Florianópolis;Campeche Sul
SC;4205407;Florianópolis;Campus
SC;4205407;Florianópolis;Canasvieiras
SC;4205407;Florianópolis;Canto
SC;4205407;Florianópolis;Canto da Lagoa
SC;4205407;Florianópolis;Canto do Lamim
SC;4205407;Florianópolis;Canto dos Araçás
SC;4205407;Florianópolis;Capivari
SC;4205407;Florianópolis;Capoeiras
SC;4205407;Florianópolis;Carianos
SC;4205407;Florianópolis;Centro
SC;4205407;Florianópolis;Coloninha
SC;4205407;Florianópolis;Coqueiros
SC;4205407;Florianópolis;Córrego Grande
SC;4205407;Florianópolis;Costeira do Pirajubaé
SC;4205407;Florianópolis;Costeira do Ribeirão
SC;4205407;Florianópolis;Daniela
SC;4205407;Florianópolis;Dunas da Lagoa
SC;4205407;Florianópolis;Estreito
SC;4205407;Florianópolis;Forte
SC;4205407;Florianópolis;Ingleses Centro
SC;4205407;Florianópolis;Ingleses Norte
SC;4205407;Florianópolis;Ingleses Sul
SC;4205407;Florianópolis;Itacorubi
SC;4205407;Florianópolis;Itaguaçu
SC;4205407;Florianópolis;Jardim Atlântico
SC;4205407;Florianópolis;João Paulo
SC;4205407;Florianópolis;José Mendes
SC;4205407;Florianópolis;Jurere
SC;4205407;Florianópolis;Jurerê
SC;4205407;Florianópolis;Jurere Leste
SC;4205407;Florianópolis;Jurere Oeste
SC;4205407;Florianópolis;Lagoa
SC;4205407;Florianópolis;Lagoa Pequena
SC;4205407;Florianópolis;Lagoinha do Norte
SC;4205407;Florianópolis;Moenda
SC;4205407;Florianópolis;Monte Cristo
SC;4205407;Florianópolis;Monte Verde
SC;4205407;Florianópolis;Morro das Pedras
SC;4205407;Florianópolis;Morro do Peralta
SC;4205407;Florianópolis;Pantanal
SC;4205407;Florianópolis;Pântano do Sul
SC;4205407;Florianópolis;Pedregal
SC;4205407;Florianópolis;Pedrita
SC;4205407;Florianópolis;Ponta das Canas
SC;4205407;Florianópolis;Porto da Lagoa
SC;4205407;Florianópolis;Praia Brava
SC;4205407;Florianópolis;Praia Mole
SC;4205407;Florianópolis;Ratones
SC;4205407;Florianópolis;Recanto dos Açores
SC;4205407;Florianópolis;Ressacada
SC;4205407;Florianópolis;Retiro
SC;4205407;Florianópolis;Ribeirão da Ilha
SC;4205407;Florianópolis;Rio das Pacas
SC;4205407;Florianópolis;Rio Tavares Central
SC;4205407;Florianópolis;Rio Tavares do Norte
SC;4205407;Florianópolis;Rio Vermelho
SC;4205407;Florianópolis;Saco dos Limões
SC;4205407;Florianópolis;Saco Grande
SC;4205407;Florianópolis;Sambaqui
SC;4205407;Florianópolis;Santa Mônica
SC;4205407;Florianópolis;Santinho
SC;4205407;Florianópolis;Santo Antônio
SC;4205407;Florianópolis;Tapera
SC;4205407;Florianópolis;Tapera da Base
SC;4205407;Florianópolis;Trindade
SC;4205407;Florianópolis;Vargem de Fora
SC;4205407;Florianópolis;Vargem do Bom Jesus
SC;4205407;Florianópolis;Vargem Grande
SC;4205407;Florianópolis;Vargem Pequena
SC;4205431;Formosa do Sul;
SC;4205456;Forquilhinha;Centro
SC;4205456;Forquilhinha;Cidade Alta
SC;4205456;Forquilhinha;Clarissa
SC;4205456;Forquilhinha;Nova York
SC;4205456;Forquilhinha;Ouro Negro
SC;4205456;Forquilhinha;Passo de São Roque
SC;4205456;Forquilhinha;Santa Ana
SC;4205456;Forquilhinha;Santa Clara
SC;4205456;Forquilhinha;Santa Cruz
SC;4205456;Forquilhinha;Santa Isabel
SC;4205456;Forquilhinha;Santa Líbera
SC;4205456;Forquilhinha;Saturno
SC;4205456;Forquilhinha;Vila Feltrin
SC;4205456;Forquilhinha;Vila Franca
SC;4205456;Forquilhinha;Vila Lourdes
SC;4205506;Fraiburgo;Bela Vista
SC;4205506;Fraiburgo;Butiá Verde
SC;4205506;Fraiburgo;Centro
SC;4205506;Fraiburgo;Colina do Sol
SC;4205506;Fraiburgo;das Nações
SC;4205506;Fraiburgo;Das Nações
SC;4205506;Fraiburgo;Dez de Dezembro
SC;4205506;Fraiburgo;Dez de Novembro
SC;4205506;Fraiburgo;Faxinal dos Carvalhos
SC;4205506;Fraiburgo;Fischer
SC;4205506;Fraiburgo;Jardim América
SC;4205506;Fraiburgo;Jardim das Araucárias
SC;4205506;Fraiburgo;Jardim das Hortências
SC;4205506;Fraiburgo;Liberata
SC;4205506;Fraiburgo;Macieira
SC;4205506;Fraiburgo;Nossa Senhora Aparecida
SC;4205506;Fraiburgo;Papuã
SC;4205506;Fraiburgo;Portal
SC;4205506;Fraiburgo;Roland Mayer
SC;4205506;Fraiburgo;Santa Mônica
SC;4205506;Fraiburgo;Santa Sara
SC;4205506;Fraiburgo;Santo Antônio
SC;4205506;Fraiburgo;São Cristóvão
SC;4205506;Fraiburgo;São José
SC;4205506;Fraiburgo;São Miguel
SC;4205506;Fraiburgo;São Roque
SC;4205506;Fraiburgo;São Sebastião
SC;4205506;Fraiburgo;Vila Salete
SC;4205555;Frei Rogério;
SC;4205605;Galvão;
SC;4205704;Garopaba;
SC;4205803;Garuva;Centro
SC;4205803;Garuva;Distrito Industrial Leste
SC;4205803;Garuva;Distrito Industrial Sul
SC;4205803;Garuva;Garuva Acima
SC;4205803;Garuva;Palmital
SC;4205803;Garuva;Rio da Onça
SC;4205803;Garuva;São João Abaixo
SC;4205803;Garuva;Urubuquara
SC;4205803;Garuva;Vila Trevo
SC;4205902;Gaspar;Alto Gasparinho
SC;4205902;Gaspar;Arraial D'Ouro
SC;4205902;Gaspar;Barracão
SC;4205902;Gaspar;Bateias
SC;4205902;Gaspar;Bela Vista
SC;4205902;Gaspar;Belchior Alto
SC;4205902;Gaspar;Belchior Baixo
SC;4205902;Gaspar;Belchior Central
SC;4205902;Gaspar;Centro
SC;4205902;Gaspar;Coloninha
SC;4205902;Gaspar;Figueira
SC;4205902;Gaspar;Gaspar Grande
SC;4205902;Gaspar;Gaspar Mirim
SC;4205902;Gaspar;Gasparinho
SC;4205902;Gaspar;Lagoa
SC;4205902;Gaspar;Macucos
SC;4205902;Gaspar;Margem Esquerda
SC;4205902;Gaspar;Poço Grande
SC;4205902;Gaspar;Santa Terezinha
SC;4205902;Gaspar;Sete de Setembro
SC;4206009;Governador Celso Ramos;
SC;4206108;Grão-Pará;
SC;4206207;Gravatal;
SC;4206306;Guabiruba;
SC;4206405;Guaraciaba;
SC;4206504;Guaramirim;Amizade
SC;4206504;Guaramirim;Avaí
SC;4206504;Guaramirim;Bananal do Sul
SC;4206504;Guaramirim;Barro Branco
SC;4206504;Guaramirim;Beira Rio
SC;4206504;Guaramirim;Caixa D'água
SC;4206504;Guaramirim;Centro
SC;4206504;Guaramirim;Corticeira
SC;4206504;Guaramirim;Escolinha
SC;4206504;Guaramirim;Figueirinha
SC;4206504;Guaramirim;Guamiranga
SC;4206504;Guaramirim;Ilha da Figueira
SC;4206504;Guaramirim;Imigrantes
SC;4206504;Guaramirim;Nova Esperança
SC;4206504;Guaramirim;Recanto Feliz
SC;4206504;Guaramirim;Rio Branco
SC;4206603;Guarujá do Sul;
SC;4206652;Guatambú;
SC;4206702;Herval d'Oeste;Centro
SC;4206702;Herval d'Oeste;Estação Luzerna
SC;4206702;Herval d'Oeste;Jardim José Rupp
SC;4206702;Herval d'Oeste;Nossa Senhora Aparecida
SC;4206702;Herval d'Oeste;Nossa Senhora de Fátima
SC;4206702;Herval d'Oeste;Santo Antônio
SC;4206702;Herval d'Oeste;São Jorge
SC;4206702;Herval d'Oeste;São Vicente
SC;4206702;Herval d'Oeste;Vila Militar
SC;4206702;Herval d'Oeste;Vila Rica
SC;4206751;Ibiam;
SC;4206801;Ibicaré;
SC;4206900;Ibirama;25 de Julho
SC;4206900;Ibirama;Anchieta
SC;4206900;Ibirama;Areado
SC;4206900;Ibirama;Bela Vista
SC;4206900;Ibirama;Centro
SC;4206900;Ibirama;Dalbérgia
SC;4206900;Ibirama;Nova Stettin
SC;4206900;Ibirama;Operário
SC;4206900;Ibirama;Ponto Chic
SC;4206900;Ibirama;Ponto Chik
SC;4206900;Ibirama;Progresso
SC;4206900;Ibirama;São Miguel
SC;4206900;Ibirama;Subida
SC;4206900;Ibirama;Taquaras
SC;4207007;Içara;Aurora
SC;4207007;Içara;Barracão
SC;4207007;Içara;Centro
SC;4207007;Içara;Cristo Rei
SC;4207007;Içara;Demboski
SC;4207007;Içara;Jaqueline
SC;4207007;Içara;Jardim Elizabete
SC;4207007;Içara;Jardim Silvana
SC;4207007;Içara;Liri
SC;4207007;Içara;Nossa Senhora de Fátima
SC;4207007;Içara;Presidente Vargas
SC;4207007;Içara;Primeiro de Maio
SC;4207007;Içara;Raichaski
SC;4207007;Içara;Tereza Cristina
SC;4207007;Içara;Vila Nova
SC;4207007;Içara;Vila São José
SC;4207106;Ilhota;
SC;4207205;Imaruí;
SC;4207304;Imbituba;Alto Arroio
SC;4207304;Imbituba;Araçatuba
SC;4207304;Imbituba;Arroio
SC;4207304;Imbituba;Arroio do Rosa
SC;4207304;Imbituba;Barra de Ibiraquera
SC;4207304;Imbituba;Boa Vista
SC;4207304;Imbituba;Campestre
SC;4207304;Imbituba;Campo D'Aviação
SC;4207304;Imbituba;Campo Duna
SC;4207304;Imbituba;Centro
SC;4207304;Imbituba;Guaiuba
SC;4207304;Imbituba;Ibiraquera
SC;4207304;Imbituba;Itapiruba
SC;4207304;Imbituba;Mirim
SC;4207304;Imbituba;Morro do Mirim
SC;4207304;Imbituba;Nova Brasília
SC;4207304;Imbituba;Paes Leme
SC;4207304;Imbituba;Penha
SC;4207304;Imbituba;Porto da Vila
SC;4207304;Imbituba;Ribanceira
SC;4207304;Imbituba;Roça Grande
SC;4207304;Imbituba;Sagrada Família
SC;4207304;Imbituba;Sambaqui
SC;4207304;Imbituba;São Tomaz
SC;4207304;Imbituba;Vila Alvorada
SC;4207304;Imbituba;Vila Esperança
SC;4207304;Imbituba;Vila Nova
SC;4207304;Imbituba;Vila Nova Alvorada
SC;4207304;Imbituba;Vila Santo Antônio
SC;4207304;Imbituba;Village
SC;4207403;Imbuia;
SC;4207502;Indaial;Arapongas
SC;4207502;Indaial;Benedito
SC;4207502;Indaial;Carijós
SC;4207502;Indaial;Centro
SC;4207502;Indaial;das Nações
SC;4207502;Indaial;Das Nações
SC;4207502;Indaial;do Sol
SC;4207502;Indaial;Do Sol
SC;4207502;Indaial;dos Estados
SC;4207502;Indaial;Encano Baixo
SC;4207502;Indaial;Encano do Norte
SC;4207502;Indaial;Estrada das Areias
SC;4207502;Indaial;Estradinha
SC;4207502;Indaial;João Paulo II
SC;4207502;Indaial;Mulde
SC;4207502;Indaial;Ribeirão das Pedras
SC;4207502;Indaial;Rio Morto
SC;4207502;Indaial;Tapajós
SC;4207502;Indaial;Warnow
SC;4207577;Iomerê;
SC;4207601;Ipira;
SC;4207650;Iporã do Oeste;Ruschel
SC;4207650;Iporã do Oeste;Vila Nova
SC;4207684;Ipuaçu;
SC;4207700;Ipumirim;
SC;4207759;Iraceminha;
SC;4207809;Irani;
SC;4207858;Irati;
SC;4207908;Irineópolis;Centro
SC;4207908;Irineópolis;dos Alemães
SC;4207908;Irineópolis;Geriza
SC;4207908;Irineópolis;Jardim Brand
SC;4207908;Irineópolis;Nossa Senhora Aparecida
SC;4207908;Irineópolis;São Francisco
SC;4207908;Irineópolis;Valões
SC;4208005;Itá;
SC;4208104;Itaiópolis;Alto Paraguaçu
SC;4208104;Itaiópolis;Bom Jesus
SC;4208104;Itaiópolis;Centro
SC;4208104;Itaiópolis;Lucena
SC;4208104;Itaiópolis;Nova Brasília
SC;4208104;Itaiópolis;Vila Gaúcha
SC;4208104;Itaiópolis;Vila Nova
SC;4208203;Itajaí;Barra do Rio
SC;4208203;Itajaí;Cabeçudas
SC;4208203;Itajaí;Canhanduba
SC;4208203;Itajaí;Centro
SC;4208203;Itajaí;Cidade Nova
SC;4208203;Itajaí;Cordeiros
SC;4208203;Itajaí;Dom Bosco
SC;4208203;Itajaí;Espinheiros
SC;4208203;Itajaí;Fazenda
SC;4208203;Itajaí;Itaipava
SC;4208203;Itajaí;Praia Brava
SC;4208203;Itajaí;Ressacada
SC;4208203;Itajaí;Salseiros
SC;4208203;Itajaí;São João
SC;4208203;Itajaí;São Judas
SC;4208203;Itajaí;São Vicente
SC;4208203;Itajaí;Vila Operária
SC;4208302;Itapema;Alto do São Bento
SC;4208302;Itapema;Andorinha
SC;4208302;Itapema;Canto da Praia
SC;4208302;Itapema;Casa Branca
SC;4208302;Itapema;Castelo Branco
SC;4208302;Itapema;Centro
SC;4208302;Itapema;Ilhota
SC;4208302;Itapema;Leopoldo Zarling
SC;4208302;Itapema;Meia Praia
SC;4208302;Itapema;Morretes
SC;4208302;Itapema;Sertãozinho
SC;4208302;Itapema;Taboleiro dos Oliveiras
SC;4208302;Itapema;Várzea
SC;4208401;Itapiranga;
SC;4208450;Itapoá;Barra do Saí
SC;4208450;Itapoá;Bom Retiro
SC;4208450;Itapoá;Figueira do Pontal
SC;4208450;Itapoá;Itapema do Norte
SC;4208450;Itapoá;Itapoá
SC;4208450;Itapoá;Pontal do Norte
SC;4208500;Ituporanga;Bela Vista
SC;4208500;Ituporanga;Boa Vista
SC;4208500;Ituporanga;Centro
SC;4208500;Ituporanga;Cerro Negro
SC;4208500;Ituporanga;da Gruta
SC;4208500;Ituporanga;Fachinal Vila Nova
SC;4208500;Ituporanga;Faxinal Vila Nova
SC;4208500;Ituporanga;Gabiroba
SC;4208500;Ituporanga;Jardim América
SC;4208500;Ituporanga;Nossa Senhora de Fátima
SC;4208500;Ituporanga;Salto Grande
SC;4208500;Ituporanga;Santo Antônio
SC;4208500;Ituporanga;Seminário
SC;4208500;Ituporanga;Vila Nova
SC;4208609;Jaborá;
SC;4208708;Jacinto Machado;Bela Vista
SC;4208708;Jacinto Machado;Centro
SC;4208708;Jacinto Machado;Figueira
SC;4208708;Jacinto Machado;Gávea
SC;4208708;Jacinto Machado;Jardim Arizona
SC;4208708;Jacinto Machado;Paraguai
SC;4208807;Jaguaruna;
SC;4208906;Jaraguá do Sul;Água Verde
SC;4208906;Jaraguá do Sul;Águas Claras
SC;4208906;Jaraguá do Sul;Amizade
SC;4208906;Jaraguá do Sul;Barra do Rio Cerro
SC;4208906;Jaraguá do Sul;Barra do Rio Molha
SC;4208906;Jaraguá do Sul;Boa Vista
SC;4208906;Jaraguá do Sul;Braço do Ribeirão Cavalo
SC;4208906;Jaraguá do Sul;Centenário
SC;4208906;Jaraguá do Sul;Centro
SC;4208906;Jaraguá do Sul;Chico de Paulo
SC;4208906;Jaraguá do Sul;Czerniewicz
SC;4208906;Jaraguá do Sul;Do Molha
SC;4208906;Jaraguá do Sul;do Molha
SC;4208906;Jaraguá do Sul;Estrada Nova
SC;4208906;Jaraguá do Sul;Ilha da Figueira
SC;4208906;Jaraguá do Sul;Jaraguá 84
SC;4208906;Jaraguá do Sul;Jaraguá 99
SC;4208906;Jaraguá do Sul;Jaraguá Esquerdo
SC;4208906;Jaraguá do Sul;João Pessoa
SC;4208906;Jaraguá do Sul;Nereu Ramos
SC;4208906;Jaraguá do Sul;Nova Brasília
SC;4208906;Jaraguá do Sul;Parque Malwee
SC;4208906;Jaraguá do Sul;Rau
SC;4208906;Jaraguá do Sul;Ribeirão do Cavalo
SC;4208906;Jaraguá do Sul;Rio Cerro I
SC;4208906;Jaraguá do Sul;Rio Cerro II
SC;4208906;Jaraguá do Sul;Rio da Luz
SC;4208906;Jaraguá do Sul;Santo Antônio
SC;4208906;Jaraguá do Sul;São Luís
SC;4208906;Jaraguá do Sul;Tifa Martins
SC;4208906;Jaraguá do Sul;Tifa Monos
SC;4208906;Jaraguá do Sul;Três Rios do Norte
SC;4208906;Jaraguá do Sul;Três Rios do Sul
SC;4208906;Jaraguá do Sul;Vieira
SC;4208906;Jaraguá do Sul;Vila Baependi
SC;4208906;Jaraguá do Sul;Vila Lalau
SC;4208906;Jaraguá do Sul;Vila Lenzi
SC;4208906;Jaraguá do Sul;Vila Nova
SC;4208955;Jardinópolis;
SC;4209003;Joaçaba;Anzolin
SC;4209003;Joaçaba;Caetano Branco
SC;4209003;Joaçaba;Centro
SC;4209003;Joaçaba;Clara Adélia
SC;4209003;Joaçaba;Contestado
SC;4209003;Joaçaba;Cruzeiro do Sul
SC;4209003;Joaçaba;Distrito Industrial
SC;4209003;Joaçaba;Flor da Serra
SC;4209003;Joaçaba;Frei Bruno
SC;4209003;Joaçaba;Jardim Cidade Alta
SC;4209003;Joaçaba;Menino Deus
SC;4209003;Joaçaba;Nossa Senhora de Lourdes
SC;4209003;Joaçaba;Santa Tereza
SC;4209003;Joaçaba;São Brás
SC;4209003;Joaçaba;Tobias
SC;4209003;Joaçaba;Vila Pedrini
SC;4209003;Joaçaba;Vila Remor
SC;4209102;Joinville;Adhemar Garcia
SC;4209102;Joinville;América
SC;4209102;Joinville;Anita Garibaldi
SC;4209102;Joinville;Atiradores
SC;4209102;Joinville;Aventureiro
SC;4209102;Joinville;Boa Vista
SC;4209102;Joinville;Boehmerwald
SC;4209102;Joinville;Boehmerwaldt
SC;4209102;Joinville;Bom Retiro
SC;4209102;Joinville;Bucarein
SC;4209102;Joinville;Centro
SC;4209102;Joinville;Comasa
SC;4209102;Joinville;Costa e Silva
SC;4209102;Joinville;Dona Francisca
SC;4209102;Joinville;Espinheiros
SC;4209102;Joinville;Fátima
SC;4209102;Joinville;Floresta
SC;4209102;Joinville;Glória
SC;4209102;Joinville;Guanabara
SC;4209102;Joinville;Iririú
SC;4209102;Joinville;Iririu
SC;4209102;Joinville;Itaum
SC;4209102;Joinville;Itinga
SC;4209102;Joinville;Jardim Iririú
SC;4209102;Joinville;Jardim Paraíso
SC;4209102;Joinville;Jardim Sofia
SC;4209102;Joinville;Jardim-Iririú
SC;4209102;Joinville;Jarivatuba
SC;4209102;Joinville;João Costa
SC;4209102;Joinville;Morro do Meio
SC;4209102;Joinville;Nova Brasília
SC;4209102;Joinville;Paranaguá-Mirim
SC;4209102;Joinville;Paranaguamirim
SC;4209102;Joinville;Parque Guarani
SC;4209102;Joinville;Parque Guaraní
SC;4209102;Joinville;Petrópolis
SC;4209102;Joinville;Pirabeiraba
SC;4209102;Joinville;Profipo
SC;4209102;Joinville;Rio Bonito
SC;4209102;Joinville;Saguaçu
SC;4209102;Joinville;Santa Catarina
SC;4209102;Joinville;Santo Antônio
SC;4209102;Joinville;São Marcos
SC;4209102;Joinville;Ulysses Guimarães
SC;4209102;Joinville;Vila Cubatão
SC;4209102;Joinville;Vila Nova
SC;4209102;Joinville;Zona Industrial 1
SC;4209102;Joinville;Zona Industrial 2
SC;4209151;José Boiteux;
SC;4209177;Jupiá;
SC;4209201;Lacerdópolis;
SC;4209300;Lages;Araucária
SC;4209300;Lages;Área Industrial
SC;4209300;Lages;Beatriz
SC;4209300;Lages;Bela Vista
SC;4209300;Lages;Bom Jesus
SC;4209300;Lages;Boqueirão
SC;4209300;Lages;Caça e Tiro
SC;4209300;Lages;Caravágio
SC;4209300;Lages;Caroba
SC;4209300;Lages;Cdl
SC;4209300;Lages;Centenário
SC;4209300;Lages;Centro
SC;4209300;Lages;Cidade Alta
SC;4209300;Lages;Conta Dinheiro
SC;4209300;Lages;Copacabana
SC;4209300;Lages;Coral
SC;4209300;Lages;Cruz de Malta
SC;4209300;Lages;Da Bates
SC;4209300;Lages;da Bates
SC;4209300;Lages;Da Brusque
SC;4209300;Lages;da Brusque
SC;4209300;Lages;da Chapada
SC;4209300;Lages;Da Chapada
SC;4209300;Lages;da Penha
SC;4209300;Lages;Da Penha
SC;4209300;Lages;da Várzea
SC;4209300;Lages;Da Várzea
SC;4209300;Lages;do Triângulo
SC;4209300;Lages;Do Triângulo
SC;4209300;Lages;do Tributo
SC;4209300;Lages;Do Tributo
SC;4209300;Lages;Dom Daniel
SC;4209300;Lages;Ferrovia
SC;4209300;Lages;Frei Rogério
SC;4209300;Lages;Gethal
SC;4209300;Lages;Guadalupe
SC;4209300;Lages;Guarujá
SC;4209300;Lages;Habitação
SC;4209300;Lages;Ipiranga
SC;4209300;Lages;Jardim Celina
SC;4209300;Lages;Jardim das Camélias
SC;4209300;Lages;Jardim Panorâmico
SC;4209300;Lages;Maria Luiza
SC;4209300;Lages;Morro do Posto
SC;4209300;Lages;Morro Grande
SC;4209300;Lages;Nossa Senhora Aparecida
SC;4209300;Lages;Passo Fundo
SC;4209300;Lages;Petrópolis
SC;4209300;Lages;Pinheiro Seco
SC;4209300;Lages;Pisani
SC;4209300;Lages;Ponte Grande
SC;4209300;Lages;Popular
SC;4209300;Lages;Promorar
SC;4209300;Lages;Restinga Seca
SC;4209300;Lages;Restinga Sêca
SC;4209300;Lages;Sagrado Coração de Jesus
SC;4209300;Lages;Santa Cândida
SC;4209300;Lages;Santa Catarina
SC;4209300;Lages;Santa Clara
SC;4209300;Lages;Santa Helena
SC;4209300;Lages;Santa Maria
SC;4209300;Lages;Santa Mônica
SC;4209300;Lages;Santa Rita
SC;4209300;Lages;Santo Antônio
SC;4209300;Lages;São Cristóvão
SC;4209300;Lages;São Francisco
SC;4209300;Lages;São Luiz
SC;4209300;Lages;São Miguel
SC;4209300;Lages;São Paulo
SC;4209300;Lages;São Pedro
SC;4209300;Lages;São Sebastião
SC;4209300;Lages;Universitário
SC;4209300;Lages;Vila Comboni
SC;4209300;Lages;Vila Maria
SC;4209300;Lages;Vila Mariza
SC;4209300;Lages;Vila Nova
SC;4209300;Lages;Vista Alegre
SC;4209409;Laguna;Balneário Laguna Internacional
SC;4209409;Laguna;Barbacena
SC;4209409;Laguna;Barranceira
SC;4209409;Laguna;Bentos
SC;4209409;Laguna;Cabeçudas
SC;4209409;Laguna;Campo de Fora
SC;4209409;Laguna;Centro
SC;4209409;Laguna;Esperança
SC;4209409;Laguna;Industrial
SC;4209409;Laguna;Jardim Juliana
SC;4209409;Laguna;Magalhães
SC;4209409;Laguna;Mar Grosso
SC;4209409;Laguna;Mato Alto
SC;4209409;Laguna;Navegantes
SC;4209409;Laguna;Portinho
SC;4209409;Laguna;Praia do Gi
SC;4209409;Laguna;Progresso
SC;4209409;Laguna;Vila Francisco de Assis Soares
SC;4209409;Laguna;Vila Ponta das Pedras
SC;4209409;Laguna;Vila Vitória
SC;4209458;Lajeado Grande;
SC;4209508;Laurentino;Baixo Amuado
SC;4209508;Laurentino;Barra Seca
SC;4209508;Laurentino;Braço Laurentino
SC;4209508;Laurentino;Caçador
SC;4209508;Laurentino;Centro
SC;4209508;Laurentino;Fruteira
SC;4209508;Laurentino;Ribeirão Basílio
SC;4209508;Laurentino;Ribeirão Laurentino
SC;4209508;Laurentino;Rodovia das Primaveras
SC;4209508;Laurentino;Vila Nova
SC;4209607;Lauro Müller;Arizona
SC;4209607;Lauro Müller;Barreiros
SC;4209607;Lauro Müller;Bela Vista
SC;4209607;Lauro Müller;Cairú
SC;4209607;Lauro Müller;Castelo
SC;4209607;Lauro Müller;Centro
SC;4209607;Lauro Müller;Centro de Barro Branco
SC;4209607;Lauro Müller;Centro de Guatá
SC;4209607;Lauro Müller;Coletora
SC;4209607;Lauro Müller;Içarense
SC;4209607;Lauro Müller;Km 1
SC;4209607;Lauro Müller;Rio Bonito
SC;4209607;Lauro Müller;Santa Bárbara
SC;4209607;Lauro Müller;Sumaré
SC;4209706;Lebon Régis;
SC;4209805;Leoberto Leal;
SC;4209854;Lindóia do Sul;
SC;4209904;Lontras;Bandeirantes
SC;4209904;Lontras;Centro
SC;4209904;Lontras;Concórdia
SC;4209904;Lontras;Dos Pioneiros
SC;4209904;Lontras;dos Pioneiros
SC;4209904;Lontras;Francisco Rauh
SC;4209904;Lontras;Jacobsen
SC;4209904;Lontras;Jardim Primavera
SC;4209904;Lontras;Margem Esquerda
SC;4209904;Lontras;Praça Onze
SC;4209904;Lontras;Riachuelo
SC;4209904;Lontras;Ribeirão do Salto
SC;4209904;Lontras;Salto Pilão
SC;4209904;Lontras;Vila Nova
SC;4210001;Luiz Alves;
SC;4210035;Luzerna;Centro
SC;4210035;Luzerna;Empresarial
SC;4210035;Luzerna;Jardim Itália
SC;4210035;Luzerna;Portal das Flores
SC;4210035;Luzerna;São Francisco
SC;4210035;Luzerna;São João
SC;4210035;Luzerna;Suzana
SC;4210035;Luzerna;Vila Alemanha
SC;4210035;Luzerna;Vila Nova
SC;4210050;Macieira;
SC;4210100;Mafra;Campo da Lança
SC;4210100;Mafra;Centro I - Baixada
SC;4210100;Mafra;Centro I-Baixada
SC;4210100;Mafra;Centro II - Alto de Mafra
SC;4210100;Mafra;Centro II-Alto de Mafra
SC;4210100;Mafra;do Autódromo
SC;4210100;Mafra;Do Autódromo
SC;4210100;Mafra;Espigão do Bugre
SC;4210100;Mafra;Faxinal
SC;4210100;Mafra;Fazenda Potreiro
SC;4210100;Mafra;Jardim América
SC;4210100;Mafra;Jardim do Moinho
SC;4210100;Mafra;Nossa Senhora Aparecida
SC;4210100;Mafra;Restinga
SC;4210100;Mafra;Vila Argentina
SC;4210100;Mafra;Vila Buenos Aires
SC;4210100;Mafra;Vila das Flores
SC;4210100;Mafra;Vila Ferroviária
SC;4210100;Mafra;Vila Formosa
SC;4210100;Mafra;Vila Ivete
SC;4210100;Mafra;Vila Nova
SC;4210209;Major Gercino;
SC;4210308;Major Vieira;
SC;4210407;Maracajá;
SC;4210506;Maravilha;Bela Vista
SC;4210506;Maravilha;Centro
SC;4210506;Maravilha;Civemara
SC;4210506;Maravilha;Floresta
SC;4210506;Maravilha;Frei Damião
SC;4210506;Maravilha;Industrial
SC;4210506;Maravilha;Jardim
SC;4210506;Maravilha;José de Anchieta
SC;4210506;Maravilha;Kasper
SC;4210506;Maravilha;Madalozzo
SC;4210506;Maravilha;Morada do Sol
SC;4210506;Maravilha;Novo Bairro
SC;4210506;Maravilha;Padre Antonio
SC;4210506;Maravilha;Padre Antônio
SC;4210506;Maravilha;Progresso
SC;4210506;Maravilha;São José
SC;4210506;Maravilha;União
SC;4210506;Maravilha;Universitário
SC;4210555;Marema;
SC;4210605;Massaranduba;Butuca
SC;4210605;Massaranduba;Centro
SC;4210605;Massaranduba;Guarani-Mirim
SC;4210605;Massaranduba;Industrial
SC;4210605;Massaranduba;Patrimônio
SC;4210704;Matos Costa;
SC;4210803;Meleiro;Centro
SC;4210803;Meleiro;Estreito
SC;4210803;Meleiro;Imigrantes
SC;4210803;Meleiro;Jardim América
SC;4210803;Meleiro;Jardim Itália
SC;4210803;Meleiro;Zanette
SC;4210852;Mirim Doce;Boa Vista
SC;4210852;Mirim Doce;Centro
SC;4210852;Mirim Doce;Nova Esperança
SC;4210852;Mirim Doce;Santa Lúcia
SC;4210852;Mirim Doce;Vila Nova
SC;4210902;Modelo;Alvorada
SC;4210902;Modelo;Araucária
SC;4210902;Modelo;Centro
SC;4210902;Modelo;Floresta
SC;4210902;Modelo;Iguaçú
SC;4210902;Modelo;Industrial
SC;4210902;Modelo;Jardim
SC;4210902;Modelo;Laranjeiras
SC;4210902;Modelo;Palmeiras
SC;4211009;Mondaí;Antas
SC;4211009;Mondaí;Bela Vista
SC;4211009;Mondaí;Capivara
SC;4211009;Mondaí;Centro
SC;4211009;Mondaí;Floresta
SC;4211009;Mondaí;Ipanema
SC;4211009;Mondaí;Jardim Cristiane
SC;4211009;Mondaí;Morada do Sol
SC;4211009;Mondaí;Uruguai
SC;4211058;Monte Carlo;Dos Ipês
SC;4211058;Monte Carlo;Nossa Senhora Aparecida
SC;4211058;Monte Carlo;Pôr do Sol
SC;4211058;Monte Carlo;Santo Antônio
SC;4211058;Monte Carlo;São Carlos
SC;4211108;Monte Castelo;
SC;4211207;Morro da Fumaça;Barracão
SC;4211207;Morro da Fumaça;Bortolatto
SC;4211207;Morro da Fumaça;Capelinha
SC;4211207;Morro da Fumaça;Centro
SC;4211207;Morro da Fumaça;De Costa
SC;4211207;Morro da Fumaça;de Costa
SC;4211207;Morro da Fumaça;Esperança
SC;4211207;Morro da Fumaça;Graziela
SC;4211207;Morro da Fumaça;Ibirapuera
SC;4211207;Morro da Fumaça;Industrial
SC;4211207;Morro da Fumaça;Jussara
SC;4211207;Morro da Fumaça;Maccari
SC;4211207;Morro da Fumaça;Menino Jesus
SC;4211207;Morro da Fumaça;Monte Verde
SC;4211207;Morro da Fumaça;Morro Maccari
SC;4211207;Morro da Fumaça;Naspolini
SC;4211207;Morro da Fumaça;Palladini
SC;4211207;Morro da Fumaça;Princesa Isabel
SC;4211256;Morro Grande;
SC;4211306;Navegantes;Centro
SC;4211306;Navegantes;De Gravatá
SC;4211306;Navegantes;de Gravatá
SC;4211306;Navegantes;de Machados
SC;4211306;Navegantes;De Machados
SC;4211306;Navegantes;de Pedreiras
SC;4211306;Navegantes;De Pedreiras
SC;4211306;Navegantes;Meia Praia
SC;4211306;Navegantes;Nossa Senhora das Graças
SC;4211306;Navegantes;São Domingos
SC;4211306;Navegantes;São Paulo
SC;4211306;Navegantes;São Pedro
SC;4211306;Navegantes;Volta Grande
SC;4211405;Nova Erechim;
SC;4211454;Nova Itaberaba;
SC;4211504;Nova Trento;
SC;4211603;Nova Veneza;Bortolotto
SC;4211603;Nova Veneza;Bortoluzzi
SC;4211603;Nova Veneza;Centro
SC;4211603;Nova Veneza;Elisa
SC;4211652;Novo Horizonte;
SC;4211702;Orleans;Aires Rodrigues
SC;4211702;Orleans;Alto Paraná
SC;4211702;Orleans;Barra do Rio Novo
SC;4211702;Orleans;Barro Vermelho
SC;4211702;Orleans;Barzan
SC;4211702;Orleans;Centro
SC;4211702;Orleans;Cohab
SC;4211702;Orleans;Coloninha
SC;4211702;Orleans;Conde D'Eu
SC;4211702;Orleans;Corridas
SC;4211702;Orleans;Km 92
SC;4211702;Orleans;Lomba
SC;4211702;Orleans;Murialdo
SC;4211702;Orleans;Orlando Bússolo
SC;4211702;Orleans;Otávio Dalazen
SC;4211702;Orleans;Rio Belo
SC;4211702;Orleans;Samuel Sandrini
SC;4211702;Orleans;Santista
SC;4211702;Orleans;São Gerônimo
SC;4211702;Orleans;Taipa
SC;4211751;Otacílio Costa;Área Industrial
SC;4211751;Otacílio Costa;Bem Morar
SC;4211751;Otacílio Costa;Casa Branca
SC;4211751;Otacílio Costa;Centro Administrativo
SC;4211751;Otacílio Costa;Centro Comercial Pinheiros
SC;4211751;Otacílio Costa;Fátima
SC;4211751;Otacílio Costa;Floriani
SC;4211751;Otacílio Costa;Igaras
SC;4211751;Otacílio Costa;João Rodrigues
SC;4211751;Otacílio Costa;Novo Mundo
SC;4211751;Otacílio Costa;Osvaldo Sardá
SC;4211751;Otacílio Costa;Poço Rico
SC;4211751;Otacílio Costa;Santa Catarina
SC;4211751;Otacílio Costa;Subestação
SC;4211751;Otacílio Costa;Targino
SC;4211801;Ouro;
SC;4211850;Ouro Verde;
SC;4211876;Paial;
SC;4211892;Painel;
SC;4211900;Palhoça;Ponta do Papagaio
SC;4211900;Palhoça;Ponte do Imaruim
SC;4212007;Palma Sola;
SC;4212056;Palmeira;
SC;4212106;Palmitos;Aurora
SC;4212106;Palmitos;Bagatini
SC;4212106;Palmitos;Bela Vista
SC;4212106;Palmitos;Bom Sucesso
SC;4212106;Palmitos;Bortolanza
SC;4212106;Palmitos;Centro
SC;4212106;Palmitos;Cristo Rei
SC;4212106;Palmitos;Industrial
SC;4212106;Palmitos;Machadinho
SC;4212106;Palmitos;Nossa Senhora do Rosário
SC;4212106;Palmitos;Progresso
SC;4212106;Palmitos;Resener
SC;4212106;Palmitos;Santa Terezinha
SC;4212106;Palmitos;Tancredo Neves
SC;4212205;Papanduva;
SC;4212239;Paraíso;
SC;4212254;Passo de Torres;
SC;4212270;Passos Maia;
SC;4212304;Paulo Lopes;
SC;4212403;Pedras Grandes;
SC;4212502;Penha;Centro
SC;4212502;Penha;Gravatá
SC;4212502;Penha;Nossa Senhora de Fátima
SC;4212502;Penha;Praia da Armação do Itapocorói
SC;4212502;Penha;Praia de Armação do Itapocorói
SC;4212502;Penha;Santa Lídia
SC;4212601;Peritiba;Centro
SC;4212601;Peritiba;Leste
SC;4212601;Peritiba;Norte
SC;4212601;Peritiba;Oeste
SC;4212601;Peritiba;Sul
SC;4212650;Pescaria Brava;
SC;4212700;Petrolândia;
SC;4212908;Pinhalzinho;Baixada Pioneira
SC;4212908;Pinhalzinho;Bela Vista
SC;4212908;Pinhalzinho;Centro
SC;4212908;Pinhalzinho;Centro Oeste
SC;4212908;Pinhalzinho;Efacip
SC;4212908;Pinhalzinho;Jardim Maria Terezinha
SC;4212908;Pinhalzinho;Nova Divinéia
SC;4212908;Pinhalzinho;Panorama
SC;4212908;Pinhalzinho;Pioneiro
SC;4212908;Pinhalzinho;Santo Antônio
SC;4212908;Pinhalzinho;São José
SC;4213005;Pinheiro Preto;Britador
SC;4213005;Pinheiro Preto;Centro
SC;4213005;Pinheiro Preto;São José
SC;4213005;Pinheiro Preto;Tranquilo Guzzi
SC;4213005;Pinheiro Preto;União
SC;4213005;Pinheiro Preto;Vila Bressan
SC;4213104;Piratuba;
SC;4213153;Planalto Alegre;
SC;4213203;Pomerode;Centro
SC;4213203;Pomerode;Pomerode Fundos
SC;4213203;Pomerode;Rega
SC;4213203;Pomerode;Ribeirão Areia
SC;4213203;Pomerode;Ribeirão Clara
SC;4213203;Pomerode;Ribeirão Herdt
SC;4213203;Pomerode;Ribeirão Luebke
SC;4213203;Pomerode;Ribeirão Souto
SC;4213203;Pomerode;Testo Alto
SC;4213203;Pomerode;Testo Central
SC;4213203;Pomerode;Testo Central Alto
SC;4213203;Pomerode;Testo Rega
SC;4213203;Pomerode;Vale do Selke Grande
SC;4213203;Pomerode;Vale do Selke Pequeno
SC;4213203;Pomerode;Wunderwald
SC;4213302;Ponte Alta;
SC;4213351;Ponte Alta do Norte;
SC;4213401;Ponte Serrada;
SC;4213500;Porto Belo;
SC;4213609;Porto União;Bela Vista
SC;4213609;Porto União;Centro
SC;4213609;Porto União;Cidade Nova
SC;4213609;Porto União;Pintado
SC;4213609;Porto União;Santa Rosa
SC;4213609;Porto União;São Francisco
SC;4213609;Porto União;São Pedro
SC;4213609;Porto União;Vice-King
SC;4213708;Pouso Redondo;Arno Siewerdt
SC;4213708;Pouso Redondo;Arroio Grande
SC;4213708;Pouso Redondo;Boa Vista
SC;4213708;Pouso Redondo;Centro
SC;4213708;Pouso Redondo;Independência
SC;4213708;Pouso Redondo;Leopoldo Mees
SC;4213708;Pouso Redondo;Planalto
SC;4213708;Pouso Redondo;Progresso
SC;4213708;Pouso Redondo;Saltinho
SC;4213708;Pouso Redondo;Vila Adelaide
SC;4213807;Praia Grande;
SC;4213906;Presidente Castello Branco;
SC;4214003;Presidente Getúlio;Centro
SC;4214003;Presidente Getúlio;Índio Esquerdo
SC;4214003;Presidente Getúlio;Niterói
SC;4214003;Presidente Getúlio;Pinheiro
SC;4214003;Presidente Getúlio;Pinheiro Alto
SC;4214003;Presidente Getúlio;Primavera
SC;4214003;Presidente Getúlio;Revólver
SC;4214003;Presidente Getúlio;Rio Ferro
SC;4214102;Presidente Nereu;
SC;4214151;Princesa;
SC;4214201;Quilombo;
SC;4214300;Rancho Queimado;
SC;4214409;Rio das Antas;
SC;4214508;Rio do Campo;Centro
SC;4214508;Rio do Campo;Cruzeiro
SC;4214508;Rio do Campo;Floresta
SC;4214508;Rio do Campo;Guanabara
SC;4214508;Rio do Campo;Sulbrasil
SC;4214508;Rio do Campo;Taiozinho
SC;4214607;Rio do Oeste;Bela Vista
SC;4214607;Rio do Oeste;Centro
SC;4214607;Rio do Oeste;Gabiroba
SC;4214607;Rio do Oeste;Jardim das Hortências
SC;4214607;Rio do Oeste;Jardim das Hortênsias
SC;4214607;Rio do Oeste;Jardim Primavera
SC;4214607;Rio do Oeste;Pioneiros
SC;4214607;Rio do Oeste;Ribeirão do Tigre
SC;4214607;Rio do Oeste;Vila Nova
SC;4214805;Rio do Sul;Albertina
SC;4214805;Rio do Sul;Barra do Trombudo
SC;4214805;Rio do Sul;Barra Itoupava
SC;4214805;Rio do Sul;Barragem
SC;4214805;Rio do Sul;Bela Aliança
SC;4214805;Rio do Sul;Boa Vista
SC;4214805;Rio do Sul;Bremer
SC;4214805;Rio do Sul;Budag
SC;4214805;Rio do Sul;Canoas
SC;4214805;Rio do Sul;Canta Galo
SC;4214805;Rio do Sul;Centro
SC;4214805;Rio do Sul;Eugênio Schneider
SC;4214805;Rio do Sul;Fundo Canoas
SC;4214805;Rio do Sul;Jardim América
SC;4214805;Rio do Sul;Laranjeiras
SC;4214805;Rio do Sul;Navegantes
SC;4214805;Rio do Sul;Pamplona
SC;4214805;Rio do Sul;Progresso
SC;4214805;Rio do Sul;Rainha
SC;4214805;Rio do Sul;Santa Rita
SC;4214805;Rio do Sul;Santana
SC;4214805;Rio do Sul;Sumaré
SC;4214805;Rio do Sul;Taboão
SC;4214805;Rio do Sul;Valada Itoupava
SC;4214805;Rio do Sul;Valada São Paulo
SC;4214706;Rio dos Cedros;Centro
SC;4214706;Rio dos Cedros;Cruzeiro
SC;4214706;Rio dos Cedros;Divinéia
SC;4214904;Rio Fortuna;Centro
SC;4214904;Rio Fortuna;Dois
SC;4214904;Rio Fortuna;Três
SC;4214904;Rio Fortuna;Um
SC;4215000;Rio Negrinho;Alegre
SC;4215000;Rio Negrinho;Barro Preto
SC;4215000;Rio Negrinho;Bela Vista
SC;4215000;Rio Negrinho;Campo Lençol
SC;4215000;Rio Negrinho;Centro
SC;4215000;Rio Negrinho;Ceramarte
SC;4215000;Rio Negrinho;Cruzeiro
SC;4215000;Rio Negrinho;Industrial Norte
SC;4215000;Rio Negrinho;Industrial Sul
SC;4215000;Rio Negrinho;Jardim Hantschel
SC;4215000;Rio Negrinho;Pinheirinho
SC;4215000;Rio Negrinho;Quitandinha
SC;4215000;Rio Negrinho;São Pedro
SC;4215000;Rio Negrinho;São Rafael
SC;4215000;Rio Negrinho;Vila Nova
SC;4215000;Rio Negrinho;Vista Alegre
SC;4215059;Rio Rufino;
SC;4215075;Riqueza;
SC;4215109;Rodeio;Centro
SC;4215109;Rodeio;Diamante
SC;4215109;Rodeio;Dos Lagos
SC;4215109;Rodeio;dos Lagos
SC;4215109;Rodeio;Gávea
SC;4215109;Rodeio;Glória
SC;4215109;Rodeio;Kaspereit
SC;4215109;Rodeio;Rio Morto
SC;4215109;Rodeio;Rodeio 12
SC;4215109;Rodeio;Rodeio 32
SC;4215109;Rodeio;Rodeio 50
SC;4215109;Rodeio;São Pedro Novo
SC;4215109;Rodeio;São Pedro Velho
SC;4215208;Romelândia;
SC;4215307;Salete;América
SC;4215307;Salete;Barra Grande
SC;4215307;Salete;Beira Rio
SC;4215307;Salete;Bela Vista
SC;4215307;Salete;Cachoeira
SC;4215307;Salete;Casan
SC;4215307;Salete;Centro
SC;4215307;Salete;São Cristóvão
SC;4215307;Salete;São José
SC;4215307;Salete;Schreiber
SC;4215307;Salete;Vila Nova
SC;4215356;Saltinho;Centro
SC;4215356;Saltinho;Cidade Alta
SC;4215356;Saltinho;Itaipu
SC;4215406;Salto Veloso;Centro
SC;4215406;Salto Veloso;Cidade Alta
SC;4215406;Salto Veloso;do Salto
SC;4215406;Salto Veloso;Escolar
SC;4215406;Salto Veloso;Industrial
SC;4215455;Sangão;
SC;4215505;Santa Cecília;Adolfo Corrêa da Silva
SC;4215505;Santa Cecília;Centro
SC;4215505;Santa Cecília;Condomínio Industrial Dagoberto Liebl
SC;4215505;Santa Cecília;Cristo Rei
SC;4215505;Santa Cecília;Gilberto Grochovski
SC;4215505;Santa Cecília;Guilherme Granemann Rauen
SC;4215505;Santa Cecília;Industrial I Claudino Ceolla
SC;4215505;Santa Cecília;Industrial II Valdemar Fogaça de Souza
SC;4215505;Santa Cecília;Jair Arbegaus
SC;4215505;Santa Cecília;João Corrêa da Silva
SC;4215505;Santa Cecília;Marciliano Fernandes
SC;4215505;Santa Cecília;Morada Por do Sol
SC;4215505;Santa Cecília;Nossa Senhora Aparecida
SC;4215505;Santa Cecília;São Cristóvão
SC;4215554;Santa Helena;
SC;4215604;Santa Rosa de Lima;Margem Direita do Rio Braço do Norte
SC;4215604;Santa Rosa de Lima;Margem Esquerda do Rio Braço do Norte
SC;4215653;Santa Rosa do Sul;
SC;4215679;Santa Terezinha;
SC;4215687;Santa Terezinha do Progresso;
SC;4215695;Santiago do Sul;
SC;4215703;Santo Amaro da Imperatriz;
SC;4215802;São Bento do Sul;Alpino
SC;4215802;São Bento do Sul;Bela Aliança
SC;4215802;São Bento do Sul;Boehmerwald
SC;4215802;São Bento do Sul;Brasília
SC;4215802;São Bento do Sul;Centenário
SC;4215802;São Bento do Sul;Centro
SC;4215802;São Bento do Sul;Colonial
SC;4215802;São Bento do Sul;Cruzeiro
SC;4215802;São Bento do Sul;Dona Francisca
SC;4215802;São Bento do Sul;Industrial Sudoeste
SC;4215802;São Bento do Sul;Lençol
SC;4215802;São Bento do Sul;Mato Preto
SC;4215802;São Bento do Sul;Oxford
SC;4215802;São Bento do Sul;Progresso
SC;4215802;São Bento do Sul;Rio Negro
SC;4215802;São Bento do Sul;Rio Vermelho - Estação
SC;4215802;São Bento do Sul;Rio Vermelho Povoado
SC;4215802;São Bento do Sul;Schramm
SC;4215802;São Bento do Sul;Serra Alta
SC;4215802;São Bento do Sul;Vinte e Cinco de Julho
SC;4215752;São Bernardino;
SC;4215901;São Bonifácio;
SC;4216008;São Carlos;Balneário Pratas
SC;4216008;São Carlos;Centro
SC;4216008;São Carlos;Cidade Leste
SC;4216008;São Carlos;Cristo Rei
SC;4216008;São Carlos;Industrial
SC;4216008;São Carlos;Jardim Alvorada
SC;4216008;São Carlos;Olaria
SC;4216008;São Carlos;Tancredo Neves
SC;4216057;São Cristóvão do Sul;
SC;4216107;São Domingos;
SC;4216206;São Francisco do Sul;Água Branca
SC;4216206;São Francisco do Sul;Centro
SC;4216206;São Francisco do Sul;Da Enseada
SC;4216206;São Francisco do Sul;da Enseada
SC;4216206;São Francisco do Sul;Da Praia Grande
SC;4216206;São Francisco do Sul;da Praia Grande
SC;4216206;São Francisco do Sul;da Reta
SC;4216206;São Francisco do Sul;Da Reta
SC;4216206;São Francisco do Sul;Da Vila da Glória
SC;4216206;São Francisco do Sul;da Vila da Glória
SC;4216206;São Francisco do Sul;Das Laranjeiras
SC;4216206;São Francisco do Sul;das Laranjeiras
SC;4216206;São Francisco do Sul;Do Iperoba
SC;4216206;São Francisco do Sul;do Iperoba
SC;4216206;São Francisco do Sul;Do Paulas
SC;4216206;São Francisco do Sul;do Paulas
SC;4216206;São Francisco do Sul;Do Ubatuba
SC;4216206;São Francisco do Sul;do Ubatuba
SC;4216206;São Francisco do Sul;Morro Grande
SC;4216206;São Francisco do Sul;Praia do Ervino
SC;4216206;São Francisco do Sul;Rocio Grande
SC;4216206;São Francisco do Sul;Rocio Pequeno
SC;4216206;São Francisco do Sul;São José do Acaraí
SC;4216305;São João Batista;
SC;4216354;São João do Itaperiú;Centro
SC;4216354;São João do Itaperiú;Porto do Itaperiú
SC;4216354;São João do Itaperiú;Santa Cruz
SC;4216354;São João do Itaperiú;Santa Luzia
SC;4216354;São João do Itaperiú;Santo Antonio
SC;4216354;São João do Itaperiú;Santo Antônio
SC;4216255;São João do Oeste;
SC;4216404;São João do Sul;
SC;4216503;São Joaquim;
SC;4216602;São José;Areias
SC;4216602;São José;Barreiros
SC;4216602;São José;Bela Vista
SC;4216602;São José;Bosque das Mansões
SC;4216602;São José;Campinas
SC;4216602;São José;Centro
SC;4216602;São José;Cidade Jardim de Florianópolis
SC;4216602;São José;Colônia Santana
SC;4216602;São José;Distrito Industrial
SC;4216602;São José;Fazenda Santo Antônio
SC;4216602;São José;Flor de Nápolis
SC;4216602;São José;Forquilhas
SC;4216602;São José;Forquilhinhas
SC;4216602;São José;Ipiranga
SC;4216602;São José;Jardim Santiago
SC;4216602;São José;Kobrasol
SC;4216602;São José;Nossa Senhora do Rosário
SC;4216602;São José;Pedregal
SC;4216602;São José;Picadas do Sul
SC;4216602;São José;Ponta de Baixo
SC;4216602;São José;Potecas
SC;4216602;São José;Praia Comprida
SC;4216602;São José;Real Parque
SC;4216602;São José;Roçado
SC;4216602;São José;São Luiz
SC;4216602;São José;Serraria
SC;4216602;São José;Sertão do Maruim
SC;4216701;São José do Cedro;
SC;4216800;São José do Cerrito;
SC;4216909;São Lourenço do Oeste;Área Industrial-Sul
SC;4216909;São Lourenço do Oeste;Brasília
SC;4216909;São Lourenço do Oeste;Centro
SC;4216909;São Lourenço do Oeste;Cruzeiro
SC;4216909;São Lourenço do Oeste;Perpétuo Socorro
SC;4216909;São Lourenço do Oeste;Progresso
SC;4216909;São Lourenço do Oeste;Santa Catarina
SC;4216909;São Lourenço do Oeste;São Francisco
SC;4217006;São Ludgero;Beira Rio
SC;4217006;São Ludgero;Bela Vista
SC;4217006;São Ludgero;Centro
SC;4217006;São Ludgero;Divina Providência
SC;4217006;São Ludgero;Dona Jordina
SC;4217006;São Ludgero;Encosta do Sol
SC;4217006;São Ludgero;Evolução
SC;4217006;São Ludgero;Industrial
SC;4217006;São Ludgero;Km 2
SC;4217006;São Ludgero;Madre Tereza
SC;4217006;São Ludgero;Nossa Senhora Aparecida
SC;4217006;São Ludgero;Parque das Acácias
SC;4217006;São Ludgero;Santo Antônio
SC;4217105;São Martinho;
SC;4217154;São Miguel da Boa Vista;
SC;4217204;São Miguel do Oeste;Agostini
SC;4217204;São Miguel do Oeste;Andreatta
SC;4217204;São Miguel do Oeste;Centro
SC;4217204;São Miguel do Oeste;Cohab
SC;4217204;São Miguel do Oeste;Estrela
SC;4217204;São Miguel do Oeste;Jardim Peperi
SC;4217204;São Miguel do Oeste;Progresso
SC;4217204;São Miguel do Oeste;Sagrado Coração
SC;4217204;São Miguel do Oeste;Salete
SC;4217204;São Miguel do Oeste;Santa Rita
SC;4217204;São Miguel do Oeste;São Gotardo
SC;4217204;São Miguel do Oeste;São Jorge
SC;4217204;São Miguel do Oeste;São Luiz
SC;4217204;São Miguel do Oeste;São Sebastião
SC;4217253;São Pedro de Alcântara;
SC;4217303;Saudades;Beira Rio
SC;4217303;Saudades;Belvedere
SC;4217303;Saudades;Boa Vista
SC;4217303;Saudades;Centro
SC;4217303;Saudades;Industrial
SC;4217303;Saudades;Laje de Pedra
SC;4217303;Saudades;Morada do Sol
SC;4217303;Saudades;Palmeiras
SC;4217402;Schroeder;
SC;4217501;Seara;Garghetti
SC;4217501;Seara;Padre Lídio Martinelli
SC;4217501;Seara;Padre Lidio Martinelli
SC;4217550;Serra Alta;
SC;4217600;Siderópolis;Renascer
SC;4217600;Siderópolis;Tereza Cristina
SC;4217709;Sombrio;Centro
SC;4217709;Sombrio;Furnas
SC;4217709;Sombrio;Januária
SC;4217709;Sombrio;Nova Brasília
SC;4217709;Sombrio;Parque das Avenidas
SC;4217709;Sombrio;Raizeira
SC;4217709;Sombrio;Santa Gertrudes
SC;4217709;Sombrio;São Camilo
SC;4217709;Sombrio;São Francisco
SC;4217709;Sombrio;São José
SC;4217709;Sombrio;São Luiz
SC;4217758;Sul Brasil;
SC;4217808;Taió;Boa Vista
SC;4217808;Taió;Centro
SC;4217808;Taió;Doutor Victor Konder
SC;4217808;Taió;Doutor Victor Korder
SC;4217808;Taió;Padre Eduardo
SC;4217808;Taió;Seminário
SC;4217808;Taió;Vila Mariana
SC;4217907;Tangará;Alto da Glória
SC;4217907;Tangará;Bela Vista
SC;4217907;Tangará;Centro
SC;4217907;Tangará;Distrito Industrial I
SC;4217907;Tangará;Distrito Industrial II
SC;4217907;Tangará;Laje Grande
SC;4217907;Tangará;Sopasta
SC;4217907;Tangará;Sóque
SC;4217956;Tigrinhos;
SC;4218004;Tijucas;
SC;4218103;Timbé do Sul;Belmiro
SC;4218103;Timbé do Sul;Centro
SC;4218103;Timbé do Sul;Floresta
SC;4218103;Timbé do Sul;Marchesini
SC;4218103;Timbé do Sul;Nossa Senhora das Graças
SC;4218103;Timbé do Sul;Pedreira
SC;4218103;Timbé do Sul;São Luiz
SC;4218103;Timbé do Sul;Urussanguinha
SC;4218202;Timbó;
SC;4218251;Timbó Grande;2 de Setembro
SC;4218251;Timbó Grande;Alto Bonito
SC;4218251;Timbó Grande;Alto Timbó
SC;4218251;Timbó Grande;Boa Vista
SC;4218251;Timbó Grande;Centro
SC;4218251;Timbó Grande;Massaneiro
SC;4218301;Três Barras;
SC;4218350;Treviso;Centro
SC;4218350;Treviso;Dos Ipês
SC;4218350;Treviso;Nossa Senhora de Lourdes
SC;4218350;Treviso;Nova Esperança
SC;4218350;Treviso;São Cristóvão
SC;4218350;Treviso;São Pedro
SC;4218400;Treze de Maio;Laje
SC;4218400;Treze de Maio;Morro da Antena
SC;4218400;Treze de Maio;Rio Salto
SC;4218400;Treze de Maio;Vila Maria
SC;4218400;Treze de Maio;Vila Nandi
SC;4218509;Treze Tílias;Babenberg
SC;4218509;Treze Tílias;Centro
SC;4218509;Treze Tílias;Das Águas
SC;4218509;Treze Tílias;Distrito Industrial
SC;4218509;Treze Tílias;Imigrantes
SC;4218509;Treze Tílias;Jardim das Flores
SC;4218509;Treze Tílias;Lindner
SC;4218509;Treze Tílias;Pioneiros
SC;4218509;Treze Tílias;Pôr do Sol
SC;4218509;Treze Tílias;Portal
SC;4218509;Treze Tílias;Santa Catarina
SC;4218509;Treze Tílias;São José
SC;4218608;Trombudo Central;Almeida
SC;4218608;Trombudo Central;Botafogo
SC;4218608;Trombudo Central;Centro
SC;4218608;Trombudo Central;Cidade Alta
SC;4218608;Trombudo Central;Estação
SC;4218608;Trombudo Central;Jalisco
SC;4218608;Trombudo Central;Liberdade
SC;4218608;Trombudo Central;Lorenal
SC;4218608;Trombudo Central;Satão
SC;4218608;Trombudo Central;Vila Nova
SC;4218707;Tubarão;Bom Pastor
SC;4218707;Tubarão;Campestre
SC;4218707;Tubarão;Centro
SC;4218707;Tubarão;Cruzeiro
SC;4218707;Tubarão;Dehon
SC;4218707;Tubarão;Fábio Silva
SC;4218707;Tubarão;Guarda Margem Direita
SC;4218707;Tubarão;Humaitá
SC;4218707;Tubarão;Humaitá de Cima
SC;4218707;Tubarão;Km 60
SC;4218707;Tubarão;Km 63
SC;4218707;Tubarão;Monte Castelo
SC;4218707;Tubarão;Morrotes
SC;4218707;Tubarão;Oficinas
SC;4218707;Tubarão;Passagem
SC;4218707;Tubarão;Passo do Gado
SC;4218707;Tubarão;Praia Redonda
SC;4218707;Tubarão;Recife
SC;4218707;Tubarão;Revoredo
SC;4218707;Tubarão;Rio do Pouso
SC;4218707;Tubarão;Santa Luzia
SC;4218707;Tubarão;Santo Antônio de Pádua
SC;4218707;Tubarão;São Bernardo
SC;4218707;Tubarão;São Clemente
SC;4218707;Tubarão;São Cristóvão
SC;4218707;Tubarão;São João Margem Direita
SC;4218707;Tubarão;São João Margem Esquerda
SC;4218707;Tubarão;São Martinho
SC;4218707;Tubarão;Sertão dos Correias
SC;4218707;Tubarão;Vila Esperança
SC;4218707;Tubarão;Vila Moema
SC;4218756;Tunápolis;
SC;4218806;Turvo;Centro
SC;4218806;Turvo;Cidade Alta
SC;4218806;Turvo;Jardim das Oliveiras
SC;4218806;Turvo;Linha Contessi
SC;4218806;Turvo;Linha São Cristóvão
SC;4218806;Turvo;Linha Seminário
SC;4218806;Turvo;Santa Luzia
SC;4218806;Turvo;São Luiz
SC;4218806;Turvo;Vila Manenti
SC;4218855;União do Oeste;
SC;4218905;Urubici;
SC;4218954;Urupema;
SC;4219002;Urussanga;Baixada Fluminense
SC;4219002;Urussanga;Barro Vermelho
SC;4219002;Urussanga;Bel Recanto
SC;4219002;Urussanga;Bela Vista
SC;4219002;Urussanga;Centro
SC;4219002;Urussanga;Da Estação
SC;4219002;Urussanga;da Estação
SC;4219002;Urussanga;Da Figueira
SC;4219002;Urussanga;da Figueira
SC;4219002;Urussanga;das Damas
SC;4219002;Urussanga;Das Damas
SC;4219002;Urussanga;de Brida
SC;4219002;Urussanga;De Brida
SC;4219002;Urussanga;de Villa
SC;4219002;Urussanga;De Villa
SC;4219002;Urussanga;Morro da Glória
SC;4219002;Urussanga;Nova Itália
SC;4219002;Urussanga;Pirago
SC;4219002;Urussanga;Rossetti
SC;4219002;Urussanga;Vila Brasília
SC;4219002;Urussanga;Vila São José
SC;4219101;Vargeão;Bela Vista
SC;4219101;Vargeão;Colina
SC;4219101;Vargeão;União
SC;4219101;Vargeão;Vila das Palmeiras
SC;4219150;Vargem;
SC;4219176;Vargem Bonita;
SC;4219200;Vidal Ramos;
SC;4219309;Videira;Aeroporto
SC;4219309;Videira;Água Verde
SC;4219309;Videira;Alvorada
SC;4219309;Videira;Amarante
SC;4219309;Videira;Campo Experimental
SC;4219309;Videira;Carboni
SC;4219309;Videira;Carelli
SC;4219309;Videira;Centro
SC;4219309;Videira;Cetrevi
SC;4219309;Videira;Cibrazém
SC;4219309;Videira;Cidade Alta
SC;4219309;Videira;Dois Pinheiros
SC;4219309;Videira;Farroupilha
SC;4219309;Videira;Floresta
SC;4219309;Videira;Marafon
SC;4219309;Videira;Matriz
SC;4219309;Videira;Morada do Sol
SC;4219309;Videira;Nossa Senhora Aparecida
SC;4219309;Videira;Oficina
SC;4219309;Videira;Panazzolo
SC;4219309;Videira;Portal das Videiras
SC;4219309;Videira;Rio das Pedras
SC;4219309;Videira;Santa Gema
SC;4219309;Videira;Santa Lúcia
SC;4219309;Videira;Santa Tereza
SC;4219309;Videira;Santos Dumont
SC;4219309;Videira;São Cristóvão
SC;4219309;Videira;São Cristovão
SC;4219309;Videira;São Francisco
SC;4219309;Videira;Sesi
SC;4219309;Videira;Universitário
SC;4219309;Videira;Vila de Carli
SC;4219309;Videira;Vila Verde
SC;4219358;Vitor Meireles;Centro
SC;4219358;Vitor Meireles;Das Lagoas
SC;4219358;Vitor Meireles;das Lagoas
SC;4219358;Vitor Meireles;Palmitos
SC;4219358;Vitor Meireles;Ribeirão Pequeno
SC;4219358;Vitor Meireles;Sabugueiro
SC;4219358;Vitor Meireles;Vietnã
SC;4219358;Vitor Meireles;Wietnã
SC;4219408;Witmarsum;
SC;4219507;Xanxerê;Aparecida
SC;4219507;Xanxerê;Bela Vista
SC;4219507;Xanxerê;Bortolon
SC;4219507;Xanxerê;Castelo Branco
SC;4219507;Xanxerê;Centro
SC;4219507;Xanxerê;Colatto
SC;4219507;Xanxerê;dos Esportes
SC;4219507;Xanxerê;Dos Esportes
SC;4219507;Xanxerê;Frederico Ferronato
SC;4219507;Xanxerê;Frederico Ferronatto
SC;4219507;Xanxerê;Jardim Tarumã
SC;4219507;Xanxerê;João Batista Tonial
SC;4219507;Xanxerê;João Winckler
SC;4219507;Xanxerê;La Salle
SC;4219507;Xanxerê;Leandro
SC;4219507;Xanxerê;Maria Winckler
SC;4219507;Xanxerê;Matinho
SC;4219507;Xanxerê;Monte Castelo
SC;4219507;Xanxerê;Nossa Senhora de Fátima
SC;4219507;Xanxerê;Nossa Senhora de Lourdes
SC;4219507;Xanxerê;Pinheiros
SC;4219507;Xanxerê;Primo Tacca
SC;4219507;Xanxerê;Santa Cruz
SC;4219507;Xanxerê;Santo Dias
SC;4219507;Xanxerê;São Jorge
SC;4219507;Xanxerê;São Pedro
SC;4219507;Xanxerê;São Romero
SC;4219507;Xanxerê;Sufiatti
SC;4219507;Xanxerê;Veneza
SC;4219507;Xanxerê;Vila Sesamo
SC;4219507;Xanxerê;Vila Sésamo
SC;4219507;Xanxerê;Vista Alegre
SC;4219606;Xavantina;
SC;4219705;Xaxim;Alvorada
SC;4219705;Xaxim;Bela Vista
SC;4219705;Xaxim;Centro
SC;4219705;Xaxim;Chagas
SC;4219705;Xaxim;Doutor Ari Lunardi
SC;4219705;Xaxim;Flor
SC;4219705;Xaxim;Frei Bruno
SC;4219705;Xaxim;Germânico
SC;4219705;Xaxim;Guarany
SC;4219705;Xaxim;Primavera
SC;4219705;Xaxim;Santa Terezinha
SC;4219853;Zortéa;Água Santa
SC;4219853;Zortéa;Andorinhas
SC;4219853;Zortéa;Centro
SC;4219853;Zortéa;Céu Azul
SC;4219853;Zortéa;Conceição
SC;4219853;Zortéa;Imigrantes
SC;4219853;Zortéa;Menegaz
SE;2800100;Amparo do São Francisco;
SE;2800209;Aquidabã;
SE;2800308;Aracaju;17 de Março
SE;2800308;Aracaju;Aeroporto
SE;2800308;Aracaju;América
SE;2800308;Aracaju;Areia Branca
SE;2800308;Aracaju;Atalaia
SE;2800308;Aracaju;Bairro Aruana
SE;2800308;Aracaju;Bugio
SE;2800308;Aracaju;Capucho
SE;2800308;Aracaju;Centro
SE;2800308;Aracaju;Cidade Nova
SE;2800308;Aracaju;Cirurgia
SE;2800308;Aracaju;Coroa do Meio
SE;2800308;Aracaju;Dezoito do Forte
SE;2800308;Aracaju;Dom Luciano
SE;2800308;Aracaju;Farolândia
SE;2800308;Aracaju;Gameleira
SE;2800308;Aracaju;Getúlio Vargas
SE;2800308;Aracaju;Grageru
SE;2800308;Aracaju;Gragerú
SE;2800308;Aracaju;Inácio Barbosa
SE;2800308;Aracaju;Industrial
SE;2800308;Aracaju;Jabotiana
SE;2800308;Aracaju;Japãozinho
SE;2800308;Aracaju;Jardim Centenário
SE;2800308;Aracaju;Jardins
SE;2800308;Aracaju;José Conrado de Araújo
SE;2800308;Aracaju;Lamarão
SE;2800308;Aracaju;Luzia
SE;2800308;Aracaju;Marivan
SE;2800308;Aracaju;Matapoã
SE;2800308;Aracaju;Mosqueiro
SE;2800308;Aracaju;Novo Paraíso
SE;2800308;Aracaju;Olaria
SE;2800308;Aracaju;Palestina
SE;2800308;Aracaju;Pereira Lobo
SE;2800308;Aracaju;Ponto Novo
SE;2800308;Aracaju;Porto Dantas
SE;2800308;Aracaju;Robalo
SE;2800308;Aracaju;Salgado Filho
SE;2800308;Aracaju;Santa Maria
SE;2800308;Aracaju;Santo Antônio
SE;2800308;Aracaju;Santos Dumont
SE;2800308;Aracaju;São Conrado
SE;2800308;Aracaju;São José
SE;2800308;Aracaju;São José dos Náufragos
SE;2800308;Aracaju;Siqueira Campos
SE;2800308;Aracaju;Soledade
SE;2800308;Aracaju;Suíça
SE;2800308;Aracaju;Treze de Julho
SE;2800407;Arauá;
SE;2800506;Areia Branca;
SE;2800605;Barra dos Coqueiros;Alphaville
SE;2800605;Barra dos Coqueiros;Antônio Pedro
SE;2800605;Barra dos Coqueiros;Atalaia Nova
SE;2800605;Barra dos Coqueiros;Bairro Baixo
SE;2800605;Barra dos Coqueiros;Beira Rio
SE;2800605;Barra dos Coqueiros;Brisas de Atalaia
SE;2800605;Barra dos Coqueiros;Caminho da Praia
SE;2800605;Barra dos Coqueiros;Centro
SE;2800605;Barra dos Coqueiros;Costa Paradiso
SE;2800605;Barra dos Coqueiros;Espaço Tropical
SE;2800605;Barra dos Coqueiros;Governador Marcelo Deda
SE;2800605;Barra dos Coqueiros;Luar da Barra
SE;2800605;Barra dos Coqueiros;Marivan
SE;2800605;Barra dos Coqueiros;Moisés Gomes
SE;2800605;Barra dos Coqueiros;Olimar
SE;2800605;Barra dos Coqueiros;Paraíso da Barra
SE;2800605;Barra dos Coqueiros;Prisco Viana
SE;2800605;Barra dos Coqueiros;Rio das Canas
SE;2800670;Boquim;Boquim Velho
SE;2800670;Boquim;Centro
SE;2800670;Boquim;Horácio Fernandes Fontes
SE;2800670;Boquim;Industrial
SE;2800670;Boquim;Jacomildes Barreto
SE;2800670;Boquim;Miguel dos Anjos
SE;2800670;Boquim;Padre José Gumercindo
SE;2800670;Boquim;Simpliciano Fernandes Filho
SE;2800670;Boquim;Temístocles de Santana
SE;2800704;Brejo Grande;
SE;2801009;Campo do Brito;
SE;2801108;Canhoba;
SE;2801207;Canindé de São Francisco;
SE;2801306;Capela;
SE;2801405;Carira;
SE;2801504;Carmópolis;
SE;2801603;Cedro de São João;
SE;2801702;Cristinápolis;
SE;2801900;Cumbe;
SE;2802007;Divina Pastora;
SE;2802106;Estância;Alagoas
SE;2802106;Estância;Alecrim
SE;2802106;Estância;Bomfim
SE;2802106;Estância;Botequim
SE;2802106;Estância;Candeal
SE;2802106;Estância;Centro
SE;2802106;Estância;Estancinha
SE;2802106;Estância;Porto D’Areia
SE;2802106;Estância;Santa Cruz
SE;2802106;Estância;São Jorge
SE;2802106;Estância;Valter Cardozo Costa
SE;2802205;Feira Nova;
SE;2802304;Frei Paulo;
SE;2802403;Gararu;
SE;2802502;General Maynard;
SE;2802601;Graccho Cardoso;
SE;2802700;Ilha das Flores;
SE;2802809;Indiaroba;
SE;2802908;Itabaiana;Anísio Amâncio de Oliveira
SE;2802908;Itabaiana;Bananeira
SE;2802908;Itabaiana;Centro
SE;2802908;Itabaiana;Doutor José Milton Machado
SE;2802908;Itabaiana;Mamede Paes Mendonça
SE;2802908;Itabaiana;Marcela
SE;2802908;Itabaiana;Marianga
SE;2802908;Itabaiana;Miguel Teles de Mendonça
SE;2802908;Itabaiana;Oviêdo Teixeira
SE;2802908;Itabaiana;Porto
SE;2802908;Itabaiana;Queimadas
SE;2802908;Itabaiana;Riacho Doce
SE;2802908;Itabaiana;Rotary Club
SE;2802908;Itabaiana;São Cristóvão
SE;2802908;Itabaiana;Serrano
SE;2802908;Itabaiana;Sítio Porto
SE;2803005;Itabaianinha;
SE;2803104;Itabi;
SE;2803203;Itaporanga d'Ajuda;
SE;2803302;Japaratuba;
SE;2803401;Japoatã;
SE;2803500;Lagarto;Ademar de Carvalho
SE;2803500;Lagarto;Alto da Boa Vista
SE;2803500;Lagarto;Centro
SE;2803500;Lagarto;Cidade Nova
SE;2803500;Lagarto;Exposição
SE;2803500;Lagarto;Horta
SE;2803500;Lagarto;Jardim Campo Novo
SE;2803500;Lagarto;Laudelino Freire
SE;2803500;Lagarto;Libório
SE;2803500;Lagarto;Novo Horizonte
SE;2803500;Lagarto;Pratas
SE;2803500;Lagarto;São José
SE;2803500;Lagarto;Silvio Romero
SE;2803609;Laranjeiras;
SE;2803708;Macambira;
SE;2803807;Malhada dos Bois;
SE;2803906;Malhador;
SE;2804003;Maruim;
SE;2804102;Moita Bonita;
SE;2804201;Monte Alegre de Sergipe;
SE;2804300;Muribeca;
SE;2804409;Neópolis;
SE;2804458;Nossa Senhora Aparecida;
SE;2804508;Nossa Senhora da Glória;Alto da Glória
SE;2804508;Nossa Senhora da Glória;Brasília
SE;2804508;Nossa Senhora da Glória;Centro
SE;2804508;Nossa Senhora da Glória;Cohab
SE;2804508;Nossa Senhora da Glória;Danilo Aragão
SE;2804508;Nossa Senhora da Glória;Divinéia
SE;2804508;Nossa Senhora da Glória;Nossa Senhora de Lourdes
SE;2804508;Nossa Senhora da Glória;Nova Brasília
SE;2804508;Nossa Senhora da Glória;Nova Esperança
SE;2804508;Nossa Senhora da Glória;Novo Horizonte
SE;2804508;Nossa Senhora da Glória;Sebastião Lopes da Silva
SE;2804508;Nossa Senhora da Glória;Silos
SE;2804607;Nossa Senhora das Dores;
SE;2804706;Nossa Senhora de Lourdes;
SE;2804805;Nossa Senhora do Socorro;Albano Franco
SE;2804805;Nossa Senhora do Socorro;Boa Viagem
SE;2804805;Nossa Senhora do Socorro;Castelo
SE;2804805;Nossa Senhora do Socorro;Centro Histórico
SE;2804805;Nossa Senhora do Socorro;Fernando Collor
SE;2804805;Nossa Senhora do Socorro;Guajará
SE;2804805;Nossa Senhora do Socorro;Itacanema
SE;2804805;Nossa Senhora do Socorro;Jardim
SE;2804805;Nossa Senhora do Socorro;João Alves
SE;2804805;Nossa Senhora do Socorro;Mangabeira
SE;2804805;Nossa Senhora do Socorro;Marcos Freire I
SE;2804805;Nossa Senhora do Socorro;Marcos Freire II
SE;2804805;Nossa Senhora do Socorro;Marcos Freire III
SE;2804805;Nossa Senhora do Socorro;Novo Horizonte
SE;2804805;Nossa Senhora do Socorro;Pai André
SE;2804805;Nossa Senhora do Socorro;Palestina de Dentro
SE;2804805;Nossa Senhora do Socorro;Palestina de Fora
SE;2804805;Nossa Senhora do Socorro;Parque dos Faróis
SE;2804805;Nossa Senhora do Socorro;Piabeta
SE;2804805;Nossa Senhora do Socorro;Porto Grande
SE;2804805;Nossa Senhora do Socorro;Santa Cecília
SE;2804805;Nossa Senhora do Socorro;Santa Inês
SE;2804805;Nossa Senhora do Socorro;Santo Inácio
SE;2804805;Nossa Senhora do Socorro;São Brás
SE;2804805;Nossa Senhora do Socorro;Sobrado
SE;2804805;Nossa Senhora do Socorro;Taboca
SE;2804805;Nossa Senhora do Socorro;Taiçoca de Dentro
SE;2804805;Nossa Senhora do Socorro;Taiçoca de Fora
SE;2804904;Pacatuba;
SE;2805000;Pedra Mole;
SE;2805109;Pedrinhas;
SE;2805208;Pinhão;
SE;2805307;Pirambu;
SE;2805406;Poço Redondo;
SE;2805505;Poço Verde;
SE;2805604;Porto da Folha;
SE;2805703;Propriá;
SE;2805802;Riachão do Dantas;
SE;2805901;Riachuelo;
SE;2806008;Ribeirópolis;
SE;2806107;Rosário do Catete;
SE;2806206;Salgado;
SE;2806305;Santa Luzia do Itanhy;
SE;2806503;Santa Rosa de Lima;
SE;2806404;Santana do São Francisco;
SE;2806602;Santo Amaro das Brotas;Comendador Travassos
SE;2806701;São Cristóvão;Centro
SE;2806701;São Cristóvão;Divinéia
SE;2806701;São Cristóvão;Eduardo Gomes
SE;2806701;São Cristóvão;Irineu Neri
SE;2806701;São Cristóvão;Lourival Batista
SE;2806701;São Cristóvão;Luiz Alves
SE;2806701;São Cristóvão;Madre Paulina
SE;2806701;São Cristóvão;Marcelo Déda
SE;2806701;São Cristóvão;Romualdo Prado
SE;2806701;São Cristóvão;Rosa Elze
SE;2806701;São Cristóvão;Rosa Maria
SE;2806701;São Cristóvão;São Gonçalo
SE;2806701;São Cristóvão;Tijuquinha
SE;2806701;São Cristóvão;Várzea Grande
SE;2806800;São Domingos;
SE;2806909;São Francisco;
SE;2807006;São Miguel do Aleixo;
SE;2807105;Simão Dias;
SE;2807204;Siriri;
SE;2807303;Telha;
SE;2807402;Tobias Barreto;Avenida
SE;2807402;Tobias Barreto;Bela Vista
SE;2807402;Tobias Barreto;Bom Jardim
SE;2807402;Tobias Barreto;Campos
SE;2807402;Tobias Barreto;Castelo Branco
SE;2807402;Tobias Barreto;Centenário
SE;2807402;Tobias Barreto;Centro
SE;2807402;Tobias Barreto;Cruz
SE;2807402;Tobias Barreto;Macaé
SE;2807402;Tobias Barreto;Palame
SE;2807402;Tobias Barreto;Pinheiro
SE;2807402;Tobias Barreto;Santa Rita
SE;2807402;Tobias Barreto;Santos Dumont
SE;2807402;Tobias Barreto;Sutí
SE;2807402;Tobias Barreto;Vicentino
SE;2807501;Tomar do Geru;
SE;2807600;Umbaúba;
SP;3500105;Adamantina;
SP;3500204;Adolfo;
SP;3500303;Aguaí;
SP;3500402;Águas da Prata;
SP;3500501;Águas de Lindóia;
SP;3500550;Águas de Santa Bárbara;
SP;3500600;Águas de São Pedro;
SP;3500709;Agudos;
SP;3500758;Alambari;
SP;3500808;Alfredo Marcondes;
SP;3500907;Altair;
SP;3501004;Altinópolis;
SP;3501103;Alto Alegre;
SP;3501152;Alumínio;
SP;3501202;Álvares Florence;
SP;3501301;Álvares Machado;
SP;3501400;Álvaro de Carvalho;
SP;3501509;Alvinlândia;
SP;3501608;Americana;
SP;3501707;Américo Brasiliense;
SP;3501806;Américo de Campos;
SP;3501905;Amparo;
SP;3502002;Analândia;
SP;3502101;Andradina;
SP;3502200;Angatuba;
SP;3502309;Anhembi;Altos de Anhembi
SP;3502309;Anhembi;Centro
SP;3502309;Anhembi;Centro (Pirambóia)
SP;3502309;Anhembi;Centro - Pirambóia
SP;3502309;Anhembi;Distrito Industrial
SP;3502309;Anhembi;Jardim Bandeirantes
SP;3502309;Anhembi;Jardim Cruzeiro
SP;3502309;Anhembi;Jardim Nova Anhembi
SP;3502309;Anhembi;Jardim Nova Pirambóia
SP;3502309;Anhembi;Morada do Sol
SP;3502309;Anhembi;Nossa Senhora das Graças
SP;3502309;Anhembi;Nossa Senhora dos Navegantes
SP;3502309;Anhembi;Recanto da Figueira
SP;3502309;Anhembi;Vila São José
SP;3502408;Anhumas;
SP;3502507;Aparecida;
SP;3502606;Aparecida d'Oeste;
SP;3502705;Apiaí;
SP;3502754;Araçariguama;
SP;3502804;Araçatuba;
SP;3502903;Araçoiaba da Serra;
SP;3503000;Aramina;
SP;3503109;Arandu;
SP;3503158;Arapeí;
SP;3503208;Araraquara;
SP;3503307;Araras;
SP;3503356;Arco-Íris;
SP;3503406;Arealva;
SP;3503505;Areias;
SP;3503604;Areiópolis;
SP;3503703;Ariranha;
SP;3503802;Artur Nogueira;Cinco
SP;3503802;Artur Nogueira;Dez
SP;3503802;Artur Nogueira;Dois
SP;3503802;Artur Nogueira;Doze
SP;3503802;Artur Nogueira;Nove
SP;3503802;Artur Nogueira;Oito
SP;3503802;Artur Nogueira;Onze
SP;3503802;Artur Nogueira;Quatro
SP;3503802;Artur Nogueira;Seis
SP;3503802;Artur Nogueira;Sete
SP;3503802;Artur Nogueira;Três
SP;3503802;Artur Nogueira;Treze
SP;3503802;Artur Nogueira;Um
SP;3503901;Arujá;
SP;3503950;Aspásia;
SP;3504008;Assis;
SP;3504107;Atibaia;Água Espraiada
SP;3504107;Atibaia;Alvinópolis
SP;3504107;Atibaia;Arrozal
SP;3504107;Atibaia;Boa Vista
SP;3504107;Atibaia;Boa Vista dos Gomes
SP;3504107;Atibaia;Brotas
SP;3504107;Atibaia;Cachoeira
SP;3504107;Atibaia;Caetetuba
SP;3504107;Atibaia;Caioçara
SP;3504107;Atibaia;Campininha
SP;3504107;Atibaia;Campo dos Aleixos
SP;3504107;Atibaia;Canedos
SP;3504107;Atibaia;Centro
SP;3504107;Atibaia;dos Pires
SP;3504107;Atibaia;Estância Lynce
SP;3504107;Atibaia;Guaxinduva
SP;3504107;Atibaia;Iara
SP;3504107;Atibaia;Itapetinga
SP;3504107;Atibaia;Jundiaizinho
SP;3504107;Atibaia;Lagoa
SP;3504107;Atibaia;Laranja Azeda
SP;3504107;Atibaia;Laranjal
SP;3504107;Atibaia;Maracanã
SP;3504107;Atibaia;Marmeleiro
SP;3504107;Atibaia;Mato Dentro
SP;3504107;Atibaia;Mato Dentro do Lajeado
SP;3504107;Atibaia;Pinheirinho
SP;3504107;Atibaia;Pintos
SP;3504107;Atibaia;Piqueri
SP;3504107;Atibaia;Ponte
SP;3504107;Atibaia;Ponte Alta
SP;3504107;Atibaia;Portão
SP;3504107;Atibaia;Ressaca
SP;3504107;Atibaia;Ribeirão dos Porcos
SP;3504107;Atibaia;Rio Abaixo
SP;3504107;Atibaia;Rio Acima
SP;3504107;Atibaia;Rosário
SP;3504107;Atibaia;São João das Pitas
SP;3504107;Atibaia;São Roque
SP;3504107;Atibaia;Tanque
SP;3504107;Atibaia;Usina
SP;3504107;Atibaia;Vila das Palmeiras
SP;3504206;Auriflama;
SP;3504305;Avaí;
SP;3504404;Avanhandava;
SP;3504503;Avaré;
SP;3504602;Bady Bassitt;
SP;3504701;Balbinos;
SP;3504800;Bálsamo;
SP;3504909;Bananal;
SP;3505005;Barão de Antonina;
SP;3505104;Barbosa;
SP;3505203;Bariri;
SP;3505302;Barra Bonita;
SP;3505351;Barra do Chapéu;
SP;3505401;Barra do Turvo;
SP;3505500;Barretos;
SP;3505609;Barrinha;
SP;3505708;Barueri;Aldeia
SP;3505708;Barueri;Aldeia da Serra
SP;3505708;Barueri;Alphaville
SP;3505708;Barueri;Altos
SP;3505708;Barueri;Belval
SP;3505708;Barueri;Boa Vista
SP;3505708;Barueri;Califórnia
SP;3505708;Barueri;Centro
SP;3505708;Barueri;Cruz Preta
SP;3505708;Barueri;Engenho Novo
SP;3505708;Barueri;Fazenda Militar
SP;3505708;Barueri;Jubran
SP;3505708;Barueri;Mutinga
SP;3505708;Barueri;Silveira
SP;3505708;Barueri;Tamboré
SP;3505708;Barueri;Votupoca
SP;3505807;Bastos;
SP;3505906;Batatais;
SP;3506003;Bauru;Bacia do Córrego Água Comprida
SP;3506003;Bauru;Bacia do Córrego Água da Forquilha
SP;3506003;Bauru;Bacia do Córrego Água da Grama
SP;3506003;Bauru;Bacia do Córrego Água da Ressaca
SP;3506003;Bauru;Bacia do Córrego Água do Castelo
SP;3506003;Bauru;Bacia do Córrego Água do Sobrado
SP;3506003;Bauru;Bacia do Córrego Barreirinho
SP;3506003;Bauru;Bacia do Córrego das Flores/Avenida Nações Unidas
SP;3506003;Bauru;Bacia do Córrego do Pau d'Alho
SP;3506003;Bauru;Bacia do Córrego Vargem Limpa
SP;3506003;Bauru;Bacia do Ribeirão Vargem Limpa
SP;3506003;Bauru;Centro
SP;3506102;Bebedouro;Centro
SP;3506102;Bebedouro;Chácaras Parati
SP;3506102;Bebedouro;Distrito Industrial I
SP;3506102;Bebedouro;Distrito Industrial II
SP;3506102;Bebedouro;Estância Vila Verde
SP;3506102;Bebedouro;Jardim Alvorada
SP;3506102;Bebedouro;Jardim Califórnia
SP;3506102;Bebedouro;Jardim Canadá
SP;3506102;Bebedouro;Jardim Casa Grande
SP;3506102;Bebedouro;Jardim Ciranda
SP;3506102;Bebedouro;Jardim Cláudia I
SP;3506102;Bebedouro;Jardim Cláudia II
SP;3506102;Bebedouro;Jardim das Acácias
SP;3506102;Bebedouro;Jardim das Laranjeiras
SP;3506102;Bebedouro;Jardim de Lúcia
SP;3506102;Bebedouro;Jardim do Bosque
SP;3506102;Bebedouro;Jardim do Sonho
SP;3506102;Bebedouro;Jardim Esplanada
SP;3506102;Bebedouro;Jardim Estoril
SP;3506102;Bebedouro;Jardim Júlia
SP;3506102;Bebedouro;Jardim Marajá
SP;3506102;Bebedouro;Jardim Menino Deus I
SP;3506102;Bebedouro;Jardim Menino Deus II
SP;3506102;Bebedouro;Jardim Nossa Senhora Aparecida
SP;3506102;Bebedouro;Jardim Paraíso
SP;3506102;Bebedouro;Jardim Progresso
SP;3506102;Bebedouro;Jardim Sanderson
SP;3506102;Bebedouro;Jardim São Fernando
SP;3506102;Bebedouro;Jardim São João
SP;3506102;Bebedouro;Jardim São Sebastião
SP;3506102;Bebedouro;Jardim Talarico
SP;3506102;Bebedouro;Jardim Três Marias
SP;3506102;Bebedouro;Jardim Tropical
SP;3506102;Bebedouro;Parque Eldorado
SP;3506102;Bebedouro;Parque Residencial Irmãos Furquim
SP;3506102;Bebedouro;Parque Residencial Santo Antônio
SP;3506102;Bebedouro;Pioneiro
SP;3506102;Bebedouro;Residencial Antônia Santaella
SP;3506102;Bebedouro;Residencial Bebedouro
SP;3506102;Bebedouro;Residencial Centenário
SP;3506102;Bebedouro;Residencial Doutor Pedro Paschoal
SP;3506102;Bebedouro;Residencial Franciscano
SP;3506102;Bebedouro;Residencial Hercules Pereira Hortal
SP;3506102;Bebedouro;Residencial Hércules Pereira Hortal
SP;3506102;Bebedouro;Residencial Parati I
SP;3506102;Bebedouro;Residencial Parati II
SP;3506102;Bebedouro;Residencial Pedro Maia
SP;3506102;Bebedouro;Residencial Rassim Dibe
SP;3506102;Bebedouro;Residencial San Conrado
SP;3506102;Bebedouro;Residencial São Carlos
SP;3506102;Bebedouro;Residencial São Francisco
SP;3506102;Bebedouro;Residencial Souza Lima
SP;3506102;Bebedouro;Residencial União
SP;3506102;Bebedouro;Residencial Vale do Sol
SP;3506102;Bebedouro;Vila Aeroporto
SP;3506102;Bebedouro;Vila Alto do Sumaré
SP;3506102;Bebedouro;Vila Cruzeiro
SP;3506102;Bebedouro;Vila Elizabeth
SP;3506102;Bebedouro;Vila Irmã Antonieta Farani
SP;3506102;Bebedouro;Vila Major Cícero de Carvalho
SP;3506102;Bebedouro;Vila Novo Lar
SP;3506102;Bebedouro;Vila Paula
SP;3506102;Bebedouro;Vila Paulista
SP;3506102;Bebedouro;Vila Santa Terezinha
SP;3506201;Bento de Abreu;
SP;3506300;Bernardino de Campos;
SP;3506359;Bertioga;Albatróz
SP;3506359;Bertioga;Bairros Chácaras
SP;3506359;Bertioga;Boraceia
SP;3506359;Bertioga;Buriqui Costa Nativa
SP;3506359;Bertioga;Caiubura
SP;3506359;Bertioga;Centro
SP;3506359;Bertioga;Costa do Sol
SP;3506359;Bertioga;Guaratuba
SP;3506359;Bertioga;Indaiá
SP;3506359;Bertioga;Jardim Raphael
SP;3506359;Bertioga;Jardim Vicente de Carvalho
SP;3506359;Bertioga;Maitinga
SP;3506359;Bertioga;Morada da Praia
SP;3506359;Bertioga;Rio da Praia
SP;3506359;Bertioga;Riviera
SP;3506359;Bertioga;São João
SP;3506359;Bertioga;São Lourenço
SP;3506359;Bertioga;Vista Linda
SP;3506409;Bilac;
SP;3506508;Birigui;
SP;3506607;Biritiba Mirim;
SP;3506706;Boa Esperança do Sul;
SP;3506805;Bocaina;
SP;3506904;Bofete;
SP;3507001;Boituva;AA
SP;3507001;Boituva;AB
SP;3507001;Boituva;AC
SP;3507001;Boituva;AD
SP;3507001;Boituva;AE
SP;3507001;Boituva;AF
SP;3507001;Boituva;AG
SP;3507001;Boituva;AH
SP;3507001;Boituva;AI
SP;3507001;Boituva;AJ
SP;3507001;Boituva;AK
SP;3507001;Boituva;AL
SP;3507001;Boituva;AM
SP;3507001;Boituva;AN
SP;3507001;Boituva;AO
SP;3507001;Boituva;AP
SP;3507001;Boituva;AQ
SP;3507001;Boituva;AR
SP;3507001;Boituva;AS
SP;3507001;Boituva;AT
SP;3507001;Boituva;AU
SP;3507001;Boituva;AV
SP;3507001;Boituva;AX
SP;3507001;Boituva;AY
SP;3507001;Boituva;AZ
SP;3507001;Boituva;BB
SP;3507001;Boituva;Boituville
SP;3507001;Boituva;Campo Belo
SP;3507001;Boituva;Centro Empresarial Castello Branco
SP;3507001;Boituva;Chácara dos Pinhais
SP;3507001;Boituva;Colina Nova Boituva
SP;3507001;Boituva;Estância Ubaitaba
SP;3507001;Boituva;Green Ville
SP;3507001;Boituva;Jardim América
SP;3507001;Boituva;Jardim das Palmeiras
SP;3507001;Boituva;Jardim Egídio Labronici
SP;3507001;Boituva;Jardim Flamboyant
SP;3507001;Boituva;Jardim Oreana
SP;3507001;Boituva;Jardim Parque Ecológico
SP;3507001;Boituva;Jardim Santa Adélia
SP;3507001;Boituva;Jardim São Paulo
SP;3507001;Boituva;Jardim Valparaíso
SP;3507001;Boituva;Nova Rheata
SP;3507001;Boituva;Parque Ecológico
SP;3507001;Boituva;Parque Nossa Senhora das Graças
SP;3507001;Boituva;Parque Novo Mundo
SP;3507001;Boituva;Parque Residencial Esplanada
SP;3507001;Boituva;Portal dos Pássaros
SP;3507001;Boituva;Rancho dos Arcos
SP;3507001;Boituva;Recanto Maravilha
SP;3507001;Boituva;Residencial Del Lorenzi
SP;3507001;Boituva;Residencial Flora Ville
SP;3507001;Boituva;Residencial Vitória
SP;3507001;Boituva;São José de Boituva
SP;3507001;Boituva;Terras de Santa Cruz
SP;3507001;Boituva;Terras de São Francisco
SP;3507001;Boituva;Vila Nossa Senhora Aparecida
SP;3507001;Boituva;Vitassay
SP;3507001;Boituva;Vivendas do Parque
SP;3507100;Bom Jesus dos Perdões;Alpes de Bom Jesus
SP;3507100;Bom Jesus dos Perdões;Centro
SP;3507100;Bom Jesus dos Perdões;Cidade Nova
SP;3507100;Bom Jesus dos Perdões;Distrito Industrial
SP;3507100;Bom Jesus dos Perdões;Guaxinduva
SP;3507100;Bom Jesus dos Perdões;Jardim Bela Vista
SP;3507100;Bom Jesus dos Perdões;Jardim Conforto
SP;3507100;Bom Jesus dos Perdões;Jardim das Palmeiras
SP;3507100;Bom Jesus dos Perdões;Jardim Palmas
SP;3507100;Bom Jesus dos Perdões;Jardim Real
SP;3507100;Bom Jesus dos Perdões;Laranja Azeda
SP;3507100;Bom Jesus dos Perdões;Parque das Hortências
SP;3507100;Bom Jesus dos Perdões;Serra Negra
SP;3507100;Bom Jesus dos Perdões;Vila Operária
SP;3507100;Bom Jesus dos Perdões;Vila São José
SP;3507159;Bom Sucesso de Itararé;
SP;3507209;Borá;
SP;3507308;Boracéia;
SP;3507407;Borborema;
SP;3507456;Borebi;
SP;3507506;Botucatu;Alto
SP;3507506;Botucatu;Anhumas - Estação Cezar Neto
SP;3507506;Botucatu;Boa Vista
SP;3507506;Botucatu;Centro
SP;3507506;Botucatu;Chácara Barros
SP;3507506;Botucatu;Chácara Calori
SP;3507506;Botucatu;Chácara Recreio Jardim Alvorada
SP;3507506;Botucatu;Chácara Recreio Parque Laguna
SP;3507506;Botucatu;Chácara Tozzi
SP;3507506;Botucatu;Colinas Do Paraíso
SP;3507506;Botucatu;Conj. Habit. Popular Altos Da Serra / Resid. Santa Helena
SP;3507506;Botucatu;Conjunto Habitacional Antônio Hermínio Delevedove
SP;3507506;Botucatu;Conjunto Habitacional Araucária
SP;3507506;Botucatu;Conjunto Habitacional Armando De Barros Sobrinho
SP;3507506;Botucatu;Conjunto Habitacional Arnaldo Leotta de Mello
SP;3507506;Botucatu;Conjunto Habitacional Clemente Jorge Roncari
SP;3507506;Botucatu;Conjunto Habitacional Engenheiro Francisco Blasi
SP;3507506;Botucatu;Conjunto Habitacional Frei Fidelis
SP;3507506;Botucatu;Conjunto Habitacional Hermelindo Borgatto
SP;3507506;Botucatu;Conjunto Habitacional Humberto Popolo
SP;3507506;Botucatu;Conjunto Habitacional Joaquim Vernini
SP;3507506;Botucatu;Conjunto Habitacional Leandro Alarcão Dias
SP;3507506;Botucatu;Conjunto Habitacional Morada Do Sol
SP;3507506;Botucatu;Conjunto Habitacional Roque Ortiz Filho
SP;3507506;Botucatu;Conjunto Residencial Souza Santos
SP;3507506;Botucatu;Convívio Park Residencial
SP;3507506;Botucatu;De Piapara - Antiga Estação Alambari
SP;3507506;Botucatu;Jardim Aeroporto
SP;3507506;Botucatu;Jardim Alvorada
SP;3507506;Botucatu;Jardim América
SP;3507506;Botucatu;Jardim Bom Pastor
SP;3507506;Botucatu;Jardim Botucatu / Jardim Bons Ares
SP;3507506;Botucatu;Jardim Brasil
SP;3507506;Botucatu;Jardim Cambuí
SP;3507506;Botucatu;Jardim Chácara Dos Pinheiros
SP;3507506;Botucatu;Jardim Ciranda
SP;3507506;Botucatu;Jardim Continental
SP;3507506;Botucatu;Jardim Cristina
SP;3507506;Botucatu;Jardim Da Mina/Alv.De Barra Bonita/Vila Real De Barra Bonita
SP;3507506;Botucatu;Jardim Dona Marta / Jardim Neuza Maria
SP;3507506;Botucatu;Jardim Dona Nicota De Barros
SP;3507506;Botucatu;Jardim Flamboyant
SP;3507506;Botucatu;Jardim Itália
SP;3507506;Botucatu;Jardim Itamarati
SP;3507506;Botucatu;Jardim Monte Mor
SP;3507506;Botucatu;Jardim Panorama
SP;3507506;Botucatu;Jardim Paraíso
SP;3507506;Botucatu;Jardim Peabiru
SP;3507506;Botucatu;Jardim Reflorenda
SP;3507506;Botucatu;Jardim Riviera
SP;3507506;Botucatu;Jardim Santa Eliza
SP;3507506;Botucatu;Lavapés
SP;3507506;Botucatu;Paraíso li
SP;3507506;Botucatu;Parque Dos Pinheiros
SP;3507506;Botucatu;Parque Imperial
SP;3507506;Botucatu;Parque Marajoara
SP;3507506;Botucatu;Parque Residencial Serra Negra
SP;3507506;Botucatu;Parque Residencial Vinte E Quatro De Maio
SP;3507506;Botucatu;Parque Santo Antônio Do Cascatinha / Chácara Capão Bonito
SP;3507506;Botucatu;Porto Said / Retiro Do Rio Bonito / Barra Do Capivara
SP;3507506;Botucatu;Recanto Árvore Grande
SP;3507506;Botucatu;Recanto Azul
SP;3507506;Botucatu;Recanto Da Amizade
SP;3507506;Botucatu;Residencial Indaiá
SP;3507506;Botucatu;Residencial Jardim Ypê
SP;3507506;Botucatu;Residencial Spazio Verdes / Chácara Capão Bonito
SP;3507506;Botucatu;Residencial Villa Di Capri
SP;3507506;Botucatu;Sociedade Hípica De Botucatu
SP;3507506;Botucatu;Vale Do Sol / Jardim Tropical / Terras Altas
SP;3507506;Botucatu;Vale Do Sol li/ Chác.Rec.Vista Alegre/ Chác. Rec. Boa Vista
SP;3507506;Botucatu;Vila Antártica
SP;3507506;Botucatu;Vila Assunção / Vila Assunta
SP;3507506;Botucatu;Vila Auxiliadora
SP;3507506;Botucatu;Vila Carmelo
SP;3507506;Botucatu;Vila Casa Branca
SP;3507506;Botucatu;Vila Cidade Jardim
SP;3507506;Botucatu;Vila De Vitoriana
SP;3507506;Botucatu;Vila Dos Lavradores
SP;3507506;Botucatu;Vila Ferroviária
SP;3507506;Botucatu;Vila Formosa
SP;3507506;Botucatu;Vila Guimarães
SP;3507506;Botucatu;Vila Jahu
SP;3507506;Botucatu;Vila Maria
SP;3507506;Botucatu;Vila Nogueira
SP;3507506;Botucatu;Vila Nossa Senhora Das Graças
SP;3507506;Botucatu;Vila Nossa Senhora de Fátima
SP;3507506;Botucatu;Vila Nova Botucatu
SP;3507506;Botucatu;Vila Paraíso
SP;3507506;Botucatu;Vila Paulista
SP;3507506;Botucatu;Vila Pinheiro Machado
SP;3507506;Botucatu;Vila Rodrigues Alves
SP;3507506;Botucatu;Vila Santa Therezinha Do Menino Jesus
SP;3507506;Botucatu;Vila Santana
SP;3507506;Botucatu;Vila São Benedito
SP;3507506;Botucatu;Vila São Judas Thadeu / Jardim Dona Carolina
SP;3507506;Botucatu;Vila São Lúcio
SP;3507506;Botucatu;Vila São Luiz
SP;3507506;Botucatu;Vila Sônia
SP;3507605;Bragança Paulista;Água Comprida
SP;3507605;Bragança Paulista;América
SP;3507605;Bragança Paulista;Aparecida
SP;3507605;Bragança Paulista;Araras
SP;3507605;Bragança Paulista;Atibaianos
SP;3507605;Bragança Paulista;Bacci
SP;3507605;Bragança Paulista;Baronesa
SP;3507605;Bragança Paulista;Barreiro
SP;3507605;Bragança Paulista;Bianchi
SP;3507605;Bragança Paulista;Biriçá
SP;3507605;Bragança Paulista;Birica do Campo Novo
SP;3507605;Bragança Paulista;Boa Vista
SP;3507605;Bragança Paulista;Bocaina
SP;3507605;Bragança Paulista;Bom Retiro
SP;3507605;Bragança Paulista;Brasil
SP;3507605;Bragança Paulista;Caetanos
SP;3507605;Bragança Paulista;Caeté
SP;3507605;Bragança Paulista;Campinho
SP;3507605;Bragança Paulista;Campo Novo
SP;3507605;Bragança Paulista;Cardosos
SP;3507605;Bragança Paulista;Centro
SP;3507605;Bragança Paulista;Cidade Nova
SP;3507605;Bragança Paulista;Couto
SP;3507605;Bragança Paulista;Curitibanos
SP;3507605;Bragança Paulista;Eberaba
SP;3507605;Bragança Paulista;Estiva do Agudo
SP;3507605;Bragança Paulista;Fazenda Velha
SP;3507605;Bragança Paulista;Fernão Dias
SP;3507605;Bragança Paulista;Guaripocaba
SP;3507605;Bragança Paulista;Itapechinga
SP;3507605;Bragança Paulista;Jaguari
SP;3507605;Bragança Paulista;Jardins
SP;3507605;Bragança Paulista;Lavapés
SP;3507605;Bragança Paulista;Mãe dos Homens
SP;3507605;Bragança Paulista;Matadouro
SP;3507605;Bragança Paulista;Menin
SP;3507605;Bragança Paulista;Modestos
SP;3507605;Bragança Paulista;Morro do Agudo
SP;3507605;Bragança Paulista;Morro Grande
SP;3507605;Bragança Paulista;Morro Grande da Boa Vista
SP;3507605;Bragança Paulista;Morro Verde
SP;3507605;Bragança Paulista;Mourão
SP;3507605;Bragança Paulista;Palmeiras
SP;3507605;Bragança Paulista;Penha
SP;3507605;Bragança Paulista;Pereiras
SP;3507605;Bragança Paulista;Pico
SP;3507605;Bragança Paulista;Pinheirais
SP;3507605;Bragança Paulista;Rio das Pedras
SP;3507605;Bragança Paulista;Santa Cristina
SP;3507605;Bragança Paulista;Santa Cruz
SP;3507605;Bragança Paulista;Santa Helena
SP;3507605;Bragança Paulista;Santa Luzia
SP;3507605;Bragança Paulista;Santa Rosa
SP;3507605;Bragança Paulista;Santana
SP;3507605;Bragança Paulista;São Lourenço
SP;3507605;Bragança Paulista;Serrinha
SP;3507605;Bragança Paulista;Sete Barras
SP;3507605;Bragança Paulista;Sete Pontes
SP;3507605;Bragança Paulista;Souzas
SP;3507605;Bragança Paulista;Taboão
SP;3507605;Bragança Paulista;Uberaba
SP;3507605;Bragança Paulista;Usina
SP;3507704;Braúna;
SP;3507753;Brejo Alegre;
SP;3507803;Brodowski;
SP;3507902;Brotas;
SP;3508009;Buri;
SP;3508108;Buritama;
SP;3508207;Buritizal;
SP;3508306;Cabrália Paulista;
SP;3508405;Cabreúva;
SP;3508504;Caçapava;
SP;3508603;Cachoeira Paulista;
SP;3508702;Caconde;
SP;3508801;Cafelândia;
SP;3508900;Caiabu;
SP;3509007;Caieiras;Alpes de Caieiras
SP;3509007;Caieiras;Calcarea
SP;3509007;Caieiras;Calcárea
SP;3509007;Caieiras;Centro
SP;3509007;Caieiras;Laranjeiras
SP;3509007;Caieiras;Melhoramentos
SP;3509007;Caieiras;Morro Grande
SP;3509007;Caieiras;Nova Caieiras
SP;3509007;Caieiras;Nova Era
SP;3509007;Caieiras;Santa Inês
SP;3509007;Caieiras;Serpa
SP;3509007;Caieiras;Vera Tereza
SP;3509007;Caieiras;Vila Rosina
SP;3509106;Caiuá;
SP;3509205;Cajamar;
SP;3509254;Cajati;
SP;3509304;Cajobi;
SP;3509403;Cajuru;
SP;3509452;Campina do Monte Alegre;
SP;3509502;Campinas;
SP;3509601;Campo Limpo Paulista;
SP;3509700;Campos do Jordão;
SP;3509809;Campos Novos Paulista;
SP;3509908;Cananéia;
SP;3509957;Canas;
SP;3510005;Cândido Mota;
SP;3510104;Cândido Rodrigues;
SP;3510153;Canitar;
SP;3510203;Capão Bonito;
SP;3510302;Capela do Alto;
SP;3510401;Capivari;
SP;3510500;Caraguatatuba;
SP;3510609;Carapicuíba;
SP;3510708;Cardoso;
SP;3510807;Casa Branca;
SP;3510906;Cássia dos Coqueiros;
SP;3511003;Castilho;
SP;3511102;Catanduva;Altos do Higienópolis
SP;3511102;Catanduva;Bairro do Km Sete
SP;3511102;Catanduva;Cecap (Conjunto Habitacional José A. Borelli)
SP;3511102;Catanduva;Cecap - Conjunto Habitacional José A. Borelli
SP;3511102;Catanduva;Centro
SP;3511102;Catanduva;Conjunto Antônio Mastrocola
SP;3511102;Catanduva;Conjunto Habitacional Ângelo Gavioli
SP;3511102;Catanduva;Conjunto Habitacional Antônio Zaccaro
SP;3511102;Catanduva;Conjunto Habitacional Antônio Záccaro
SP;3511102;Catanduva;Conjunto Habitacional Euclides Figueiredo
SP;3511102;Catanduva;Conjunto Habitacional Gabriel Hernandes
SP;3511102;Catanduva;Conjunto Habitacional Nair de Freitas
SP;3511102;Catanduva;Conjunto Habitacional Pedro Luis Boso/Manoel
SP;3511102;Catanduva;Conjunto Habitacional Pedro Nechar
SP;3511102;Catanduva;Conjunto Habitacional Prefeito João Righini
SP;3511102;Catanduva;Distrito Industrial Antônio Záccaro
SP;3511102;Catanduva;Distrito Industrial Antônio Zaccaro
SP;3511102;Catanduva;Distrito Industrial José Antônio Boso
SP;3511102;Catanduva;Distrito Industrial Pedro Luis Boso
SP;3511102;Catanduva;Expansão 1
SP;3511102;Catanduva;Expansão 2
SP;3511102;Catanduva;Expansão 3
SP;3511102;Catanduva;Granville I
SP;3511102;Catanduva;Granville II
SP;3511102;Catanduva;Higienópolis
SP;3511102;Catanduva;Jardim Alpino
SP;3511102;Catanduva;Jardim Alvorada
SP;3511102;Catanduva;Jardim Amêndola
SP;3511102;Catanduva;Jardim América
SP;3511102;Catanduva;Jardim Bela Vista
SP;3511102;Catanduva;Jardim Belém
SP;3511102;Catanduva;Jardim Bom Pastor
SP;3511102;Catanduva;Jardim Brasil
SP;3511102;Catanduva;Jardim Caparroz
SP;3511102;Catanduva;Jardim Clélia
SP;3511102;Catanduva;Jardim da Torre
SP;3511102;Catanduva;Jardim Del Rey
SP;3511102;Catanduva;Jardim do Bosque
SP;3511102;Catanduva;Jardim do Lago
SP;3511102;Catanduva;Jardim dos Coqueiros
SP;3511102;Catanduva;Jardim dos Coqueiros II
SP;3511102;Catanduva;Jardim Eldorado
SP;3511102;Catanduva;Jardim Esperança
SP;3511102;Catanduva;Jardim Imperial
SP;3511102;Catanduva;Jardim Ipanema
SP;3511102;Catanduva;Jardim Irradiação
SP;3511102;Catanduva;Jardim Júlia Caparroz
SP;3511102;Catanduva;Jardim Monte Líbano
SP;3511102;Catanduva;Jardim Moreschi
SP;3511102;Catanduva;Jardim Nações Unidas
SP;3511102;Catanduva;Jardim Oriental
SP;3511102;Catanduva;Jardim Pedro Borgonovi
SP;3511102;Catanduva;Jardim Primavera
SP;3511102;Catanduva;Jardim Salles
SP;3511102;Catanduva;Jardim Santa Helena
SP;3511102;Catanduva;Jardim Santa Rosa
SP;3511102;Catanduva;Jardim São Domingos
SP;3511102;Catanduva;Jardim Shangri-lá
SP;3511102;Catanduva;Jardim Soto
SP;3511102;Catanduva;Jardim Tarraf II
SP;3511102;Catanduva;Jardim Vertoni
SP;3511102;Catanduva;Loteamento Miguel Elias
SP;3511102;Catanduva;Morada dos Executivos
SP;3511102;Catanduva;Morada dos Pássaros
SP;3511102;Catanduva;Nosso Teto
SP;3511102;Catanduva;Nova Catanduva
SP;3511102;Catanduva;Parque Flamingo
SP;3511102;Catanduva;Parque Glória I
SP;3511102;Catanduva;Parque Glória II
SP;3511102;Catanduva;Parque Glória III
SP;3511102;Catanduva;Parque Glória IV
SP;3511102;Catanduva;Parque Glória V
SP;3511102;Catanduva;Parque Glória VI
SP;3511102;Catanduva;Parque Ipiranga
SP;3511102;Catanduva;Parque Iracema
SP;3511102;Catanduva;Parque Joaquim Lopes
SP;3511102;Catanduva;Parque Residencial Agudo Romão
SP;3511102;Catanduva;Polo Coml. e Indl. Raul de Carvalho
SP;3511102;Catanduva;Polo Industrial Giordano Mestrinelli
SP;3511102;Catanduva;Residencial Agudo Romão 2
SP;3511102;Catanduva;Residencial Anuar Pacha
SP;3511102;Catanduva;Residencial Cidade Jardim
SP;3511102;Catanduva;Residencial Colina do Sol
SP;3511102;Catanduva;Residencial Diolfen Martani
SP;3511102;Catanduva;Residencial Esplanada
SP;3511102;Catanduva;Residencial Isabela
SP;3511102;Catanduva;Residencial Juliatti de Carvalho
SP;3511102;Catanduva;Residencial Maria Luiza Peres de Faria
SP;3511102;Catanduva;Residencial Pacha
SP;3511102;Catanduva;Residencial Paraíso
SP;3511102;Catanduva;Residencial Pedro Monteleone
SP;3511102;Catanduva;Residencial Primavera
SP;3511102;Catanduva;Residencial San Remo
SP;3511102;Catanduva;Residencial Santa Paula
SP;3511102;Catanduva;Residencial Sebastião Moraes
SP;3511102;Catanduva;São Francisco
SP;3511102;Catanduva;Solo Sagrado
SP;3511102;Catanduva;Vila Alexandria
SP;3511102;Catanduva;Vila Bela
SP;3511102;Catanduva;Vila Celso Mauad
SP;3511102;Catanduva;Vila Celso Mouad
SP;3511102;Catanduva;Vila Engracia
SP;3511102;Catanduva;Vila Guzzo
SP;3511102;Catanduva;Vila Industrial
SP;3511102;Catanduva;Vila Jorge
SP;3511102;Catanduva;Vila Juca Pedro
SP;3511102;Catanduva;Vila Lunardelli
SP;3511102;Catanduva;Vila Maria Jorge
SP;3511102;Catanduva;Vila Mota
SP;3511102;Catanduva;Vila Paulista
SP;3511102;Catanduva;Vila Rodrigues
SP;3511102;Catanduva;Vila Santo Antônio
SP;3511102;Catanduva;Vila São Luís
SP;3511102;Catanduva;Vila Stocco
SP;3511102;Catanduva;Zé Povão
SP;3511201;Catiguá;
SP;3511300;Cedral;
SP;3511409;Cerqueira César;
SP;3511508;Cerquilho;
SP;3511607;Cesário Lange;
SP;3511706;Charqueada;
SP;3557204;Chavantes;
SP;3511904;Clementina;
SP;3512001;Colina;
SP;3512100;Colômbia;
SP;3512209;Conchal;
SP;3512308;Conchas;
SP;3512407;Cordeirópolis;
SP;3512506;Coroados;
SP;3512605;Coronel Macedo;
SP;3512704;Corumbataí;
SP;3512803;Cosmópolis;
SP;3512902;Cosmorama;
SP;3513009;Cotia;
SP;3513108;Cravinhos;
SP;3513207;Cristais Paulista;
SP;3513306;Cruzália;
SP;3513405;Cruzeiro;
SP;3513504;Cubatão;Areais
SP;3513504;Cubatão;Caminho do Mar
SP;3513504;Cubatão;Centro
SP;3513504;Cubatão;Cota 200
SP;3513504;Cubatão;Cruzeiro Quinhentista
SP;3513504;Cubatão;Guará-Vermelho
SP;3513504;Cubatão;Ilha Caraguatá
SP;3513504;Cubatão;Ilha do Tatu
SP;3513504;Cubatão;Ilha Nhapium
SP;3513504;Cubatão;Ilha Pompeva
SP;3513504;Cubatão;Itutinga-Pilões
SP;3513504;Cubatão;Jardim Anchieta
SP;3513504;Cubatão;Jardim Casqueiro
SP;3513504;Cubatão;Jardim Nova República
SP;3513504;Cubatão;Jardim São Francisco
SP;3513504;Cubatão;Mãe Maria
SP;3513504;Cubatão;Marzagão
SP;3513504;Cubatão;Paranhos
SP;3513504;Cubatão;Parque Cotia-Pará
SP;3513504;Cubatão;Parque Perequê
SP;3513504;Cubatão;Parque São Luis
SP;3513504;Cubatão;Perequê
SP;3513504;Cubatão;Piaçaguera
SP;3513504;Cubatão;Pinhal do Miranda
SP;3513504;Cubatão;Raiz da Serra
SP;3513504;Cubatão;Santa Rosa
SP;3513504;Cubatão;Serra do Mogi
SP;3513504;Cubatão;Serra do Morrão
SP;3513504;Cubatão;Serra do Mourão
SP;3513504;Cubatão;Serra do Poço do Meio
SP;3513504;Cubatão;Serra Pilões-Zangalá
SP;3513504;Cubatão;Serra Pilões-Zanzalá
SP;3513504;Cubatão;Sítio Cafezal
SP;3513504;Cubatão;Vale Verde
SP;3513504;Cubatão;Vila Couto
SP;3513504;Cubatão;Vila dos Pescadores
SP;3513504;Cubatão;Vila Elizabeth
SP;3513504;Cubatão;Vila Esperança
SP;3513504;Cubatão;Vila Fabril
SP;3513504;Cubatão;Vila Light
SP;3513504;Cubatão;Vila Natal
SP;3513504;Cubatão;Vila Nova
SP;3513504;Cubatão;Vila São José
SP;3513504;Cubatão;Volta do Santana
SP;3513603;Cunha;
SP;3513702;Descalvado;
SP;3513801;Diadema;Campanário
SP;3513801;Diadema;Canhema
SP;3513801;Diadema;Casa Grande
SP;3513801;Diadema;Centro
SP;3513801;Diadema;Conceição
SP;3513801;Diadema;Eldorado
SP;3513801;Diadema;Inamar
SP;3513801;Diadema;Piraporinha
SP;3513801;Diadema;Serraria
SP;3513801;Diadema;Taboão
SP;3513801;Diadema;Vila Nogueira
SP;3513850;Dirce Reis;
SP;3513900;Divinolândia;
SP;3514007;Dobrada;
SP;3514106;Dois Córregos;
SP;3514205;Dolcinópolis;
SP;3514304;Dourado;
SP;3514403;Dracena;
SP;3514502;Duartina;
SP;3514601;Dumont;
SP;3514700;Echaporã;
SP;3514809;Eldorado;
SP;3514908;Elias Fausto;
SP;3514924;Elisiário;
SP;3514957;Embaúba;
SP;3515004;Embu das Artes;Água Espraiada
SP;3515004;Embu das Artes;Água Morna
SP;3515004;Embu das Artes;Bosque Capuava
SP;3515004;Embu das Artes;Bosque do Embu
SP;3515004;Embu das Artes;Caminho do Índio
SP;3515004;Embu das Artes;Capuava
SP;3515004;Embu das Artes;Centro
SP;3515004;Embu das Artes;Cercado Grande
SP;3515004;Embu das Artes;Chacaras Ana Lucia
SP;3515004;Embu das Artes;Chácaras Ana Lúcia
SP;3515004;Embu das Artes;Chacaras Aurora
SP;3515004;Embu das Artes;Chacaras Bartira
SP;3515004;Embu das Artes;Chácaras Caxingui
SP;3515004;Embu das Artes;Chacaras Lidia
SP;3515004;Embu das Artes;Chácaras Lydia
SP;3515004;Embu das Artes;Chacaras São Cristovão
SP;3515004;Embu das Artes;Chácaras São Cristóvão
SP;3515004;Embu das Artes;Cooperativa
SP;3515004;Embu das Artes;Embu Colonial
SP;3515004;Embu das Artes;Embu-Mirim
SP;3515004;Embu das Artes;Embuema
SP;3515004;Embu das Artes;Engenho Velho
SP;3515004;Embu das Artes;Esplanada
SP;3515004;Embu das Artes;Estância de Embuarama
SP;3515004;Embu das Artes;Gramado
SP;3515004;Embu das Artes;Granja Nossa Senhora Aparecida
SP;3515004;Embu das Artes;Independência-Casa Branca
SP;3515004;Embu das Artes;Invernada
SP;3515004;Embu das Artes;Itatuba
SP;3515004;Embu das Artes;Jardim Ângela
SP;3515004;Embu das Artes;Jardim Batista
SP;3515004;Embu das Artes;Jardim Casa Branca
SP;3515004;Embu das Artes;Jardim Castilho
SP;3515004;Embu das Artes;Jardim Colibri
SP;3515004;Embu das Artes;Jardim da Luz
SP;3515004;Embu das Artes;Jardim de Lourdes
SP;3515004;Embu das Artes;Jardim do Colégio
SP;3515004;Embu das Artes;Jardim Dom José
SP;3515004;Embu das Artes;Jardim dos Ipes
SP;3515004;Embu das Artes;Jardim dos Ipês
SP;3515004;Embu das Artes;Jardim dos Moraes
SP;3515004;Embu das Artes;Jardim dos Oliveiras
SP;3515004;Embu das Artes;Jardim Elisa
SP;3515004;Embu das Artes;Jardim Emílio Carlos
SP;3515004;Embu das Artes;Jardim Fabiana
SP;3515004;Embu das Artes;Jardim Ferreira
SP;3515004;Embu das Artes;Jardim Flórida
SP;3515004;Embu das Artes;Jardim Indaiá
SP;3515004;Embu das Artes;Jardim Indaia
SP;3515004;Embu das Artes;Jardim Independência
SP;3515004;Embu das Artes;Jardim Irene
SP;3515004;Embu das Artes;Jardim Itatiaia
SP;3515004;Embu das Artes;Jardim Julia
SP;3515004;Embu das Artes;Jardim Jurema
SP;3515004;Embu das Artes;Jardim Laila
SP;3515004;Embu das Artes;Jardim Lavorato
SP;3515004;Embu das Artes;Jardim Magaly
SP;3515004;Embu das Artes;Jardim Marina
SP;3515004;Embu das Artes;Jardim Mimas
SP;3515004;Embu das Artes;Jardim Nayara
SP;3515004;Embu das Artes;Jardim Nossa Senhora de Fátima
SP;3515004;Embu das Artes;Jardim Novo Campo Limpo
SP;3515004;Embu das Artes;Jardim Novo Embu
SP;3515004;Embu das Artes;Jardim Pinheirinho
SP;3515004;Embu das Artes;Jardim Pinheiros
SP;3515004;Embu das Artes;Jardim Presidente Kennedy
SP;3515004;Embu das Artes;Jardim Recanto da Fonte
SP;3515004;Embu das Artes;Jardim Sadie
SP;3515004;Embu das Artes;Jardim Santa Bárbara
SP;3515004;Embu das Artes;Jardim Santa Clara
SP;3515004;Embu das Artes;Jardim Santa Emília
SP;3515004;Embu das Artes;Jardim Santa Luzia
SP;3515004;Embu das Artes;Jardim Santa Maria
SP;3515004;Embu das Artes;Jardim Santa Rita
SP;3515004;Embu das Artes;Jardim Santa Tereza
SP;3515004;Embu das Artes;Jardim Santo Antônio
SP;3515004;Embu das Artes;Jardim Santo Antonio
SP;3515004;Embu das Artes;Jardim Santo Eduardo
SP;3515004;Embu das Artes;Jardim São Francisco
SP;3515004;Embu das Artes;Jardim São Luiz
SP;3515004;Embu das Artes;Jardim São Marcos
SP;3515004;Embu das Artes;Jardim São Vicente
SP;3515004;Embu das Artes;Jardim Silvia
SP;3515004;Embu das Artes;Jardim Taima
SP;3515004;Embu das Artes;Jardim Tome
SP;3515004;Embu das Artes;Jardim Valo Verde
SP;3515004;Embu das Artes;Jardim Vazame
SP;3515004;Embu das Artes;Jardim Vista Alegre
SP;3515004;Embu das Artes;Jardim Vitória
SP;3515004;Embu das Artes;Maranhão
SP;3515004;Embu das Artes;Maria Auxiliadora
SP;3515004;Embu das Artes;Maria Imaculada
SP;3515004;Embu das Artes;Moinho Real
SP;3515004;Embu das Artes;Moinho Velho
SP;3515004;Embu das Artes;Mundo Real
SP;3515004;Embu das Artes;Paranapanema
SP;3515004;Embu das Artes;Parque das Chácaras
SP;3515004;Embu das Artes;Parque dos Caetes
SP;3515004;Embu das Artes;Parque Francisco Rizzo
SP;3515004;Embu das Artes;Parque Industrial
SP;3515004;Embu das Artes;Parque Industrial do Pinheirinho
SP;3515004;Embu das Artes;Parque Luiza
SP;3515004;Embu das Artes;Parque Pirajussara
SP;3515004;Embu das Artes;Parque São Leonardo
SP;3515004;Embu das Artes;Pataxós
SP;3515004;Embu das Artes;Pataxos
SP;3515004;Embu das Artes;Pedreira
SP;3515004;Embu das Artes;Perove
SP;3515004;Embu das Artes;Pindorama
SP;3515004;Embu das Artes;Ponta Pora
SP;3515004;Embu das Artes;Ponta Porã
SP;3515004;Embu das Artes;Prado Rangel
SP;3515004;Embu das Artes;Quinhaú
SP;3515004;Embu das Artes;Quinhau
SP;3515004;Embu das Artes;Quinta do morro
SP;3515004;Embu das Artes;Ressaca
SP;3515004;Embu das Artes;Santa Rosa
SP;3515004;Embu das Artes;Tingidor
SP;3515004;Embu das Artes;Vale do Sol
SP;3515004;Embu das Artes;Vila Bonfim
SP;3515004;Embu das Artes;Vila Carmem
SP;3515004;Embu das Artes;Vila Isis Cristina
SP;3515004;Embu das Artes;Vila Olinda
SP;3515004;Embu das Artes;Vila Pereque
SP;3515004;Embu das Artes;Vila Perequê
SP;3515004;Embu das Artes;Vila Real
SP;3515004;Embu das Artes;Vila Regina
SP;3515004;Embu das Artes;Vila Votorantim
SP;3515004;Embu das Artes;Votorantim
SP;3515103;Embu-Guaçu;
SP;3515129;Emilianópolis;
SP;3515152;Engenheiro Coelho;
SP;3515186;Espírito Santo do Pinhal;
SP;3515194;Espírito Santo do Turvo;
SP;3557303;Estiva Gerbi;
SP;3515202;Estrela d'Oeste;
SP;3515301;Estrela do Norte;
SP;3515350;Euclides da Cunha Paulista;
SP;3515400;Fartura;
SP;3515608;Fernando Prestes;
SP;3515509;Fernandópolis;
SP;3515657;Fernão;
SP;3515707;Ferraz de Vasconcelos;
SP;3515806;Flora Rica;
SP;3515905;Floreal;
SP;3516002;Flórida Paulista;
SP;3516101;Florínea;
SP;3516200;Franca;
SP;3516309;Francisco Morato;
SP;3516408;Franco da Rocha;
SP;3516507;Gabriel Monteiro;
SP;3516606;Gália;
SP;3516705;Garça;
SP;3516804;Gastão Vidigal;
SP;3516853;Gavião Peixoto;
SP;3516903;General Salgado;
SP;3517000;Getulina;
SP;3517109;Glicério;
SP;3517208;Guaiçara;
SP;3517307;Guaimbê;
SP;3517406;Guaíra;
SP;3517505;Guapiaçu;
SP;3517604;Guapiara;
SP;3517703;Guará;
SP;3517802;Guaraçaí;
SP;3517901;Guaraci;
SP;3518008;Guarani d'Oeste;
SP;3518107;Guarantã;
SP;3518206;Guararapes;
SP;3518305;Guararema;
SP;3518404;Guaratinguetá;Aeronáutica
SP;3518404;Guaratinguetá;Aeroporto
SP;3518404;Guaratinguetá;Alto Jardim do Vale
SP;3518404;Guaratinguetá;Alto Pedregulho
SP;3518404;Guaratinguetá;Beira Rio
SP;3518404;Guaratinguetá;Bela Vista
SP;3518404;Guaratinguetá;Campo do Galvão
SP;3518404;Guaratinguetá;Centro Histórico
SP;3518404;Guaratinguetá;Clube dos 500
SP;3518404;Guaratinguetá;Cohab
SP;3518404;Guaratinguetá;Engenheiro Neiva
SP;3518404;Guaratinguetá;Figueira
SP;3518404;Guaratinguetá;Jardim do Vale
SP;3518404;Guaratinguetá;Jardim Esperança
SP;3518404;Guaratinguetá;Jardim Rony
SP;3518404;Guaratinguetá;Nova Guará
SP;3518404;Guaratinguetá;Parque do Sol
SP;3518404;Guaratinguetá;Pedregulho
SP;3518404;Guaratinguetá;Pedreira
SP;3518404;Guaratinguetá;Piagui
SP;3518404;Guaratinguetá;Piedade
SP;3518404;Guaratinguetá;Pingo de Ouro
SP;3518404;Guaratinguetá;Pinheiral
SP;3518404;Guaratinguetá;Portal das Colinas
SP;3518404;Guaratinguetá;Retiro
SP;3518404;Guaratinguetá;Rio Comprido
SP;3518404;Guaratinguetá;Santa Clara
SP;3518404;Guaratinguetá;Santa Edwiges
SP;3518404;Guaratinguetá;Santa Luzia
SP;3518404;Guaratinguetá;Santa Rita
SP;3518404;Guaratinguetá;São Benedito
SP;3518404;Guaratinguetá;São Bento
SP;3518404;Guaratinguetá;São Dimas
SP;3518404;Guaratinguetá;São Francisco
SP;3518404;Guaratinguetá;São Manoel
SP;3518404;Guaratinguetá;Tamandaré
SP;3518404;Guaratinguetá;Vila Brasil
SP;3518404;Guaratinguetá;Vila Conselheiro Rodrigues Alves
SP;3518404;Guaratinguetá;Vila Paraíba
SP;3518503;Guareí;
SP;3518602;Guariba;
SP;3518701;Guarujá;Acapulco
SP;3518701;Guarujá;Astúrias
SP;3518701;Guarujá;Barra Grande
SP;3518701;Guarujá;Boa Esperança
SP;3518701;Guarujá;Bocaina
SP;3518701;Guarujá;Cachoeira
SP;3518701;Guarujá;Cidade Atlântica
SP;3518701;Guarujá;Conceiçãozinha
SP;3518701;Guarujá;Enseada
SP;3518701;Guarujá;Enseada I
SP;3518701;Guarujá;Enseada II
SP;3518701;Guarujá;Guaiúba
SP;3518701;Guarujá;Guararu
SP;3518701;Guarujá;Helena Maria
SP;3518701;Guarujá;Itapema
SP;3518701;Guarujá;Jardim Acapulco
SP;3518701;Guarujá;Jardim Boa Esperança
SP;3518701;Guarujá;Jardim Progresso
SP;3518701;Guarujá;Jardim Virgínia 1
SP;3518701;Guarujá;Jardim Virgínia 2
SP;3518701;Guarujá;Las Palmas
SP;3518701;Guarujá;Mar e Céu
SP;3518701;Guarujá;Marinas
SP;3518701;Guarujá;Marinas 1
SP;3518701;Guarujá;Marinas 2
SP;3518701;Guarujá;Morrinhos
SP;3518701;Guarujá;Pae Cará
SP;3518701;Guarujá;Parque Estuário
SP;3518701;Guarujá;Pedreira
SP;3518701;Guarujá;Península
SP;3518701;Guarujá;Perequê
SP;3518701;Guarujá;Pernambuco
SP;3518701;Guarujá;Pitangueiras
SP;3518701;Guarujá;Porto
SP;3518701;Guarujá;Porto de Guarujá
SP;3518701;Guarujá;Retroporto
SP;3518701;Guarujá;Saco do Funil
SP;3518701;Guarujá;Santa Cruz dos Navegantes
SP;3518701;Guarujá;Santa Maria
SP;3518701;Guarujá;Santa Rosa
SP;3518701;Guarujá;Santa Rosa 1
SP;3518701;Guarujá;Santa Rosa 2
SP;3518701;Guarujá;Santo Amaro
SP;3518701;Guarujá;Santo Amaro 1
SP;3518701;Guarujá;Santo Antônio
SP;3518701;Guarujá;Santo Antônio 1
SP;3518701;Guarujá;Santo Antônio 2
SP;3518701;Guarujá;Tombo
SP;3518701;Guarujá;Tortuga
SP;3518701;Guarujá;Vargem Grande
SP;3518701;Guarujá;Vila Áurea
SP;3518701;Guarujá;Vila Ligya
SP;3518701;Guarujá;Vila Zilda
SP;3518701;Guarujá;Virgínia
SP;3518800;Guarulhos;Aeroporto Internacional
SP;3518800;Guarulhos;Água Azul
SP;3518800;Guarulhos;Água Chata
SP;3518800;Guarulhos;Aracília
SP;3518800;Guarulhos;Bananal
SP;3518800;Guarulhos;Bela Vista
SP;3518800;Guarulhos;Bom Clima
SP;3518800;Guarulhos;Bonsucesso
SP;3518800;Guarulhos;Cabuçu
SP;3518800;Guarulhos;Cabuçu de Cima
SP;3518800;Guarulhos;Capelinha
SP;3518800;Guarulhos;Cecap
SP;3518800;Guarulhos;Centro
SP;3518800;Guarulhos;Cocaia
SP;3518800;Guarulhos;Cumbíca
SP;3518800;Guarulhos;Fátima
SP;3518800;Guarulhos;Fortaleza
SP;3518800;Guarulhos;Gopouva
SP;3518800;Guarulhos;Gopoúva
SP;3518800;Guarulhos;Invernada
SP;3518800;Guarulhos;Itaím
SP;3518800;Guarulhos;Itapegica
SP;3518800;Guarulhos;Jardim Vila Galvão
SP;3518800;Guarulhos;Lavras
SP;3518800;Guarulhos;Macedo
SP;3518800;Guarulhos;Maia
SP;3518800;Guarulhos;Mato das Cobras
SP;3518800;Guarulhos;Monte Carmelo
SP;3518800;Guarulhos;Morro Grande
SP;3518800;Guarulhos;Morros
SP;3518800;Guarulhos;Paraventi
SP;3518800;Guarulhos;Picanço
SP;3518800;Guarulhos;Pimentas
SP;3518800;Guarulhos;Ponte Grande
SP;3518800;Guarulhos;Porto da Igreja
SP;3518800;Guarulhos;Presidente Dutra
SP;3518800;Guarulhos;Sadokim
SP;3518800;Guarulhos;São João
SP;3518800;Guarulhos;São Roque
SP;3518800;Guarulhos;Taboão
SP;3518800;Guarulhos;TANQUE GRANDE
SP;3518800;Guarulhos;Torres Tibagy
SP;3518800;Guarulhos;Tranquilidade
SP;3518800;Guarulhos;Várzea do Palácio
SP;3518800;Guarulhos;Vila Augusta
SP;3518800;Guarulhos;Vila Barros
SP;3518800;Guarulhos;Vila Galvão
SP;3518800;Guarulhos;Vila Rio
SP;3518859;Guatapará;
SP;3518909;Guzolândia;
SP;3519006;Herculândia;
SP;3519055;Holambra;
SP;3519071;Hortolândia;RP 1-1
SP;3519071;Hortolândia;RP 2-2
SP;3519071;Hortolândia;RP 2-3
SP;3519071;Hortolândia;RP 2-4
SP;3519071;Hortolândia;RP 2-5
SP;3519071;Hortolândia;RP 2-6
SP;3519071;Hortolândia;RP 2-7
SP;3519071;Hortolândia;RP 2-8
SP;3519071;Hortolândia;RP 2-9
SP;3519071;Hortolândia;RP 3-10
SP;3519071;Hortolândia;RP 3-11
SP;3519071;Hortolândia;RP 3-12
SP;3519071;Hortolândia;RP 3-13
SP;3519071;Hortolândia;RP 3-14
SP;3519071;Hortolândia;RP 4-15
SP;3519071;Hortolândia;RP 4-16
SP;3519071;Hortolândia;RP 5-17
SP;3519071;Hortolândia;RP 5-18
SP;3519071;Hortolândia;RP 5-19
SP;3519071;Hortolândia;RP 5-20
SP;3519071;Hortolândia;RP 5-21
SP;3519071;Hortolândia;RP 5-22
SP;3519071;Hortolândia;RP 5-23
SP;3519071;Hortolândia;RP 6-24
SP;3519071;Hortolândia;RP 6-25
SP;3519071;Hortolândia;RP 6-26
SP;3519071;Hortolândia;RP 6-27
SP;3519071;Hortolândia;RP 6-28
SP;3519071;Hortolândia;RP 6-29
SP;3519105;Iacanga;
SP;3519204;Iacri;
SP;3519253;Iaras;
SP;3519303;Ibaté;
SP;3519402;Ibirá;
SP;3519501;Ibirarema;
SP;3519600;Ibitinga;
SP;3519709;Ibiúna;
SP;3519808;Icém;
SP;3519907;Iepê;
SP;3520004;Igaraçu do Tietê;
SP;3520103;Igarapava;
SP;3520202;Igaratá;
SP;3520301;Iguape;
SP;3520426;Ilha Comprida;
SP;3520442;Ilha Solteira;
SP;3520400;Ilhabela;Água Branca
SP;3520400;Ilhabela;Armação
SP;3520400;Ilhabela;Barra Velha
SP;3520400;Ilhabela;Barreiros
SP;3520400;Ilhabela;Bonete
SP;3520400;Ilhabela;Borrifos
SP;3520400;Ilhabela;Camarão
SP;3520400;Ilhabela;Castelhanos
SP;3520400;Ilhabela;Cocaia
SP;3520400;Ilhabela;Costa Bela
SP;3520400;Ilhabela;Curral
SP;3520400;Ilhabela;Engenheiro D'Água
SP;3520400;Ilhabela;Enxovas
SP;3520400;Ilhabela;Estácio
SP;3520400;Ilhabela;Feiticeira
SP;3520400;Ilhabela;Fome
SP;3520400;Ilhabela;Furnas
SP;3520400;Ilhabela;Garapocaia
SP;3520400;Ilhabela;Guanxumas
SP;3520400;Ilhabela;Ilhote
SP;3520400;Ilhabela;Itaguassu
SP;3520400;Ilhabela;Itapecerica
SP;3520400;Ilhabela;Itaquanduba
SP;3520400;Ilhabela;Jabaquara
SP;3520400;Ilhabela;Laje Preta
SP;3520400;Ilhabela;Pacoíba
SP;3520400;Ilhabela;Perequê
SP;3520400;Ilhabela;Pereque
SP;3520400;Ilhabela;Poço
SP;3520400;Ilhabela;Ponta Azeda
SP;3520400;Ilhabela;Ponta das Canas
SP;3520400;Ilhabela;Portinho
SP;3520400;Ilhabela;Praia Grande
SP;3520400;Ilhabela;Praia Mansa
SP;3520400;Ilhabela;Praia Vermelha
SP;3520400;Ilhabela;Reino
SP;3520400;Ilhabela;Ribeirão
SP;3520400;Ilhabela;Santa Tereza
SP;3520400;Ilhabela;São Pedro
SP;3520400;Ilhabela;Serraria
SP;3520400;Ilhabela;Siriuba
SP;3520400;Ilhabela;Siriúba
SP;3520400;Ilhabela;Sombrio
SP;3520400;Ilhabela;Taubaté
SP;3520400;Ilhabela;Toca
SP;3520400;Ilhabela;Veloso
SP;3520400;Ilhabela;Viana
SP;3520400;Ilhabela;Vila
SP;3520400;Ilhabela;Zabumba
SP;3520509;Indaiatuba;
SP;3520608;Indiana;
SP;3520707;Indiaporã;
SP;3520806;Inúbia Paulista;
SP;3520905;Ipaussu;
SP;3521002;Iperó;
SP;3521101;Ipeúna;
SP;3521150;Ipiguá;
SP;3521200;Iporanga;
SP;3521309;Ipuã;
SP;3521408;Iracemápolis;
SP;3521507;Irapuã;
SP;3521606;Irapuru;
SP;3521705;Itaberá;
SP;3521804;Itaí;
SP;3521903;Itajobi;
SP;3522000;Itaju;
SP;3522109;Itanhaém;Aguapeú
SP;3522109;Itanhaém;Araraú
SP;3522109;Itanhaém;Baixio
SP;3522109;Itanhaém;Belas Artes
SP;3522109;Itanhaém;Bopiranga
SP;3522109;Itanhaém;Campos Elíseos
SP;3522109;Itanhaém;Centro
SP;3522109;Itanhaém;Cibratel - Chácaras
SP;3522109;Itanhaém;Cibratel I
SP;3522109;Itanhaém;Cibratel II
SP;3522109;Itanhaém;Cidade Anchieta
SP;3522109;Itanhaém;Corumbá
SP;3522109;Itanhaém;Do Rio Acima
SP;3522109;Itanhaém;do Rio Acima
SP;3522109;Itanhaém;Gaivota - Interior
SP;3522109;Itanhaém;Gaivota - Praia
SP;3522109;Itanhaém;Guapiranga
SP;3522109;Itanhaém;Guaraú
SP;3522109;Itanhaém;Guarda Civil
SP;3522109;Itanhaém;Ivoty
SP;3522109;Itanhaém;Jamaica - Interior
SP;3522109;Itanhaém;Jamaica - Praia
SP;3522109;Itanhaém;Jardim Anchieta
SP;3522109;Itanhaém;Jardim Coronel
SP;3522109;Itanhaém;Jardim Suarão - Interior
SP;3522109;Itanhaém;Jardim Suarão - Praia
SP;3522109;Itanhaém;Laranjeiras
SP;3522109;Itanhaém;Loty
SP;3522109;Itanhaém;Marrocos
SP;3522109;Itanhaém;Mosteiro
SP;3522109;Itanhaém;Nossa Senhora do Sion
SP;3522109;Itanhaém;Nova Itanhaém - Interior
SP;3522109;Itanhaém;Nova Itanhaém - Praia
SP;3522109;Itanhaém;Oásis
SP;3522109;Itanhaém;Praia dos Sonhos
SP;3522109;Itanhaém;Raminho
SP;3522109;Itanhaém;Sabaúna
SP;3522109;Itanhaém;São Fernando
SP;3522109;Itanhaém;Satélite
SP;3522109;Itanhaém;Savoy
SP;3522109;Itanhaém;Suarão
SP;3522109;Itanhaém;Tropical
SP;3522109;Itanhaém;Tupy
SP;3522109;Itanhaém;Umuarama
SP;3522109;Itanhaém;Verde Mar
SP;3522109;Itanhaém;Vila São Paulo
SP;3522158;Itaoca;
SP;3522208;Itapecerica da Serra;
SP;3522307;Itapetininga;
SP;3522406;Itapeva;
SP;3522505;Itapevi;
SP;3522604;Itapira;Bela Vista
SP;3522604;Itapira;Boa Vista
SP;3522604;Itapira;Centro
SP;3522604;Itapira;Cubatão
SP;3522604;Itapira;Jardim Bonfim
SP;3522604;Itapira;Jardim Ivete
SP;3522604;Itapira;Jardim Magali
SP;3522604;Itapira;Jardim Rachel
SP;3522604;Itapira;Macucos
SP;3522604;Itapira;Macumbé
SP;3522604;Itapira;Nova Itapira
SP;3522604;Itapira;Pinheiros
SP;3522604;Itapira;Pires
SP;3522604;Itapira;Prados
SP;3522604;Itapira;Salgados
SP;3522604;Itapira;Santa Bárbara
SP;3522604;Itapira;Santa Cruz
SP;3522604;Itapira;Santa Fé
SP;3522604;Itapira;Santa Terezinha
SP;3522604;Itapira;Santo Antônio
SP;3522604;Itapira;São Benedito
SP;3522604;Itapira;São Vicente
SP;3522604;Itapira;Vila Bazani
SP;3522604;Itapira;Vila Esperança
SP;3522604;Itapira;Vila Ilze
SP;3522604;Itapira;Vila Isaura
SP;3522604;Itapira;Vila Maria
SP;3522604;Itapira;Vila Pereira
SP;3522653;Itapirapuã Paulista;
SP;3522703;Itápolis;
SP;3522802;Itaporanga;
SP;3522901;Itapuí;
SP;3523008;Itapura;
SP;3523107;Itaquaquecetuba;Açafrão
SP;3523107;Itaquaquecetuba;Aracaré
SP;3523107;Itaquaquecetuba;Campo da Venda
SP;3523107;Itaquaquecetuba;Campo Limpo
SP;3523107;Itaquaquecetuba;Centro
SP;3523107;Itaquaquecetuba;Cidade Kemel
SP;3523107;Itaquaquecetuba;Corredor
SP;3523107;Itaquaquecetuba;Cuiabá
SP;3523107;Itaquaquecetuba;Estação
SP;3523107;Itaquaquecetuba;Jaguari
SP;3523107;Itaquaquecetuba;Mandi
SP;3523107;Itaquaquecetuba;Monte Belo
SP;3523107;Itaquaquecetuba;Morro Branco
SP;3523107;Itaquaquecetuba;Pedreira
SP;3523107;Itaquaquecetuba;Perobal
SP;3523107;Itaquaquecetuba;Pinheirinho
SP;3523107;Itaquaquecetuba;Pium
SP;3523107;Itaquaquecetuba;Ribeiro
SP;3523107;Itaquaquecetuba;Rio Abaixo
SP;3523107;Itaquaquecetuba;São Bento
SP;3523107;Itaquaquecetuba;Sítio Mato Dentro
SP;3523107;Itaquaquecetuba;Tipóia
SP;3523107;Itaquaquecetuba;Una
SP;3523107;Itaquaquecetuba;Vila Virgínia
SP;3523206;Itararé;Área Não Urbanizada 1
SP;3523206;Itararé;Área Não Urbanizada 10
SP;3523206;Itararé;Área Não Urbanizada 2
SP;3523206;Itararé;Área Não Urbanizada 3
SP;3523206;Itararé;Área Não Urbanizada 4
SP;3523206;Itararé;Área Não Urbanizada 5
SP;3523206;Itararé;Área Não Urbanizada 6
SP;3523206;Itararé;Área Não Urbanizada 7
SP;3523206;Itararé;Área Não Urbanizada 9
SP;3523206;Itararé;Bairro Velho
SP;3523206;Itararé;CDHU Alberto Bandoni
SP;3523206;Itararé;CDHU Ângelo Augusto Ghizzi
SP;3523206;Itararé;CDHU Dilermando Marques Camargo
SP;3523206;Itararé;Centro
SP;3523206;Itararé;Condomínio dos Professores (AFEMI)
SP;3523206;Itararé;Conjunto Habitacional Clóvis Machado
SP;3523206;Itararé;Cruzeiro
SP;3523206;Itararé;Ginásio
SP;3523206;Itararé;Jardim Alvorada
SP;3523206;Itararé;Jardim Bela Vista
SP;3523206;Itararé;Jardim Bequinha
SP;3523206;Itararé;Jardim Claudina
SP;3523206;Itararé;Jardim Comodoro
SP;3523206;Itararé;Jardim Diva
SP;3523206;Itararé;Jardim Dona Anésia
SP;3523206;Itararé;Jardim Fronteira
SP;3523206;Itararé;Jardim Pauliceia
SP;3523206;Itararé;Jardim Regiane
SP;3523206;Itararé;Jardim Regina
SP;3523206;Itararé;Jardim Santa Terezinha
SP;3523206;Itararé;Jardim São Paulo
SP;3523206;Itararé;Jardim São Pedro
SP;3523206;Itararé;Jardim São Pedro Horigome
SP;3523206;Itararé;Jardim Sinhá
SP;3523206;Itararé;João Adolfo
SP;3523206;Itararé;Parque Centenário
SP;3523206;Itararé;Parque das Nações
SP;3523206;Itararé;Residencial Alto dos Pinheiros
SP;3523206;Itararé;Vale do Itararé
SP;3523206;Itararé;Vila Beca
SP;3523206;Itararé;Vila Jurandir
SP;3523206;Itararé;Vila Novo Horizonte
SP;3523206;Itararé;Vila Osório
SP;3523206;Itararé;Vila São João
SP;3523206;Itararé;Vila Tonico Adolfo
SP;3523305;Itariri;
SP;3523404;Itatiba;
SP;3523503;Itatinga;Centro
SP;3523503;Itatinga;Chácara Horizonte
SP;3523503;Itatinga;Conjunto Habitacional Mário Covas
SP;3523503;Itatinga;Jardim Cidade Serrana
SP;3523503;Itatinga;Jardim Parenti
SP;3523503;Itatinga;Jardim Parenti II
SP;3523503;Itatinga;Jardim Pedra Branca
SP;3523503;Itatinga;Nova América
SP;3523503;Itatinga;Parque Industrial
SP;3523503;Itatinga;Residencial Nunes
SP;3523503;Itatinga;Vila Canaã
SP;3523503;Itatinga;Vila Nova Itatinga
SP;3523503;Itatinga;Vila Prete
SP;3523503;Itatinga;Vila São Domingos
SP;3523503;Itatinga;Vila São João
SP;3523503;Itatinga;Vila União
SP;3523602;Itirapina;
SP;3523701;Itirapuã;
SP;3523800;Itobi;
SP;3523909;Itu;
SP;3524006;Itupeva;
SP;3524105;Ituverava;
SP;3524204;Jaborandi;
SP;3524303;Jaboticabal;Alto
SP;3524303;Jaboticabal;Aparecida
SP;3524303;Jaboticabal;Barreiro
SP;3524303;Jaboticabal;Cachoeira dos Mendes
SP;3524303;Jaboticabal;Centro
SP;3524303;Jaboticabal;Cerradinho
SP;3524303;Jaboticabal;Nova Jaboticabal
SP;3524303;Jaboticabal;Santa Isabel
SP;3524303;Jaboticabal;São Roque
SP;3524303;Jaboticabal;Sorocabano
SP;3524402;Jacareí;Macrozona Destinação Industrial - Carv. Pinto - S. Silvestre
SP;3524402;Jacareí;Macrozona Destinação Industrial - MDI - AVIBRÁS
SP;3524402;Jacareí;Macrozona Destinação Industrial - MDI - Carvalho Pinto
SP;3524402;Jacareí;Macrozona Destinação Industrial - MDI - Meia Lua
SP;3524402;Jacareí;Macrozona Destinação Industrial - MDI - Pagador de Andrade
SP;3524402;Jacareí;Macrozona Destinação Industrial - MDI - Parateí
SP;3524402;Jacareí;Macrozona Destinação Industrial - MDI - São Silvestre
SP;3524402;Jacareí;Zona de Adensamento Controlado - ZAC
SP;3524402;Jacareí;Zona de Adensamento Controlado - ZAC - Meia Lua
SP;3524402;Jacareí;Zona de Adensamento Controlado - ZAC - São Silvestre
SP;3524402;Jacareí;Zona de Adensamento Restrito - ZAR
SP;3524402;Jacareí;Zona de Interesse Social
SP;3524402;Jacareí;Zona Especial de Centro - ZEC
SP;3524402;Jacareí;Zona Especial de Várzea - ZEV
SP;3524402;Jacareí;Zona Preferencial 01 - ZAP 1
SP;3524402;Jacareí;Zona Preferencial 02 - ZAP 2 A
SP;3524402;Jacareí;Zona Preferencial 02 - ZAP 2 B
SP;3524501;Jaci;
SP;3524600;Jacupiranga;
SP;3524709;Jaguariúna;
SP;3524808;Jales;
SP;3524907;Jambeiro;
SP;3525003;Jandira;
SP;3525102;Jardinópolis;
SP;3525201;Jarinu;
SP;3525300;Jaú;
SP;3525409;Jeriquara;
SP;3525508;Joanópolis;
SP;3525607;João Ramalho;
SP;3525706;José Bonifácio;
SP;3525805;Júlio Mesquita;
SP;3525854;Jumirim;
SP;3525904;Jundiaí;Aeroporto
SP;3525904;Jundiaí;Agapeama
SP;3525904;Jundiaí;Água Doce
SP;3525904;Jundiaí;Alvorada
SP;3525904;Jundiaí;Anhangabaú
SP;3525904;Jundiaí;Bom Jardim
SP;3525904;Jundiaí;Bonfiglioli
SP;3525904;Jundiaí;Campo Verde
SP;3525904;Jundiaí;Casa Branca
SP;3525904;Jundiaí;Casa Branca / Setor Industrial
SP;3525904;Jundiaí;Castanho
SP;3525904;Jundiaí;Caxambu
SP;3525904;Jundiaí;Caxumbu
SP;3525904;Jundiaí;Cecap
SP;3525904;Jundiaí;Centro
SP;3525904;Jundiaí;Cerâmica Ibetel
SP;3525904;Jundiaí;Chácara Urbana
SP;3525904;Jundiaí;Champirra
SP;3525904;Jundiaí;Colônia
SP;3525904;Jundiaí;Cristais
SP;3525904;Jundiaí;Currupira
SP;3525904;Jundiaí;Décimo Segundo GAC - Grupo de Artilharia e Campanha
SP;3525904;Jundiaí;Distrito Industrial
SP;3525904;Jundiaí;Eloy Chaves
SP;3525904;Jundiaí;Engordadouro
SP;3525904;Jundiaí;Ermida
SP;3525904;Jundiaí;Fazenda Conceição
SP;3525904;Jundiaí;Fazenda Grande
SP;3525904;Jundiaí;Fernandes
SP;3525904;Jundiaí;Gramadão
SP;3525904;Jundiaí;Horto Florestal
SP;3525904;Jundiaí;Hortolândia
SP;3525904;Jundiaí;Ivoturucaia
SP;3525904;Jundiaí;Jardim Botânico
SP;3525904;Jundiaí;Jardim das Tulipas
SP;3525904;Jundiaí;Jardim do Lago
SP;3525904;Jundiaí;Jardim Nambi
SP;3525904;Jundiaí;Jardim Pacaembu
SP;3525904;Jundiaí;Jardim Samambaia
SP;3525904;Jundiaí;Jardim São Camilo
SP;3525904;Jundiaí;Jardim Tamoyo
SP;3525904;Jundiaí;Jundiaí Mirim
SP;3525904;Jundiaí;Malota
SP;3525904;Jundiaí;Marco Leite
SP;3525904;Jundiaí;Maringá
SP;3525904;Jundiaí;Mato Dentro
SP;3525904;Jundiaí;Medeiros
SP;3525904;Jundiaí;Moisés
SP;3525904;Jundiaí;Nambi
SP;3525904;Jundiaí;Nova Odessa
SP;3525904;Jundiaí;Novo Horizonte
SP;3525904;Jundiaí;Parque Centenário
SP;3525904;Jundiaí;Parque do Colégio
SP;3525904;Jundiaí;Parque Eloy Chaves
SP;3525904;Jundiaí;Parque Industrial
SP;3525904;Jundiaí;Pinheirinho
SP;3525904;Jundiaí;Pinheirinho/Represa
SP;3525904;Jundiaí;Ponte Alta
SP;3525904;Jundiaí;Ponte São João
SP;3525904;Jundiaí;Poste
SP;3525904;Jundiaí;Pracatú
SP;3525904;Jundiaí;Retiro
SP;3525904;Jundiaí;Rio Acima
SP;3525904;Jundiaí;Rio das Pedras
SP;3525904;Jundiaí;Roseira
SP;3525904;Jundiaí;Samambaia
SP;3525904;Jundiaí;Santa Gertrudes
SP;3525904;Jundiaí;São Camilo
SP;3525904;Jundiaí;São José da Pedra Santa
SP;3525904;Jundiaí;Setor Industrial
SP;3525904;Jundiaí;Tamoio
SP;3525904;Jundiaí;Tarumã
SP;3525904;Jundiaí;Terra Nova
SP;3525904;Jundiaí;Tijuco Preto
SP;3525904;Jundiaí;Toca
SP;3525904;Jundiaí;Torres de São José
SP;3525904;Jundiaí;Traviú
SP;3525904;Jundiaí;Tulipas
SP;3525904;Jundiaí;Vale Azul
SP;3525904;Jundiaí;Vianelo
SP;3525904;Jundiaí;Vianelo/Bonfiglioli
SP;3525904;Jundiaí;Vila Alvorada
SP;3525904;Jundiaí;Vila Arens
SP;3525904;Jundiaí;Vila Arens / Vila Progresso
SP;3525904;Jundiaí;Vila Maringá
SP;3525904;Jundiaí;Vila Militar
SP;3525904;Jundiaí;Vila Municipal
SP;3525904;Jundiaí;Vila Progresso
SP;3525904;Jundiaí;Vila Rami
SP;3525904;Jundiaí;Vila Rio Branco
SP;3526001;Junqueirópolis;
SP;3526100;Juquiá;
SP;3526209;Juquitiba;
SP;3526308;Lagoinha;
SP;3526407;Laranjal Paulista;
SP;3526506;Lavínia;
SP;3526605;Lavrinhas;
SP;3526704;Leme;
SP;3526803;Lençóis Paulista;
SP;3526902;Limeira;
SP;3527009;Lindóia;
SP;3527108;Lins;
SP;3527207;Lorena;
SP;3527256;Lourdes;
SP;3527306;Louveira;
SP;3527405;Lucélia;
SP;3527504;Lucianópolis;
SP;3527603;Luís Antônio;
SP;3527702;Luiziânia;
SP;3527801;Lupércio;
SP;3527900;Lutécia;
SP;3528007;Macatuba;
SP;3528106;Macaubal;
SP;3528205;Macedônia;
SP;3528304;Magda;
SP;3528403;Mairinque;
SP;3528502;Mairiporã;
SP;3528601;Manduri;
SP;3528700;Marabá Paulista;
SP;3528809;Maracaí;
SP;3528858;Marapoama;
SP;3528908;Mariápolis;
SP;3529005;Marília;
SP;3529104;Marinópolis;
SP;3529203;Martinópolis;
SP;3529302;Matão;
SP;3529401;Mauá;RP1 (Regiões de Planejamento)
SP;3529401;Mauá;RP1 - Regiões de Planejamento
SP;3529401;Mauá;RP10 (Regiões de Planejamento)
SP;3529401;Mauá;RP10 - Regiões de Planejamento
SP;3529401;Mauá;RP11 (Regiões de Planejamento)
SP;3529401;Mauá;RP11 - Regiões de Planejamento
SP;3529401;Mauá;RP12 (Regiões de Planejamento)
SP;3529401;Mauá;RP12 - Regiões de Planejamento
SP;3529401;Mauá;RP13 (Regiões de Planejamento)
SP;3529401;Mauá;RP13 - Regiões de Planejamento
SP;3529401;Mauá;RP14 (Regiões de Planejamento)
SP;3529401;Mauá;RP14 - Regiões de Planejamento
SP;3529401;Mauá;RP2 (Regiões de Planejamento)
SP;3529401;Mauá;RP2 - Regiões de Planejamento
SP;3529401;Mauá;RP3 (Regiões de Planejamento)
SP;3529401;Mauá;RP3 - Regiões de Planejamento
SP;3529401;Mauá;RP4 (Regiões de Planejamento)
SP;3529401;Mauá;RP4 - Regiões de Planejamento
SP;3529401;Mauá;RP5 (Regiões de Planejamento)
SP;3529401;Mauá;RP5 - Regiões de Planejamento
SP;3529401;Mauá;RP6 (Regiões de Planejamento)
SP;3529401;Mauá;RP6 - Regiões de Planejamento
SP;3529401;Mauá;RP7 (Regiões de Planejamento)
SP;3529401;Mauá;RP7 - Regiões de Planejamento
SP;3529401;Mauá;RP8 (Regiões de Planejamento)
SP;3529401;Mauá;RP8 - Regiões de Planejamento
SP;3529401;Mauá;RP9 (Regiões de Planejamento)
SP;3529401;Mauá;RP9 - Regiões de Planejamento
SP;3529500;Mendonça;
SP;3529609;Meridiano;
SP;3529658;Mesópolis;
SP;3529708;Miguelópolis;
SP;3529807;Mineiros do Tietê;
SP;3530003;Mira Estrela;
SP;3529906;Miracatu;
SP;3530102;Mirandópolis;
SP;3530201;Mirante do Paranapanema;
SP;3530300;Mirassol;Aeroporto
SP;3530300;Mirassol;Centro
SP;3530300;Mirassol;Colina
SP;3530300;Mirassol;Fartura
SP;3530300;Mirassol;Grota
SP;3530300;Mirassol;Moreira
SP;3530300;Mirassol;Nossa Senhora Aparecida
SP;3530300;Mirassol;Portal
SP;3530300;Mirassol;Santa Casa
SP;3530300;Mirassol;Santa Cruz
SP;3530300;Mirassol;São José
SP;3530300;Mirassol;São Pedro
SP;3530300;Mirassol;Souza
SP;3530409;Mirassolândia;
SP;3530508;Mococa;Aparecida
SP;3530508;Mococa;Braz
SP;3530508;Mococa;Cecap
SP;3530508;Mococa;Centro
SP;3530508;Mococa;Chácara Bela Vista
SP;3530508;Mococa;Chácara São Domingos
SP;3530508;Mococa;Chácaras do Vale
SP;3530508;Mococa;"Conjunto Habitacional "" Nenê Pereira Lima"""
SP;3530508;Mococa;Conjunto Habitacional Ary Estevão
SP;3530508;Mococa;Conjunto Habitacional Doutor Gabriel do O
SP;3530508;Mococa;Conjunto Habitacional Doutor Gabriel do ó - Cohab I
SP;3530508;Mococa;Conjunto Habitacional Doutor Gilberto Rossetti
SP;3530508;Mococa;Conjunto Habitacional DR. Gilberto Rossetti - Cohab II
SP;3530508;Mococa;Conjunto Habitacional Nene Pereira Lima
SP;3530508;Mococa;Descanso
SP;3530508;Mococa;Distrito Industrial I
SP;3530508;Mococa;Distrito Industrial II
SP;3530508;Mococa;Gatolândia
SP;3530508;Mococa;Jardim Alvorada
SP;3530508;Mococa;Jardim Chico Piscina
SP;3530508;Mococa;Jardim Lavínia
SP;3530508;Mococa;Jardim Morro Azul
SP;3530508;Mococa;Jardim Primavera
SP;3530508;Mococa;Jardim Santa Clara
SP;3530508;Mococa;Jardim Santa Maria
SP;3530508;Mococa;Jardim São Francisco
SP;3530508;Mococa;Jardim São Luiz
SP;3530508;Mococa;Mocoquinha
SP;3530508;Mococa;Naufel
SP;3530508;Mococa;Santa Cecília
SP;3530508;Mococa;Sardim Santa Clara
SP;3530508;Mococa;Vila Carvalho
SP;3530508;Mococa;Vila Lambari
SP;3530508;Mococa;Vila Mariana
SP;3530508;Mococa;Vila Naufel
SP;3530508;Mococa;Vila Quintino
SP;3530508;Mococa;Vila Santa Rosa
SP;3530607;Mogi das Cruzes;
SP;3530706;Mogi Guaçu;
SP;3530805;Mogi Mirim;
SP;3530904;Mombuca;
SP;3531001;Monções;
SP;3531100;Mongaguá;Agenor de Campos
SP;3531100;Mongaguá;Centro
SP;3531100;Mongaguá;Flórida Mirim
SP;3531100;Mongaguá;Itaguaí
SP;3531100;Mongaguá;Itaóca
SP;3531100;Mongaguá;Jardim Praia Grande
SP;3531100;Mongaguá;Jussara
SP;3531100;Mongaguá;Pedreira
SP;3531100;Mongaguá;Plataforma
SP;3531100;Mongaguá;Vera Cruz
SP;3531100;Mongaguá;Vila Atlântica
SP;3531100;Mongaguá;Vila São Paulo
SP;3531209;Monte Alegre do Sul;
SP;3531308;Monte Alto;
SP;3531407;Monte Aprazível;
SP;3531506;Monte Azul Paulista;
SP;3531605;Monte Castelo;
SP;3531803;Monte Mor;
SP;3531704;Monteiro Lobato;
SP;3531902;Morro Agudo;
SP;3532009;Morungaba;
SP;3532058;Motuca;
SP;3532108;Murutinga do Sul;
SP;3532157;Nantes;
SP;3532207;Narandiba;
SP;3532306;Natividade da Serra;
SP;3532405;Nazaré Paulista;
SP;3532504;Neves Paulista;
SP;3532603;Nhandeara;
SP;3532702;Nipoã;
SP;3532801;Nova Aliança;
SP;3532827;Nova Campina;
SP;3532843;Nova Canaã Paulista;
SP;3532868;Nova Castilho;
SP;3532900;Nova Europa;
SP;3533007;Nova Granada;
SP;3533106;Nova Guataporanga;
SP;3533205;Nova Independência;
SP;3533304;Nova Luzitânia;
SP;3533403;Nova Odessa;Região Administrativa 01
SP;3533403;Nova Odessa;Região Administrativa 02
SP;3533403;Nova Odessa;Região Administrativa 03
SP;3533403;Nova Odessa;Região Administrativa 04
SP;3533403;Nova Odessa;Região Administrativa 05
SP;3533403;Nova Odessa;Região Administrativa 06
SP;3533403;Nova Odessa;Região Administrativa 07
SP;3533403;Nova Odessa;Região Administrativa 08
SP;3533403;Nova Odessa;Região Administrativa 09
SP;3533403;Nova Odessa;Região Administrativa 10
SP;3533403;Nova Odessa;Região Administrativa 11
SP;3533403;Nova Odessa;Região Administrativa 12
SP;3533403;Nova Odessa;Região Administrativa 13
SP;3533403;Nova Odessa;Região Administrativa 14
SP;3533403;Nova Odessa;Região Administrativa 15
SP;3533403;Nova Odessa;Região Administrativa 16
SP;3533403;Nova Odessa;Região Administrativa 17
SP;3533254;Novais;
SP;3533502;Novo Horizonte;
SP;3533601;Nuporanga;
SP;3533700;Ocauçu;
SP;3533809;Óleo;
SP;3533908;Olímpia;
SP;3534005;Onda Verde;
SP;3534104;Oriente;
SP;3534203;Orindiúva;
SP;3534302;Orlândia;
SP;3534401;Osasco;Adalgisa
SP;3534401;Osasco;Aliança
SP;3534401;Osasco;Ayrosa
SP;3534401;Osasco;Bandeiras
SP;3534401;Osasco;Baronesa
SP;3534401;Osasco;Bela Vista
SP;3534401;Osasco;Bonança
SP;3534401;Osasco;Bonfim
SP;3534401;Osasco;Bussocaba
SP;3534401;Osasco;Castelo Branco
SP;3534401;Osasco;Centro
SP;3534401;Osasco;Cidade das Flores
SP;3534401;Osasco;Cidade de Deus
SP;3534401;Osasco;Cipava
SP;3534401;Osasco;City Bussocaba
SP;3534401;Osasco;Helena Maria
SP;3534401;Osasco;Iapi
SP;3534401;Osasco;Industrial Altino
SP;3534401;Osasco;Industrial Anhanguera
SP;3534401;Osasco;Industrial Autonomistas
SP;3534401;Osasco;Industrial Centro
SP;3534401;Osasco;Industrial Mazzei
SP;3534401;Osasco;Industrial Remédios
SP;3534401;Osasco;Jaguaribe
SP;3534401;Osasco;Jardim Conceição
SP;3534401;Osasco;Jardim D'Abril
SP;3534401;Osasco;Jardim das Flores
SP;3534401;Osasco;Jardim Elvira
SP;3534401;Osasco;Jardim Novo Osasco
SP;3534401;Osasco;Jardim Roberto
SP;3534401;Osasco;Km 18
SP;3534401;Osasco;Metalúrgicos
SP;3534401;Osasco;Munhoz Júnior
SP;3534401;Osasco;Mutinga
SP;3534401;Osasco;Padroeira
SP;3534401;Osasco;Paiva Ramos
SP;3534401;Osasco;Parque Continental
SP;3534401;Osasco;Pestana
SP;3534401;Osasco;Piratininga
SP;3534401;Osasco;Platina
SP;3534401;Osasco;Portal D'Oeste
SP;3534401;Osasco;Presidente Altino
SP;3534401;Osasco;Quintaúna
SP;3534401;Osasco;Quintauna
SP;3534401;Osasco;Raposo Tavares
SP;3534401;Osasco;Remédios
SP;3534401;Osasco;Rochale
SP;3534401;Osasco;Rochdale
SP;3534401;Osasco;Santa Fé
SP;3534401;Osasco;Santa Maria
SP;3534401;Osasco;Santo Antônio
SP;3534401;Osasco;São Pedro
SP;3534401;Osasco;Setor Militar
SP;3534401;Osasco;Três Montanhas
SP;3534401;Osasco;Umuarama
SP;3534401;Osasco;Veloso
SP;3534401;Osasco;Vila Campesina
SP;3534401;Osasco;Vila Menck
SP;3534401;Osasco;Vila Menk
SP;3534401;Osasco;Vila Militar
SP;3534401;Osasco;Vila Osasco
SP;3534401;Osasco;Vila Yara
SP;3534401;Osasco;Vila Yolanda
SP;3534500;Oscar Bressane;
SP;3534609;Osvaldo Cruz;
SP;3534708;Ourinhos;
SP;3534807;Ouro Verde;Centro
SP;3534807;Ouro Verde;Industrial
SP;3534807;Ouro Verde;Nova Esperança
SP;3534807;Ouro Verde;Paraíso
SP;3534807;Ouro Verde;Primavera
SP;3534757;Ouroeste;
SP;3534906;Pacaembu;
SP;3535002;Palestina;
SP;3535101;Palmares Paulista;
SP;3535200;Palmeira d'Oeste;
SP;3535309;Palmital;
SP;3535408;Panorama;
SP;3535507;Paraguaçu Paulista;
SP;3535606;Paraibuna;
SP;3535705;Paraíso;
SP;3535804;Paranapanema;
SP;3535903;Paranapuã;
SP;3536000;Parapuã;
SP;3536109;Pardinho;
SP;3536208;Pariquera-Açu;
SP;3536257;Parisi;
SP;3536307;Patrocínio Paulista;
SP;3536406;Paulicéia;
SP;3536505;Paulínia;Alto de Pinheiros
SP;3536505;Paulínia;Alto Pinheiros
SP;3536505;Paulínia;Balneário Tropical
SP;3536505;Paulínia;Bela Vista
SP;3536505;Paulínia;Belvedere do Lago
SP;3536505;Paulínia;Betel
SP;3536505;Paulínia;Boa Esperança
SP;3536505;Paulínia;Bonfim
SP;3536505;Paulínia;Cascata
SP;3536505;Paulínia;Dona Edith de Campos Favaro
SP;3536505;Paulínia;Jardim América
SP;3536505;Paulínia;Jardim de Itapoan
SP;3536505;Paulínia;Jardim dos Calegaris
SP;3536505;Paulínia;Jardim Flamboyant
SP;3536505;Paulínia;Jardim Fortaleza
SP;3536505;Paulínia;Jardim Harmonia
SP;3536505;Paulínia;Jardim Itapoan
SP;3536505;Paulínia;Jardim N. S. Aparecida
SP;3536505;Paulínia;Jardim Nossa Sra. Aparecida
SP;3536505;Paulínia;Jardim Planalto
SP;3536505;Paulínia;Jardim Vista Alegre
SP;3536505;Paulínia;Jardim Ypê
SP;3536505;Paulínia;João Aranha
SP;3536505;Paulínia;Morumbi
SP;3536505;Paulínia;Nova Paulínia
SP;3536505;Paulínia;Nova Veneza
SP;3536505;Paulínia;Parque Bom Retiro
SP;3536505;Paulínia;Parque Brasil 500
SP;3536505;Paulínia;Parque da Figueira
SP;3536505;Paulínia;Parque da Represa
SP;3536505;Paulínia;Parque Figueira
SP;3536505;Paulínia;Poço Fundo
SP;3536505;Paulínia;Recanto dos Pássaros
SP;3536505;Paulínia;Saltinho
SP;3536505;Paulínia;Santa Cecília
SP;3536505;Paulínia;Santa Terezinha
SP;3536505;Paulínia;São Bento
SP;3536505;Paulínia;São Domingos
SP;3536505;Paulínia;São Luiz
SP;3536505;Paulínia;Vila Bressani
SP;3536505;Paulínia;Vila José Paulino Nogueira
SP;3536505;Paulínia;Vila Monte Alegre
SP;3536505;Paulínia;Vila Presidente Médici
SP;3536570;Paulistânia;
SP;3536604;Paulo de Faria;
SP;3536703;Pederneiras;
SP;3536802;Pedra Bela;
SP;3536901;Pedranópolis;
SP;3537008;Pedregulho;
SP;3537107;Pedreira;
SP;3537156;Pedrinhas Paulista;
SP;3537206;Pedro de Toledo;
SP;3537305;Penápolis;
SP;3537404;Pereira Barreto;
SP;3537503;Pereiras;
SP;3537602;Peruíbe;
SP;3537701;Piacatu;
SP;3537800;Piedade;
SP;3537909;Pilar do Sul;
SP;3538006;Pindamonhangaba;
SP;3538105;Pindorama;
SP;3538204;Pinhalzinho;
SP;3538303;Piquerobi;
SP;3538501;Piquete;
SP;3538600;Piracaia;
SP;3538709;Piracicaba;Abaeté
SP;3538709;Piracicaba;Agronomia
SP;3538709;Piracicaba;Água Branca
SP;3538709;Piracicaba;Água das Pedras
SP;3538709;Piracicaba;Água Santa
SP;3538709;Piracicaba;Algodoal
SP;3538709;Piracicaba;Areião
SP;3538709;Piracicaba;Bairro Verde
SP;3538709;Piracicaba;Campestre
SP;3538709;Piracicaba;Capim Fino
SP;3538709;Piracicaba;Castelinho
SP;3538709;Piracicaba;CECAP
SP;3538709;Piracicaba;Centro
SP;3538709;Piracicaba;Chicó
SP;3538709;Piracicaba;Cidade Alta
SP;3538709;Piracicaba;Cidade Jardim
SP;3538709;Piracicaba;Cidade Judiciária
SP;3538709;Piracicaba;Clube de Campo
SP;3538709;Piracicaba;Conceição
SP;3538709;Piracicaba;Dois Córregos
SP;3538709;Piracicaba;Dona Antônia
SP;3538709;Piracicaba;Glebas Califórnia
SP;3538709;Piracicaba;Guamium
SP;3538709;Piracicaba;Higienópolis
SP;3538709;Piracicaba;Itaperu
SP;3538709;Piracicaba;Jaraguá
SP;3538709;Piracicaba;Jardim Abaeté
SP;3538709;Piracicaba;Jardim Califórnia
SP;3538709;Piracicaba;Jardim Caxambu
SP;3538709;Piracicaba;Jardim Caxambú
SP;3538709;Piracicaba;Jardim Elite
SP;3538709;Piracicaba;Jardim Itapuã
SP;3538709;Piracicaba;Jardim Jupiá
SP;3538709;Piracicaba;Jardim Monumento
SP;3538709;Piracicaba;Jardim Planalto
SP;3538709;Piracicaba;Jardim Primavera
SP;3538709;Piracicaba;Jardim São Francisco
SP;3538709;Piracicaba;Mário Dedini
SP;3538709;Piracicaba;Monte Alegre
SP;3538709;Piracicaba;Monte Líbano
SP;3538709;Piracicaba;Morato
SP;3538709;Piracicaba;Morumbi
SP;3538709;Piracicaba;Nhô Quim
SP;3538709;Piracicaba;Nova América
SP;3538709;Piracicaba;Nova Piracicaba
SP;3538709;Piracicaba;Novo Horizonte
SP;3538709;Piracicaba;Ondas
SP;3538709;Piracicaba;Ondinhas
SP;3538709;Piracicaba;Parque da Rua do Porto
SP;3538709;Piracicaba;Parque Residencial Piracicaba
SP;3538709;Piracicaba;Paulicéia
SP;3538709;Piracicaba;Paulista
SP;3538709;Piracicaba;Piracicamirim
SP;3538709;Piracicaba;Pompéia
SP;3538709;Piracicaba;Santa Cecília
SP;3538709;Piracicaba;Santa Helena
SP;3538709;Piracicaba;Santa Rita
SP;3538709;Piracicaba;Santa Rosa
SP;3538709;Piracicaba;Santa Terezinha
SP;3538709;Piracicaba;São Dimas
SP;3538709;Piracicaba;São Jorge
SP;3538709;Piracicaba;São Judas
SP;3538709;Piracicaba;Taquaral
SP;3538709;Piracicaba;Unileste
SP;3538709;Piracicaba;Unisul
SP;3538709;Piracicaba;Vale do Sol
SP;3538709;Piracicaba;Vila Cristina
SP;3538709;Piracicaba;Vila Fátima
SP;3538709;Piracicaba;Vila Independência
SP;3538709;Piracicaba;Vila Industrial
SP;3538709;Piracicaba;Vila Monteiro
SP;3538709;Piracicaba;Vila Resende
SP;3538709;Piracicaba;Vila Rezende
SP;3538709;Piracicaba;Vila Sônia
SP;3538808;Piraju;
SP;3538907;Pirajuí;
SP;3539004;Pirangi;
SP;3539103;Pirapora do Bom Jesus;
SP;3539202;Pirapozinho;
SP;3539301;Pirassununga;
SP;3539400;Piratininga;
SP;3539509;Pitangueiras;
SP;3539608;Planalto;
SP;3539707;Platina;
SP;3539806;Poá;
SP;3539905;Poloni;
SP;3540002;Pompéia;
SP;3540101;Pongaí;
SP;3540200;Pontal;
SP;3540259;Pontalinda;
SP;3540309;Pontes Gestal;
SP;3540408;Populina;
SP;3540507;Porangaba;
SP;3540606;Porto Feliz;
SP;3540705;Porto Ferreira;
SP;3540754;Potim;
SP;3540804;Potirendaba;
SP;3540853;Pracinha;
SP;3540903;Pradópolis;
SP;3541000;Praia Grande;Andaraguá
SP;3541000;Praia Grande;Anhanguera
SP;3541000;Praia Grande;Antartica
SP;3541000;Praia Grande;Antártica
SP;3541000;Praia Grande;Aviação
SP;3541000;Praia Grande;Boqueirão
SP;3541000;Praia Grande;Caiçara
SP;3541000;Praia Grande;Canto do Forte
SP;3541000;Praia Grande;Cidade da Criança
SP;3541000;Praia Grande;Esmeralda
SP;3541000;Praia Grande;Flórida
SP;3541000;Praia Grande;Glória
SP;3541000;Praia Grande;Guilhermina
SP;3541000;Praia Grande;Imperador
SP;3541000;Praia Grande;Maracanã
SP;3541000;Praia Grande;Melvi
SP;3541000;Praia Grande;Militar
SP;3541000;Praia Grande;Mirim
SP;3541000;Praia Grande;Nova Mirim
SP;3541000;Praia Grande;Ocian
SP;3541000;Praia Grande;Princesa
SP;3541000;Praia Grande;Quietude
SP;3541000;Praia Grande;Real
SP;3541000;Praia Grande;Ribeirópolis
SP;3541000;Praia Grande;Samambaia
SP;3541000;Praia Grande;Santa Marina
SP;3541000;Praia Grande;Serra do Mar
SP;3541000;Praia Grande;Sítio do Campo
SP;3541000;Praia Grande;Solemar
SP;3541000;Praia Grande;Tupi
SP;3541000;Praia Grande;Tupiry
SP;3541000;Praia Grande;Tupy
SP;3541000;Praia Grande;Vila Sônia
SP;3541000;Praia Grande;Xixová
SP;3541000;Praia Grande;Xixova
SP;3541059;Pratânia;
SP;3541109;Presidente Alves;
SP;3541208;Presidente Bernardes;
SP;3541307;Presidente Epitácio;
SP;3541406;Presidente Prudente;Uep1-S.1
SP;3541406;Presidente Prudente;Uep1-S.2
SP;3541406;Presidente Prudente;Uep1-S.3
SP;3541406;Presidente Prudente;Uep1-S.4
SP;3541406;Presidente Prudente;Uep2-S.1
SP;3541406;Presidente Prudente;Uep2-S.2
SP;3541406;Presidente Prudente;Uep2-S.3
SP;3541406;Presidente Prudente;Uep3-S.1
SP;3541406;Presidente Prudente;Uep3-S.2
SP;3541406;Presidente Prudente;Uep3-S.3
SP;3541406;Presidente Prudente;Uep3-S.4
SP;3541406;Presidente Prudente;Uep4-S.1
SP;3541406;Presidente Prudente;Uep4-S.2
SP;3541406;Presidente Prudente;Uep4-S.3
SP;3541406;Presidente Prudente;Uep5-S.1
SP;3541406;Presidente Prudente;Uep5-S.2
SP;3541406;Presidente Prudente;Uep5-S.3
SP;3541406;Presidente Prudente;Uep6-S.1
SP;3541406;Presidente Prudente;Uep6-S.2
SP;3541406;Presidente Prudente;Uep6-S.3
SP;3541406;Presidente Prudente;Uep7-S.1
SP;3541406;Presidente Prudente;Uep8-S.1
SP;3541406;Presidente Prudente;Uep8-S.2
SP;3541406;Presidente Prudente;Uep8-S.3
SP;3541406;Presidente Prudente;Uep8-S.4
SP;3541505;Presidente Venceslau;
SP;3541604;Promissão;
SP;3541653;Quadra;
SP;3541703;Quatá;
SP;3541802;Queiroz;
SP;3541901;Queluz;
SP;3542008;Quintana;
SP;3542107;Rafard;
SP;3542206;Rancharia;
SP;3542305;Redenção da Serra;
SP;3542404;Regente Feijó;
SP;3542503;Reginópolis;
SP;3542602;Registro;
SP;3542701;Restinga;
SP;3542800;Ribeira;
SP;3542909;Ribeirão Bonito;
SP;3543006;Ribeirão Branco;
SP;3543105;Ribeirão Corrente;
SP;3543204;Ribeirão do Sul;
SP;3543238;Ribeirão dos Índios;
SP;3543253;Ribeirão Grande;
SP;3543303;Ribeirão Pires;Aliança
SP;3543303;Ribeirão Pires;Barro Branco
SP;3543303;Ribeirão Pires;Bocaina
SP;3543303;Ribeirão Pires;Casa Vermelha
SP;3543303;Ribeirão Pires;Centro
SP;3543303;Ribeirão Pires;Centro Alto
SP;3543303;Ribeirão Pires;Centro Ouro Fino Paulista
SP;3543303;Ribeirão Pires;Colônia
SP;3543303;Ribeirão Pires;Guapituba
SP;3543303;Ribeirão Pires;Itrapoã
SP;3543303;Ribeirão Pires;Km 4
SP;3543303;Ribeirão Pires;Pastoril
SP;3543303;Ribeirão Pires;Pilar Velho
SP;3543303;Ribeirão Pires;Ponte Seca
SP;3543303;Ribeirão Pires;Pouso Alegre
SP;3543303;Ribeirão Pires;Quarta Divisão
SP;3543303;Ribeirão Pires;Represa
SP;3543303;Ribeirão Pires;Reprêsa
SP;3543303;Ribeirão Pires;Roncon
SP;3543303;Ribeirão Pires;Santa Luzia
SP;3543303;Ribeirão Pires;Santana
SP;3543303;Ribeirão Pires;São Caetaninho
SP;3543303;Ribeirão Pires;Sertãozinho
SP;3543303;Ribeirão Pires;Soma
SP;3543303;Ribeirão Pires;Suíssa
SP;3543303;Ribeirão Pires;Tanque Caio
SP;3543303;Ribeirão Pires;Tecelão
SP;3543402;Ribeirão Preto;(L-10
SP;3543402;Ribeirão Preto;(L-11
SP;3543402;Ribeirão Preto;(L-12
SP;3543402;Ribeirão Preto;(L-13
SP;3543402;Ribeirão Preto;(L-9
SP;3543402;Ribeirão Preto;(N-15
SP;3543402;Ribeirão Preto;(N-16
SP;3543402;Ribeirão Preto;(N-17
SP;3543402;Ribeirão Preto;(N-18
SP;3543402;Ribeirão Preto;(N-19
SP;3543402;Ribeirão Preto;(O-13
SP;3543402;Ribeirão Preto;(O-14
SP;3543402;Ribeirão Preto;(O-15
SP;3543402;Ribeirão Preto;(O-16
SP;3543402;Ribeirão Preto;(S-10
SP;3543402;Ribeirão Preto;(S-8
SP;3543402;Ribeirão Preto;(S-9
SP;3543402;Ribeirão Preto;Setor Central - C
SP;3543402;Ribeirão Preto;Subsetor Leste - 1 (L-1)
SP;3543402;Ribeirão Preto;Subsetor Leste - 1 - L-1
SP;3543402;Ribeirão Preto;Subsetor Leste - 10 (L-10)
SP;3543402;Ribeirão Preto;Subsetor Leste - 11 (L-11)
SP;3543402;Ribeirão Preto;Subsetor Leste - 12 (L-12)
SP;3543402;Ribeirão Preto;Subsetor Leste - 13 (L-13)
SP;3543402;Ribeirão Preto;Subsetor Leste - 2 (L-2)
SP;3543402;Ribeirão Preto;Subsetor Leste - 2 - L-2
SP;3543402;Ribeirão Preto;Subsetor Leste - 3 (L-3)
SP;3543402;Ribeirão Preto;Subsetor Leste - 3 - L-3
SP;3543402;Ribeirão Preto;Subsetor Leste - 4 (L-4)
SP;3543402;Ribeirão Preto;Subsetor Leste - 4 - L-4
SP;3543402;Ribeirão Preto;Subsetor Leste - 5 (L-5)
SP;3543402;Ribeirão Preto;Subsetor Leste - 5 - L-5
SP;3543402;Ribeirão Preto;Subsetor Leste - 6 (L-6)
SP;3543402;Ribeirão Preto;Subsetor Leste - 6 - L-6
SP;3543402;Ribeirão Preto;Subsetor Leste - 7 (L-7)
SP;3543402;Ribeirão Preto;Subsetor Leste - 7 - L-7
SP;3543402;Ribeirão Preto;Subsetor Leste - 8 (L-8)
SP;3543402;Ribeirão Preto;Subsetor Leste - 8 - L-8
SP;3543402;Ribeirão Preto;Subsetor Leste - 9 (L-9)
SP;3543402;Ribeirão Preto;Subsetor Norte - 1 (N-1)
SP;3543402;Ribeirão Preto;Subsetor Norte - 1 - N-1
SP;3543402;Ribeirão Preto;Subsetor Norte - 10 (N-10)
SP;3543402;Ribeirão Preto;Subsetor Norte - 10 - N-10
SP;3543402;Ribeirão Preto;Subsetor Norte - 11 (N-11)
SP;3543402;Ribeirão Preto;Subsetor Norte - 11 - N-11
SP;3543402;Ribeirão Preto;Subsetor Norte - 12 (N-12)
SP;3543402;Ribeirão Preto;Subsetor Norte - 12 - N-12
SP;3543402;Ribeirão Preto;Subsetor Norte - 13 (N-13)
SP;3543402;Ribeirão Preto;Subsetor Norte - 13 - N-13
SP;3543402;Ribeirão Preto;Subsetor Norte - 14 (N-14)
SP;3543402;Ribeirão Preto;Subsetor Norte - 14 - N-14
SP;3543402;Ribeirão Preto;Subsetor Norte - 15 (N-15)
SP;3543402;Ribeirão Preto;Subsetor Norte - 18 (N-18)
SP;3543402;Ribeirão Preto;Subsetor Norte - 19 (N-19)
SP;3543402;Ribeirão Preto;Subsetor Norte - 2 (N-2)
SP;3543402;Ribeirão Preto;Subsetor Norte - 2 - N-2
SP;3543402;Ribeirão Preto;Subsetor Norte - 3 (N-3)
SP;3543402;Ribeirão Preto;Subsetor Norte - 3 - N-3
SP;3543402;Ribeirão Preto;Subsetor Norte - 4 (N-4)
SP;3543402;Ribeirão Preto;Subsetor Norte - 4 - N-4
SP;3543402;Ribeirão Preto;Subsetor Norte - 5 (N-5)
SP;3543402;Ribeirão Preto;Subsetor Norte - 5 - N-5
SP;3543402;Ribeirão Preto;Subsetor Norte - 6 (N-6)
SP;3543402;Ribeirão Preto;Subsetor Norte - 6 - N-6
SP;3543402;Ribeirão Preto;Subsetor Norte - 7 (N-7)
SP;3543402;Ribeirão Preto;Subsetor Norte - 7 - N-7
SP;3543402;Ribeirão Preto;Subsetor Norte - 8 (N-8)
SP;3543402;Ribeirão Preto;Subsetor Norte - 8 - N-8
SP;3543402;Ribeirão Preto;Subsetor Norte - 9 (N-9)
SP;3543402;Ribeirão Preto;Subsetor Norte - 9 - N-9
SP;3543402;Ribeirão Preto;Subsetor Oeste - 1 (O-1)
SP;3543402;Ribeirão Preto;Subsetor Oeste - 1 - O-1
SP;3543402;Ribeirão Preto;Subsetor Oeste - 10 (O-10)
SP;3543402;Ribeirão Preto;Subsetor Oeste - 10 - O-10
SP;3543402;Ribeirão Preto;Subsetor Oeste - 11 (N-11)
SP;3543402;Ribeirão Preto;Subsetor Oeste - 11 - N-11
SP;3543402;Ribeirão Preto;Subsetor Oeste - 12 (O-12)
SP;3543402;Ribeirão Preto;Subsetor Oeste - 12 - O-12
SP;3543402;Ribeirão Preto;Subsetor Oeste - 13 (O-13)
SP;3543402;Ribeirão Preto;Subsetor Oeste - 15 (O-15)
SP;3543402;Ribeirão Preto;Subsetor Oeste - 2 (O-2)
SP;3543402;Ribeirão Preto;Subsetor Oeste - 2 - O-2
SP;3543402;Ribeirão Preto;Subsetor Oeste - 3 (O-3)
SP;3543402;Ribeirão Preto;Subsetor Oeste - 3 - O-3
SP;3543402;Ribeirão Preto;Subsetor Oeste - 4 (O-4)
SP;3543402;Ribeirão Preto;Subsetor Oeste - 4 - O-4
SP;3543402;Ribeirão Preto;Subsetor Oeste - 5 (O-5)
SP;3543402;Ribeirão Preto;Subsetor Oeste - 5 - O-5
SP;3543402;Ribeirão Preto;Subsetor Oeste - 6 (O-6)
SP;3543402;Ribeirão Preto;Subsetor Oeste - 6 - O-6
SP;3543402;Ribeirão Preto;Subsetor Oeste - 7 (O-7)
SP;3543402;Ribeirão Preto;Subsetor Oeste - 7 - O-7
SP;3543402;Ribeirão Preto;Subsetor Oeste - 8 (O-8)
SP;3543402;Ribeirão Preto;Subsetor Oeste - 8 - O-8
SP;3543402;Ribeirão Preto;Subsetor Oeste - 9 (O-9)
SP;3543402;Ribeirão Preto;Subsetor Oeste - 9 - O-9
SP;3543402;Ribeirão Preto;Subsetor Sul - 1 (S-1)
SP;3543402;Ribeirão Preto;Subsetor Sul - 1 - S-1
SP;3543402;Ribeirão Preto;Subsetor Sul - 10 (S-10)
SP;3543402;Ribeirão Preto;Subsetor Sul - 2 (S-2)
SP;3543402;Ribeirão Preto;Subsetor Sul - 2 - S-2
SP;3543402;Ribeirão Preto;Subsetor Sul - 3 (S-3)
SP;3543402;Ribeirão Preto;Subsetor Sul - 3 - S-3
SP;3543402;Ribeirão Preto;Subsetor Sul - 4 (S-4)
SP;3543402;Ribeirão Preto;Subsetor Sul - 4 - S-4
SP;3543402;Ribeirão Preto;Subsetor Sul - 5 (S-5)
SP;3543402;Ribeirão Preto;Subsetor Sul - 5 - S-5
SP;3543402;Ribeirão Preto;Subsetor Sul - 6 (S-6)
SP;3543402;Ribeirão Preto;Subsetor Sul - 6 - S-6
SP;3543402;Ribeirão Preto;Subsetor Sul - 7 (S-7)
SP;3543402;Ribeirão Preto;Subsetor Sul - 7 - S-7
SP;3543402;Ribeirão Preto;Subsetor Sul - 8 (S-8)
SP;3543402;Ribeirão Preto;Subsetor Sul - 9 (S-9)
SP;3543600;Rifaina;
SP;3543709;Rincão;
SP;3543808;Rinópolis;
SP;3543907;Rio Claro;Alto do Santana
SP;3543907;Rio Claro;Arco-Íris
SP;3543907;Rio Claro;Bela Vista
SP;3543907;Rio Claro;Centenário
SP;3543907;Rio Claro;Centro
SP;3543907;Rio Claro;Cidade Jardim
SP;3543907;Rio Claro;Cidade Nova
SP;3543907;Rio Claro;Consolação
SP;3543907;Rio Claro;Distrito Industrial
SP;3543907;Rio Claro;Grande Cervezão
SP;3543907;Rio Claro;Inocoop
SP;3543907;Rio Claro;Jardim América
SP;3543907;Rio Claro;Jardim das Palmeiras
SP;3543907;Rio Claro;Jardim Floridiana
SP;3543907;Rio Claro;Jardim Guanabara
SP;3543907;Rio Claro;Jardim Nova Rio Claro
SP;3543907;Rio Claro;Jardim Novo Wenzel
SP;3543907;Rio Claro;Jardim Novo/Terra Nova
SP;3543907;Rio Claro;Jardim São Paulo
SP;3543907;Rio Claro;Mãe Preta
SP;3543907;Rio Claro;Recanto Paraíso
SP;3543907;Rio Claro;Residencial Florença
SP;3543907;Rio Claro;Santa Maria
SP;3543907;Rio Claro;Santana
SP;3543907;Rio Claro;Vila Nova
SP;3543907;Rio Claro;Vila Paulista
SP;3543907;Rio Claro;Wenzel
SP;3544004;Rio das Pedras;
SP;3544103;Rio Grande da Serra;
SP;3544202;Riolândia;
SP;3543501;Riversul;
SP;3544251;Rosana;
SP;3544301;Roseira;
SP;3544400;Rubiácea;
SP;3544509;Rubinéia;
SP;3544608;Sabino;
SP;3544707;Sagres;
SP;3544806;Sales;
SP;3544905;Sales Oliveira;
SP;3545001;Salesópolis;
SP;3545100;Salmourão;
SP;3545159;Saltinho;
SP;3545209;Salto;
SP;3545308;Salto de Pirapora;
SP;3545407;Salto Grande;
SP;3545506;Sandovalina;
SP;3545605;Santa Adélia;
SP;3545704;Santa Albertina;
SP;3545803;Santa Bárbara d'Oeste;
SP;3546009;Santa Branca;
SP;3546108;Santa Clara d'Oeste;
SP;3546207;Santa Cruz da Conceição;
SP;3546256;Santa Cruz da Esperança;
SP;3546306;Santa Cruz das Palmeiras;1
SP;3546306;Santa Cruz das Palmeiras;10
SP;3546306;Santa Cruz das Palmeiras;11
SP;3546306;Santa Cruz das Palmeiras;12
SP;3546306;Santa Cruz das Palmeiras;13
SP;3546306;Santa Cruz das Palmeiras;14
SP;3546306;Santa Cruz das Palmeiras;15
SP;3546306;Santa Cruz das Palmeiras;16
SP;3546306;Santa Cruz das Palmeiras;17
SP;3546306;Santa Cruz das Palmeiras;18
SP;3546306;Santa Cruz das Palmeiras;19
SP;3546306;Santa Cruz das Palmeiras;2
SP;3546306;Santa Cruz das Palmeiras;20
SP;3546306;Santa Cruz das Palmeiras;21
SP;3546306;Santa Cruz das Palmeiras;22
SP;3546306;Santa Cruz das Palmeiras;23
SP;3546306;Santa Cruz das Palmeiras;24
SP;3546306;Santa Cruz das Palmeiras;25
SP;3546306;Santa Cruz das Palmeiras;26
SP;3546306;Santa Cruz das Palmeiras;27
SP;3546306;Santa Cruz das Palmeiras;28
SP;3546306;Santa Cruz das Palmeiras;29
SP;3546306;Santa Cruz das Palmeiras;3
SP;3546306;Santa Cruz das Palmeiras;30
SP;3546306;Santa Cruz das Palmeiras;31
SP;3546306;Santa Cruz das Palmeiras;32
SP;3546306;Santa Cruz das Palmeiras;33
SP;3546306;Santa Cruz das Palmeiras;34
SP;3546306;Santa Cruz das Palmeiras;35
SP;3546306;Santa Cruz das Palmeiras;4
SP;3546306;Santa Cruz das Palmeiras;5
SP;3546306;Santa Cruz das Palmeiras;6
SP;3546306;Santa Cruz das Palmeiras;7
SP;3546306;Santa Cruz das Palmeiras;8
SP;3546306;Santa Cruz das Palmeiras;9
SP;3546405;Santa Cruz do Rio Pardo;
SP;3546504;Santa Ernestina;
SP;3546603;Santa Fé do Sul;
SP;3546702;Santa Gertrudes;Centro
SP;3546702;Santa Gertrudes;Distrito Industrial I
SP;3546702;Santa Gertrudes;Distrito Industrial II
SP;3546702;Santa Gertrudes;Jardim Bom Sucesso
SP;3546702;Santa Gertrudes;Jardim d'Itália
SP;3546702;Santa Gertrudes;Jardim Luciana
SP;3546702;Santa Gertrudes;Jardim Parque Industrial
SP;3546702;Santa Gertrudes;Jardim Paulista
SP;3546702;Santa Gertrudes;Jardim Residencial Indaiá
SP;3546702;Santa Gertrudes;Jardim Residencial Iporanga
SP;3546702;Santa Gertrudes;Parque dos Jequitibás
SP;3546702;Santa Gertrudes;Santa Catarina
SP;3546801;Santa Isabel;
SP;3546900;Santa Lúcia;
SP;3547007;Santa Maria da Serra;
SP;3547106;Santa Mercedes;
SP;3547403;Santa Rita d'Oeste;
SP;3547502;Santa Rita do Passa Quatro;
SP;3547601;Santa Rosa de Viterbo;
SP;3547650;Santa Salete;
SP;3547205;Santana da Ponte Pensa;
SP;3547304;Santana de Parnaíba;
SP;3547700;Santo Anastácio;
SP;3547809;Santo André;Acampamento Anchieta
SP;3547809;Santo André;Araçaúva
SP;3547809;Santo André;Bairro Silveira
SP;3547809;Santo André;Bangú
SP;3547809;Santo André;Cabeceiras do Araçaúva
SP;3547809;Santo André;Cabeceiras do Rio Grande
SP;3547809;Santo André;Cabeceiras do Rio Mogi
SP;3547809;Santo André;Cabeceiras do Rio Pequeno
SP;3547809;Santo André;Campestre
SP;3547809;Santo André;Campo Grande
SP;3547809;Santo André;Casa Branca
SP;3547809;Santo André;Cata Preta
SP;3547809;Santo André;Centreville
SP;3547809;Santo André;Centro
SP;3547809;Santo André;Cidade São Jorge
SP;3547809;Santo André;Condomínio Maracanã
SP;3547809;Santo André;Estância Rio Grande
SP;3547809;Santo André;Fazenda dos Tecos
SP;3547809;Santo André;Jardim
SP;3547809;Santo André;Jardim Alvorada
SP;3547809;Santo André;Jardim Alzira Franco
SP;3547809;Santo André;Jardim Ana Maria
SP;3547809;Santo André;Jardim Bela Vista
SP;3547809;Santo André;Jardim Bom Pastor
SP;3547809;Santo André;Jardim Cipreste
SP;3547809;Santo André;Jardim Clube de Campo
SP;3547809;Santo André;Jardim Cristiane
SP;3547809;Santo André;Jardim das Maravilhas
SP;3547809;Santo André;Jardim do Estádio
SP;3547809;Santo André;Jardim Guarará
SP;3547809;Santo André;Jardim Guaripocaba
SP;3547809;Santo André;Jardim Ipanema
SP;3547809;Santo André;Jardim Irene
SP;3547809;Santo André;Jardim Itapoam
SP;3547809;Santo André;Jardim Itapoan
SP;3547809;Santo André;Jardim Jamaica
SP;3547809;Santo André;Jardim João Ramalho
SP;3547809;Santo André;Jardim Joaquim Eugênio de Lima
SP;3547809;Santo André;Jardim Las Vegas
SP;3547809;Santo André;Jardim Marek
SP;3547809;Santo André;Jardim Rina
SP;3547809;Santo André;Jardim Riviera
SP;3547809;Santo André;Jardim Santa Cristina
SP;3547809;Santo André;Jardim Santo Alberto
SP;3547809;Santo André;Jardim Santo André
SP;3547809;Santo André;Jardim Santo André CDHU
SP;3547809;Santo André;Jardim Santo Antônio
SP;3547809;Santo André;Jardim Stella
SP;3547809;Santo André;Jardim Telles de Menezes
SP;3547809;Santo André;Jardim Utinga
SP;3547809;Santo André;Jardim Vila Rica
SP;3547809;Santo André;Jardins Las Vegas
SP;3547809;Santo André;Miami / Riviera
SP;3547809;Santo André;Novo Homero Thon
SP;3547809;Santo André;Paraíso
SP;3547809;Santo André;Paranapiacaba
SP;3547809;Santo André;Parque América
SP;3547809;Santo André;Parque Capuava
SP;3547809;Santo André;Parque das Garças
SP;3547809;Santo André;Parque das Nações
SP;3547809;Santo André;Parque do Pedroso
SP;3547809;Santo André;Parque dos Pássaros
SP;3547809;Santo André;Parque Erasmo Assunção
SP;3547809;Santo André;Parque Estadual da Serra do Mar
SP;3547809;Santo André;Parque Gerassi
SP;3547809;Santo André;Parque Gerassi Centreville
SP;3547809;Santo André;Parque Jaçatuba
SP;3547809;Santo André;Parque João Ramalho
SP;3547809;Santo André;Parque Marajoara
SP;3547809;Santo André;Parque Miami
SP;3547809;Santo André;Parque Novo Oratório
SP;3547809;Santo André;Parque Oratório
SP;3547809;Santo André;Parque Represa Billings II
SP;3547809;Santo André;Parque Represa Billings III
SP;3547809;Santo André;Parque Rio Grande
SP;3547809;Santo André;Pinheirinho
SP;3547809;Santo André;Pólo Petroquímico de Capuava
SP;3547809;Santo André;Recreio da Borda do Campo
SP;3547809;Santo André;Reserva Biológica Alto da Serra
SP;3547809;Santo André;Rio Bonito
SP;3547809;Santo André;Rio Grande
SP;3547809;Santo André;Rio Mogi
SP;3547809;Santo André;Rio Pequeno
SP;3547809;Santo André;Santa Maria
SP;3547809;Santo André;Santa Terezinha
SP;3547809;Santo André;Silveira
SP;3547809;Santo André;Sítio dos Teco
SP;3547809;Santo André;Sítio dos Vianas
SP;3547809;Santo André;Sítio Taquaral
SP;3547809;Santo André;Tamanduateí 1
SP;3547809;Santo André;Tamanduateí 2
SP;3547809;Santo André;Tamanduateí 3
SP;3547809;Santo André;Tamanduateí 4
SP;3547809;Santo André;Tamanduateí 5
SP;3547809;Santo André;Tamanduateí 6
SP;3547809;Santo André;Tamanduateí 7
SP;3547809;Santo André;Tamanduateí 8
SP;3547809;Santo André;Três Divisas
SP;3547809;Santo André;Várzea do Rio Grande
SP;3547809;Santo André;Várzea do Tamanduateí
SP;3547809;Santo André;Vila Alice
SP;3547809;Santo André;Vila Alpina
SP;3547809;Santo André;Vila Alzira
SP;3547809;Santo André;Vila América
SP;3547809;Santo André;Vila Aquilino
SP;3547809;Santo André;Vila Assunção
SP;3547809;Santo André;Vila Bastos
SP;3547809;Santo André;Vila Camilópolis
SP;3547809;Santo André;Vila Curuçá
SP;3547809;Santo André;Vila Floresta
SP;3547809;Santo André;Vila Francisco Matarazzo
SP;3547809;Santo André;Vila Gilda
SP;3547809;Santo André;Vila Guaraciaba
SP;3547809;Santo André;Vila Guarani
SP;3547809;Santo André;Vila Guiomar
SP;3547809;Santo André;Vila Helena
SP;3547809;Santo André;Vila Homero Thon
SP;3547809;Santo André;Vila Humaitá
SP;3547809;Santo André;Vila João Ramalho
SP;3547809;Santo André;Vila Junqueira
SP;3547809;Santo André;Vila Linda
SP;3547809;Santo André;Vila Lucinda
SP;3547809;Santo André;Vila Lutécia
SP;3547809;Santo André;Vila Luzita
SP;3547809;Santo André;Vila Metalúrgica
SP;3547809;Santo André;Vila Palmares
SP;3547809;Santo André;Vila Pires
SP;3547809;Santo André;Vila Príncipe de Gales
SP;3547809;Santo André;Vila Progresso
SP;3547809;Santo André;Vila Sacadura Cabral
SP;3547809;Santo André;Vila Scarpelli
SP;3547809;Santo André;Vila Suíça
SP;3547809;Santo André;Vila Tibiriçá
SP;3547809;Santo André;Vila Valparaíso
SP;3547809;Santo André;Vila Vitória
SP;3547809;Santo André;Waisberg I
SP;3547809;Santo André;Waisberg II
SP;3547908;Santo Antônio da Alegria;
SP;3548005;Santo Antônio de Posse;
SP;3548054;Santo Antônio do Aracanguá;
SP;3548104;Santo Antônio do Jardim;
SP;3548203;Santo Antônio do Pinhal;
SP;3548302;Santo Expedito;
SP;3548401;Santópolis do Aguapeí;
SP;3548500;Santos;Alemoa
SP;3548500;Santos;Aparecida
SP;3548500;Santos;Areia Branca
SP;3548500;Santos;Bagres
SP;3548500;Santos;Bom Retiro
SP;3548500;Santos;Boqueirão
SP;3548500;Santos;Cabuçu
SP;3548500;Santos;Campo Grande
SP;3548500;Santos;Caneleira
SP;3548500;Santos;Caruara
SP;3548500;Santos;Castelo
SP;3548500;Santos;Centro
SP;3548500;Santos;Chico de Paula
SP;3548500;Santos;Chinês
SP;3548500;Santos;Embaré
SP;3548500;Santos;Encruzilhada
SP;3548500;Santos;Estuário
SP;3548500;Santos;Gonzaga
SP;3548500;Santos;Guarapá
SP;3548500;Santos;Ilha Barnabé
SP;3548500;Santos;Ilhéu Alto
SP;3548500;Santos;Iriri
SP;3548500;Santos;Jabaquara
SP;3548500;Santos;José Menino
SP;3548500;Santos;Macuco
SP;3548500;Santos;Marapé
SP;3548500;Santos;Monte Cabrão
SP;3548500;Santos;Monte Serrat
SP;3548500;Santos;Morro Cachoeira
SP;3548500;Santos;Morro Caneleira
SP;3548500;Santos;Morro Chico de Paula
SP;3548500;Santos;Morro Embaré
SP;3548500;Santos;Morro Fontana
SP;3548500;Santos;Morro Jabaquara
SP;3548500;Santos;Morro José Menino
SP;3548500;Santos;Morro Marapé
SP;3548500;Santos;Morro Nova Cintra
SP;3548500;Santos;Morro Pacheco
SP;3548500;Santos;Morro Penha
SP;3548500;Santos;Morro Saboó
SP;3548500;Santos;Morro Santa Maria
SP;3548500;Santos;Morro Santa Terezinha
SP;3548500;Santos;Morro São Bento
SP;3548500;Santos;Nossa Senhora das Neves
SP;3548500;Santos;Outeirinho
SP;3548500;Santos;Outerinho
SP;3548500;Santos;Paquetá
SP;3548500;Santos;Piaçaguera
SP;3548500;Santos;Piratininga
SP;3548500;Santos;Pompéia
SP;3548500;Santos;Ponta da Praia
SP;3548500;Santos;Porto Alamoa
SP;3548500;Santos;Porto Macuco
SP;3548500;Santos;Porto Paquetá
SP;3548500;Santos;Porto Ponta da Praia
SP;3548500;Santos;Porto Saboó
SP;3548500;Santos;Porto Valongo
SP;3548500;Santos;Quilombo
SP;3548500;Santos;Rádio Clube
SP;3548500;Santos;Saboó
SP;3548500;Santos;Santa Maria
SP;3548500;Santos;São Jorge
SP;3548500;Santos;São Manoel
SP;3548500;Santos;Trindade
SP;3548500;Santos;Valongo
SP;3548500;Santos;Vila Belmiro
SP;3548500;Santos;Vila Haddad
SP;3548500;Santos;Vila Hayden
SP;3548500;Santos;Vila Matias
SP;3548500;Santos;Vila Nova
SP;3548500;Santos;Vila Progresso
SP;3548609;São Bento do Sapucaí;
SP;3548708;São Bernardo do Campo;Alto da Serra
SP;3548708;São Bernardo do Campo;Alvarenga
SP;3548708;São Bernardo do Campo;Alves Dias
SP;3548708;São Bernardo do Campo;Anchieta
SP;3548708;São Bernardo do Campo;Assunção
SP;3548708;São Bernardo do Campo;Baeta Neves
SP;3548708;São Bernardo do Campo;Bairro dos Casa
SP;3548708;São Bernardo do Campo;Balneária
SP;3548708;São Bernardo do Campo;Batistini
SP;3548708;São Bernardo do Campo;Botujuru
SP;3548708;São Bernardo do Campo;Capivari
SP;3548708;São Bernardo do Campo;Centro
SP;3548708;São Bernardo do Campo;Cinco
SP;3548708;São Bernardo do Campo;Cooperativa
SP;3548708;São Bernardo do Campo;Curucuto
SP;3548708;São Bernardo do Campo;Demarchi
SP;3548708;São Bernardo do Campo;Dos Alvarenga
SP;3548708;São Bernardo do Campo;Dos Casa
SP;3548708;São Bernardo do Campo;Dos Finco
SP;3548708;São Bernardo do Campo;Dos Imigrantes
SP;3548708;São Bernardo do Campo;Ferrazópolis
SP;3548708;São Bernardo do Campo;Independência
SP;3548708;São Bernardo do Campo;Jordanópolis
SP;3548708;São Bernardo do Campo;Montanhão
SP;3548708;São Bernardo do Campo;Nova Petrópolis
SP;3548708;São Bernardo do Campo;Paulicéia
SP;3548708;São Bernardo do Campo;Planalto
SP;3548708;São Bernardo do Campo;Rio Grande
SP;3548708;São Bernardo do Campo;Rio Pequeno
SP;3548708;São Bernardo do Campo;Rudge Ramos
SP;3548708;São Bernardo do Campo;Santa Cruz
SP;3548708;São Bernardo do Campo;Santa Terezinha
SP;3548708;São Bernardo do Campo;Taboão
SP;3548708;São Bernardo do Campo;Taquacetuba
SP;3548708;São Bernardo do Campo;Tatetos
SP;3548708;São Bernardo do Campo;Varginha
SP;3548708;São Bernardo do Campo;Zanzala
SP;3548807;São Caetano do Sul;Barcelona
SP;3548807;São Caetano do Sul;Boa Vista
SP;3548807;São Caetano do Sul;Centro
SP;3548807;São Caetano do Sul;Cerâmica
SP;3548807;São Caetano do Sul;Fundação
SP;3548807;São Caetano do Sul;Jardim São Caetano
SP;3548807;São Caetano do Sul;Mauá
SP;3548807;São Caetano do Sul;Nova Gerti
SP;3548807;São Caetano do Sul;Olímpico
SP;3548807;São Caetano do Sul;Oswaldo Cruz
SP;3548807;São Caetano do Sul;Prosperidade
SP;3548807;São Caetano do Sul;Santa Maria
SP;3548807;São Caetano do Sul;Santa Paula
SP;3548807;São Caetano do Sul;Santo Antônio
SP;3548807;São Caetano do Sul;São José
SP;3548906;São Carlos;
SP;3549003;São Francisco;
SP;3549102;São João da Boa Vista;
SP;3549201;São João das Duas Pontes;
SP;3549250;São João de Iracema;
SP;3549300;São João do Pau d'Alho;
SP;3549409;São Joaquim da Barra;
SP;3549508;São José da Bela Vista;
SP;3549607;São José do Barreiro;
SP;3549706;São José do Rio Pardo;
SP;3549805;São José do Rio Preto;Aeroporto
SP;3549805;São José do Rio Preto;Alto Rio Preto
SP;3549805;São José do Rio Preto;Anchieta
SP;3549805;São José do Rio Preto;Antunes
SP;3549805;São José do Rio Preto;Arroyo
SP;3549805;São José do Rio Preto;Auferville
SP;3549805;São José do Rio Preto;Boa Vista
SP;3549805;São José do Rio Preto;Bom Jesus
SP;3549805;São José do Rio Preto;Bosque
SP;3549805;São José do Rio Preto;Buona Vita
SP;3549805;São José do Rio Preto;Caic - Romano Calil
SP;3549805;São José do Rio Preto;Cecap - Vetorazzo
SP;3549805;São José do Rio Preto;Central
SP;3549805;São José do Rio Preto;Centro
SP;3549805;São José do Rio Preto;CEU
SP;3549805;São José do Rio Preto;Cidade da Criança
SP;3549805;São José do Rio Preto;Cidade Jardim - São Marcos
SP;3549805;São José do Rio Preto;Colorado
SP;3549805;São José do Rio Preto;Cristo Rei
SP;3549805;São José do Rio Preto;Damha
SP;3549805;São José do Rio Preto;Distrito de Talhado
SP;3549805;São José do Rio Preto;Distrito Engenheiro Schmitt
SP;3549805;São José do Rio Preto;Distrito Industrial
SP;3549805;São José do Rio Preto;Dom Lafayete Libanio
SP;3549805;São José do Rio Preto;Eldorado - São Jorge
SP;3549805;São José do Rio Preto;Ercília-Diniz
SP;3549805;São José do Rio Preto;Esplanada
SP;3549805;São José do Rio Preto;Etemp - Gisete
SP;3549805;São José do Rio Preto;Felicidade
SP;3549805;São José do Rio Preto;Gabriela - Nato Vetorasso
SP;3549805;São José do Rio Preto;Gaivota
SP;3549805;São José do Rio Preto;HB
SP;3549805;São José do Rio Preto;Higienópolis
SP;3549805;São José do Rio Preto;Imperial
SP;3549805;São José do Rio Preto;Itapema
SP;3549805;São José do Rio Preto;Jaguaré
SP;3549805;São José do Rio Preto;Jardim Soraia
SP;3549805;São José do Rio Preto;João Paulo II
SP;3549805;São José do Rio Preto;Maceno
SP;3549805;São José do Rio Preto;Mançor Daud
SP;3549805;São José do Rio Preto;Moyses Miguel Haddad
SP;3549805;São José do Rio Preto;Nazareth
SP;3549805;São José do Rio Preto;Nova Redentora
SP;3549805;São José do Rio Preto;Nunes
SP;3549805;São José do Rio Preto;Palestra
SP;3549805;São José do Rio Preto;Parque Belvedere
SP;3549805;São José do Rio Preto;Parque da Cidadania
SP;3549805;São José do Rio Preto;Parque dos Pássaros - San Fernando Valley
SP;3549805;São José do Rio Preto;Parque Estoril
SP;3549805;São José do Rio Preto;Parque Industrial
SP;3549805;São José do Rio Preto;Pinheirinho
SP;3549805;São José do Rio Preto;Quinta das Paineiras
SP;3549805;São José do Rio Preto;Quinta do Golfe
SP;3549805;São José do Rio Preto;Redentora
SP;3549805;São José do Rio Preto;Represa
SP;3549805;São José do Rio Preto;Residencial do Lago
SP;3549805;São José do Rio Preto;Santa Cruz
SP;3549805;São José do Rio Preto;Santo Antônio
SP;3549805;São José do Rio Preto;São Deocleciano
SP;3549805;São José do Rio Preto;São Francisco
SP;3549805;São José do Rio Preto;São Manoel
SP;3549805;São José do Rio Preto;Schmitt
SP;3549805;São José do Rio Preto;Simões
SP;3549805;São José do Rio Preto;Solo Sagrado
SP;3549805;São José do Rio Preto;Talhado
SP;3549805;São José do Rio Preto;Tarraf II
SP;3549805;São José do Rio Preto;Vila Elvira
SP;3549805;São José do Rio Preto;Vila Sinibaldi
SP;3549805;São José do Rio Preto;Vila Toninho
SP;3549805;São José do Rio Preto;Vivendas
SP;3549904;São José dos Campos;Setor Socioeconômico 01
SP;3549904;São José dos Campos;Setor Socioeconômico 01A
SP;3549904;São José dos Campos;Setor Socioeconômico 02
SP;3549904;São José dos Campos;Setor Socioeconômico 02A
SP;3549904;São José dos Campos;Setor Socioeconômico 03
SP;3549904;São José dos Campos;Setor Socioeconômico 03A
SP;3549904;São José dos Campos;Setor Socioeconômico 04
SP;3549904;São José dos Campos;Setor Socioeconômico 05
SP;3549904;São José dos Campos;Setor Socioeconômico 05A
SP;3549904;São José dos Campos;Setor Socioeconômico 06
SP;3549904;São José dos Campos;Setor Socioeconômico 06A
SP;3549904;São José dos Campos;Setor Socioeconômico 07
SP;3549904;São José dos Campos;Setor Socioeconômico 08
SP;3549904;São José dos Campos;Setor Socioeconômico 09
SP;3549904;São José dos Campos;Setor Socioeconômico 10
SP;3549904;São José dos Campos;Setor Socioeconômico 11
SP;3549904;São José dos Campos;Setor Socioeconômico 12
SP;3549904;São José dos Campos;Setor Socioeconômico 13
SP;3549904;São José dos Campos;Setor Socioeconômico 14
SP;3549904;São José dos Campos;Setor Socioeconômico 15
SP;3549904;São José dos Campos;Setor Socioeconômico 16
SP;3549904;São José dos Campos;Setor Socioeconômico 17
SP;3549904;São José dos Campos;Setor Socioeconômico 17A
SP;3549904;São José dos Campos;Setor Socioeconômico 18
SP;3549904;São José dos Campos;Setor Socioeconômico 19
SP;3549904;São José dos Campos;Setor Socioeconômico 20
SP;3549904;São José dos Campos;Setor Socioeconômico 21
SP;3549904;São José dos Campos;Setor Socioeconômico 25
SP;3549904;São José dos Campos;Setor Socioeconômico 25A
SP;3549904;São José dos Campos;Setor Socioeconômico 26
SP;3549904;São José dos Campos;Setor Socioeconômico 27
SP;3549904;São José dos Campos;Setor Socioeconômico 28
SP;3549904;São José dos Campos;Setor Socioeconômico 29
SP;3549904;São José dos Campos;Setor Socioeconômico 30
SP;3549904;São José dos Campos;Setor Socioeconômico 31
SP;3549953;São Lourenço da Serra;
SP;3550001;São Luiz do Paraitinga;
SP;3550100;São Manuel;Aparecida de São Manuel
SP;3550100;São Manuel;Centro
SP;3550100;São Manuel;Flamboyants
SP;3550100;São Manuel;Ipês
SP;3550100;São Manuel;Jequitibás
SP;3550100;São Manuel;Paineiras
SP;3550100;São Manuel;Pau Brasil
SP;3550100;São Manuel;Quaresmeiras
SP;3550100;São Manuel;Sibipirunas
SP;3550209;São Miguel Arcanjo;
SP;3550308;São Paulo;
SP;3550407;São Pedro;
SP;3550506;São Pedro do Turvo;
SP;3550605;São Roque;
SP;3550704;São Sebastião;Arrastão
SP;3550704;São Sebastião;Baleia
SP;3550704;São Sebastião;Barequeçaba
SP;3550704;São Sebastião;Barra do Sahy
SP;3550704;São Sebastião;Barra do Una
SP;3550704;São Sebastião;Boicucanga
SP;3550704;São Sebastião;Boiçucanga
SP;3550704;São Sebastião;Boracéia
SP;3550704;São Sebastião;Calhetas
SP;3550704;São Sebastião;Camburi
SP;3550704;São Sebastião;Canto do Mar
SP;3550704;São Sebastião;Centro
SP;3550704;São Sebastião;Cigarras
SP;3550704;São Sebastião;Engenho
SP;3550704;São Sebastião;Enseada
SP;3550704;São Sebastião;Guaeça
SP;3550704;São Sebastião;Guaecá
SP;3550704;São Sebastião;Industrial
SP;3550704;São Sebastião;Itatinga
SP;3550704;São Sebastião;Jaraguá
SP;3550704;São Sebastião;Jóquei
SP;3550704;São Sebastião;Juqueí
SP;3550704;São Sebastião;Juréia
SP;3550704;São Sebastião;Jureia
SP;3550704;São Sebastião;Maresias
SP;3550704;São Sebastião;Morro do Abrigo
SP;3550704;São Sebastião;Olaria
SP;3550704;São Sebastião;Pauba
SP;3550704;São Sebastião;Paúba
SP;3550704;São Sebastião;Pitangueiras
SP;3550704;São Sebastião;Pontal da Cruz
SP;3550704;São Sebastião;Porto Grande
SP;3550704;São Sebastião;Praia Deserta
SP;3550704;São Sebastião;Reserve Du Moulin
SP;3550704;São Sebastião;Santiago
SP;3550704;São Sebastião;São Francisco
SP;3550704;São Sebastião;Topolândia
SP;3550704;São Sebastião;Toque-Toque Grande
SP;3550704;São Sebastião;Toque-Toque Pequeno
SP;3550704;São Sebastião;Varadouro
SP;3550704;São Sebastião;Vila Amélia
SP;3550803;São Sebastião da Grama;
SP;3550902;São Simão;
SP;3551009;São Vicente;Beira Mar
SP;3551009;São Vicente;Boa Vista
SP;3551009;São Vicente;Catiapoã
SP;3551009;São Vicente;Centro
SP;3551009;São Vicente;Cidade Náutica
SP;3551009;São Vicente;Esplanada dos Barreiros
SP;3551009;São Vicente;Gonzaguinha
SP;3551009;São Vicente;Humaitá
SP;3551009;São Vicente;Itararé
SP;3551009;São Vicente;Japuí
SP;3551009;São Vicente;Jardim Guassu
SP;3551009;São Vicente;Jardim Independência
SP;3551009;São Vicente;Jardim Irmã Dolores
SP;3551009;São Vicente;Jardim Rio Branco
SP;3551009;São Vicente;Jóckey Club
SP;3551009;São Vicente;Nova São Vicente
SP;3551009;São Vicente;Parque Bitaru
SP;3551009;São Vicente;Parque Continental
SP;3551009;São Vicente;Parque das Bandeiras
SP;3551009;São Vicente;Parque São Vicente
SP;3551009;São Vicente;Samarita
SP;3551009;São Vicente;Sem Denominação
SP;3551009;São Vicente;Vila Ema
SP;3551009;São Vicente;Vila Margarida
SP;3551009;São Vicente;Vila Melo
SP;3551009;São Vicente;Vila Nossa Senhora de Fátima
SP;3551009;São Vicente;Vila Nova Mariana
SP;3551009;São Vicente;Vila São Jorge
SP;3551009;São Vicente;Vila Valença
SP;3551009;São Vicente;Vila Voturuá
SP;3551108;Sarapuí;
SP;3551207;Sarutaiá;
SP;3551306;Sebastianópolis do Sul;
SP;3551405;Serra Azul;
SP;3551603;Serra Negra;
SP;3551504;Serrana;
SP;3551702;Sertãozinho;
SP;3551801;Sete Barras;
SP;3551900;Severínia;
SP;3552007;Silveiras;
SP;3552106;Socorro;
SP;3552205;Sorocaba;
SP;3552304;Sud Mennucci;
SP;3552403;Sumaré;AR1 - Administração Regional do Centro
SP;3552403;Sumaré;AR2 - Administração Regional de Nova Veneza
SP;3552403;Sumaré;AR3 - Administração Regional do Matão
SP;3552403;Sumaré;AR4 - Administração Regional da Área Cura
SP;3552403;Sumaré;AR5 - Administração Regional do Maria Antônia
SP;3552403;Sumaré;AR6 - Administração Regional do Picerno
SP;3552551;Suzanápolis;
SP;3552502;Suzano;
SP;3552601;Tabapuã;
SP;3552700;Tabatinga;
SP;3552809;Taboão da Serra;
SP;3552908;Taciba;
SP;3553005;Taguaí;
SP;3553104;Taiaçu;
SP;3553203;Taiúva;
SP;3553302;Tambaú;1
SP;3553302;Tambaú;10
SP;3553302;Tambaú;11
SP;3553302;Tambaú;12
SP;3553302;Tambaú;13
SP;3553302;Tambaú;14
SP;3553302;Tambaú;15
SP;3553302;Tambaú;16
SP;3553302;Tambaú;17
SP;3553302;Tambaú;18
SP;3553302;Tambaú;19
SP;3553302;Tambaú;2
SP;3553302;Tambaú;20
SP;3553302;Tambaú;21
SP;3553302;Tambaú;22
SP;3553302;Tambaú;23
SP;3553302;Tambaú;3
SP;3553302;Tambaú;4
SP;3553302;Tambaú;5
SP;3553302;Tambaú;6
SP;3553302;Tambaú;7
SP;3553302;Tambaú;8
SP;3553302;Tambaú;9
SP;3553401;Tanabi;
SP;3553500;Tapiraí;
SP;3553609;Tapiratiba;
SP;3553658;Taquaral;
SP;3553708;Taquaritinga;
SP;3553807;Taquarituba;
SP;3553856;Taquarivaí;
SP;3553906;Tarabai;
SP;3553955;Tarumã;
SP;3554003;Tatuí;Alto da Santa Cruz
SP;3554003;Tatuí;Andrea Ville
SP;3554003;Tatuí;Andréa Ville
SP;3554003;Tatuí;Andréa Ville II
SP;3554003;Tatuí;Bairro Bela Vista
SP;3554003;Tatuí;Bairro de Americana
SP;3554003;Tatuí;Bairro Junqueira
SP;3554003;Tatuí;Bosque do Junqueira
SP;3554003;Tatuí;CDHU Engenheiro Orlando Lisboa de Almeida
SP;3554003;Tatuí;CDHU Oswaldo Del Fiol
SP;3554003;Tatuí;Cecap
SP;3554003;Tatuí;Centro
SP;3554003;Tatuí;Colina Verde
SP;3554003;Tatuí;Condomínio Portal de Tatuí
SP;3554003;Tatuí;Conjunto Habitacional Amaro Padilha - Inocoop
SP;3554003;Tatuí;Jardim Aeroporto
SP;3554003;Tatuí;Jardim América
SP;3554003;Tatuí;Jardim das Garças
SP;3554003;Tatuí;Jardim das Perdizes
SP;3554003;Tatuí;Jardim Europa
SP;3554003;Tatuí;Jardim Fortunato Minghini
SP;3554003;Tatuí;Jardim Fundação Manoel Guedes
SP;3554003;Tatuí;Jardim Gonzaga
SP;3554003;Tatuí;Jardim Gramado
SP;3554003;Tatuí;Jardim Lírio
SP;3554003;Tatuí;Jardim Lucila
SP;3554003;Tatuí;Jardim Manoel de Abreu
SP;3554003;Tatuí;Jardim Nossa Senhora de Fátima
SP;3554003;Tatuí;Jardim Novo Horizonte
SP;3554003;Tatuí;Jardim Palmira
SP;3554003;Tatuí;Jardim Paulista
SP;3554003;Tatuí;Jardim Planalto
SP;3554003;Tatuí;Jardim Primavera
SP;3554003;Tatuí;Jardim Progresso
SP;3554003;Tatuí;Jardim Rosa Garcia
SP;3554003;Tatuí;Jardim Rosa Garcia II
SP;3554003;Tatuí;Jardim Sabá
SP;3554003;Tatuí;Jardim Santa Emilia
SP;3554003;Tatuí;Jardim Santa Rita de Cássia
SP;3554003;Tatuí;Jardim Santa Rosa
SP;3554003;Tatuí;Jardim São João
SP;3554003;Tatuí;Jardim São Judas Tadeu
SP;3554003;Tatuí;Jardim São Luiz
SP;3554003;Tatuí;Jardim São Paulo
SP;3554003;Tatuí;Jardim Tatuí
SP;3554003;Tatuí;Jardim Ternura
SP;3554003;Tatuí;Jardim Thomas Guedes
SP;3554003;Tatuí;Jardim Tókio
SP;3554003;Tatuí;Jardim Wanderley
SP;3554003;Tatuí;Jardim XI de Agosto
SP;3554003;Tatuí;Jardins de Tatuí
SP;3554003;Tatuí;Loteamento Donato Flores
SP;3554003;Tatuí;Loteamento Industrial Astória
SP;3554003;Tatuí;Loteamento Modena
SP;3554003;Tatuí;Loteamento Monte Verde
SP;3554003;Tatuí;Loteamento Nelson Fiúza
SP;3554003;Tatuí;Loteamento Santa Cruz
SP;3554003;Tatuí;Morro Grande
SP;3554003;Tatuí;Nova Tatuí
SP;3554003;Tatuí;Parque Gerbeli
SP;3554003;Tatuí;Parque Industrial Tatuí I
SP;3554003;Tatuí;Parque Marajoara
SP;3554003;Tatuí;Parque Residencial Colina das Estrelas
SP;3554003;Tatuí;Parque Residencial Guedes
SP;3554003;Tatuí;Parque San Raphael
SP;3554003;Tatuí;Parque Três Marias
SP;3554003;Tatuí;Residencial Alvorada
SP;3554003;Tatuí;Residencial Astória
SP;3554003;Tatuí;Residencial Atlanta
SP;3554003;Tatuí;Residencial Europark
SP;3554003;Tatuí;Residencial Mantovani
SP;3554003;Tatuí;Residencial São Marcos
SP;3554003;Tatuí;Sabesp
SP;3554003;Tatuí;San Marino
SP;3554003;Tatuí;São Conrado
SP;3554003;Tatuí;Vale da Lua
SP;3554003;Tatuí;Vale dos Lagos
SP;3554003;Tatuí;Vila Angélica
SP;3554003;Tatuí;Vila Bandeirantes
SP;3554003;Tatuí;Vila Bela Vista
SP;3554003;Tatuí;Vila Brasil
SP;3554003;Tatuí;Vila Doutor Laurindo
SP;3554003;Tatuí;Vila Esperança
SP;3554003;Tatuí;Vila Ezequiel
SP;3554003;Tatuí;Vila Juca Menezes
SP;3554003;Tatuí;Vila Minghini
SP;3554003;Tatuí;Vila Nova Esperança
SP;3554003;Tatuí;Vila Parque Santa Maria
SP;3554003;Tatuí;Vila Paulina
SP;3554003;Tatuí;Vila Primavera
SP;3554003;Tatuí;Vila Santa Adélia
SP;3554003;Tatuí;Vila Santa Helena
SP;3554003;Tatuí;Vila Santa Luzia
SP;3554003;Tatuí;Vila São Cristóvão
SP;3554003;Tatuí;Vila São Lázaro
SP;3554003;Tatuí;Vila São Paulo
SP;3554003;Tatuí;Vila Vicente Correa
SP;3554003;Tatuí;Village Engenheiro Campos
SP;3554003;Tatuí;Village Vitória
SP;3554102;Taubaté;Água Quente
SP;3554102;Taubaté;Alto de São João
SP;3554102;Taubaté;Alto de São Pedro
SP;3554102;Taubaté;Areão
SP;3554102;Taubaté;Barranco
SP;3554102;Taubaté;Belém
SP;3554102;Taubaté;Caixa d'Água
SP;3554102;Taubaté;Cataguá
SP;3554102;Taubaté;Cavarucanguera
SP;3554102;Taubaté;Centro
SP;3554102;Taubaté;Estiva
SP;3554102;Taubaté;Imaculada Conceição
SP;3554102;Taubaté;Independência
SP;3554102;Taubaté;Itaim
SP;3554102;Taubaté;Itapecerica
SP;3554102;Taubaté;Lavadouro de Areia
SP;3554102;Taubaté;Monção
SP;3554102;Taubaté;Pinhão
SP;3554102;Taubaté;Piracangaguá
SP;3554102;Taubaté;Quiririm
SP;3554102;Taubaté;Santa Luzia
SP;3554102;Taubaté;São Gonçalo
SP;3554102;Taubaté;Una
SP;3554201;Tejupá;
SP;3554300;Teodoro Sampaio;
SP;3554409;Terra Roxa;
SP;3554508;Tietê;
SP;3554607;Timburi;
SP;3554656;Torre de Pedra;
SP;3554706;Torrinha;
SP;3554755;Trabiju;
SP;3554805;Tremembé;
SP;3554904;Três Fronteiras;
SP;3554953;Tuiuti;
SP;3555000;Tupã;
SP;3555109;Tupi Paulista;
SP;3555208;Turiúba;
SP;3555307;Turmalina;
SP;3555356;Ubarana;
SP;3555406;Ubatuba;Acaraú
SP;3555406;Ubatuba;Almada
SP;3555406;Ubatuba;Barra da Lagoa
SP;3555406;Ubatuba;Barra Seca (Praias Vermelha e Alto)
SP;3555406;Ubatuba;Barra Seca - Praias Vermelha e Alto
SP;3555406;Ubatuba;Bela Vista
SP;3555406;Ubatuba;Camburi
SP;3555406;Ubatuba;Centro
SP;3555406;Ubatuba;Corcovado
SP;3555406;Ubatuba;Enseada
SP;3555406;Ubatuba;Estufa I
SP;3555406;Ubatuba;Estufa II
SP;3555406;Ubatuba;Figueira (Pé da Serra)
SP;3555406;Ubatuba;Figueira - Pé da Serra
SP;3555406;Ubatuba;Flamengo/Praias: Ribeira e Sete Fortes
SP;3555406;Ubatuba;Folha Seca
SP;3555406;Ubatuba;Horto (Morro das Moças)
SP;3555406;Ubatuba;Horto - Morro das Moças
SP;3555406;Ubatuba;Ipiranguinha
SP;3555406;Ubatuba;Itaguá
SP;3555406;Ubatuba;Lagoinha
SP;3555406;Ubatuba;Lázaro (Domingas Dias)
SP;3555406;Ubatuba;Lázaro - Praia Domingos Dias
SP;3555406;Ubatuba;Marafunda
SP;3555406;Ubatuba;Maranduba
SP;3555406;Ubatuba;Mato Dentro (Carolina, Trevo, Samambaia)
SP;3555406;Ubatuba;Mato Dentro - Carolina, Trevo, Samambá
SP;3555406;Ubatuba;Monte Valério
SP;3555406;Ubatuba;Pedra Verde (Domingas Dias)
SP;3555406;Ubatuba;Pedra Verde - Domingos Dias
SP;3555406;Ubatuba;Pedreira
SP;3555406;Ubatuba;Pereque-Açu
SP;3555406;Ubatuba;Perequê-Açu
SP;3555406;Ubatuba;Perequê-Mirim
SP;3555406;Ubatuba;Pereque-Mirim
SP;3555406;Ubatuba;Picinguaba
SP;3555406;Ubatuba;Ponta Grossa
SP;3555406;Ubatuba;Praia da Caçandoca (Pulso e Raposa)
SP;3555406;Ubatuba;Praia da Caçandoca - Pulso e Raposa
SP;3555406;Ubatuba;Praia da Fazenda
SP;3555406;Ubatuba;Praia da Fortaleza
SP;3555406;Ubatuba;Praia da Porta (Lag, Fig, Galheta)
SP;3555406;Ubatuba;Praia da Porta - Lag, Fig, Galheta
SP;3555406;Ubatuba;Praia do Félix (Praia do Lúcio)
SP;3555406;Ubatuba;Praia do Félix - Praia do Lúcio
SP;3555406;Ubatuba;Praia do Frade (Saco das Bananas)
SP;3555406;Ubatuba;Praia do Frade - Saco das Bananas
SP;3555406;Ubatuba;Praia do Itamambuca
SP;3555406;Ubatuba;Praia do Puruba
SP;3555406;Ubatuba;Praia do Sapê
SP;3555406;Ubatuba;Praia Dura
SP;3555406;Ubatuba;Praia Grande
SP;3555406;Ubatuba;Praia Grande do Bonete (Praia Deserto)
SP;3555406;Ubatuba;Praia Grande do Bonete - Praia Deserto
SP;3555406;Ubatuba;Praia Vermelha
SP;3555406;Ubatuba;Promirim
SP;3555406;Ubatuba;Puruba
SP;3555406;Ubatuba;Ressaca
SP;3555406;Ubatuba;Rio da Prata
SP;3555406;Ubatuba;Rio Escuro
SP;3555406;Ubatuba;Saco da Ribeira (Praia do Lambert)
SP;3555406;Ubatuba;Saco da Ribeira - Praia do Lambert
SP;3555406;Ubatuba;Santa Rita
SP;3555406;Ubatuba;Sertão da Quina
SP;3555406;Ubatuba;Sertão do Arariba
SP;3555406;Ubatuba;Sertão do Engenho Velho
SP;3555406;Ubatuba;Sertão do Ingá
SP;3555406;Ubatuba;Sertão do Meio
SP;3555406;Ubatuba;Sertão do Pereque-Mirim
SP;3555406;Ubatuba;Sertão do Perequê-Mirim
SP;3555406;Ubatuba;Sesmaria
SP;3555406;Ubatuba;Silop
SP;3555406;Ubatuba;Sumaré
SP;3555406;Ubatuba;Sumidouro
SP;3555406;Ubatuba;Tabatinga
SP;3555406;Ubatuba;Taquaral
SP;3555406;Ubatuba;Tenório (Praia Vermelha)
SP;3555406;Ubatuba;Tenório - Praia Vermelha
SP;3555406;Ubatuba;Toninhas (Praias Godói, Xanda e Fora)
SP;3555406;Ubatuba;Toninhas - Praias Godói, Xanda e Fora
SP;3555406;Ubatuba;Ubatumirim
SP;3555406;Ubatuba;Umuarama
SP;3555505;Ubirajara;
SP;3555604;Uchoa;
SP;3555703;União Paulista;
SP;3555802;Urânia;
SP;3555901;Uru;
SP;3556008;Urupês;
SP;3556107;Valentim Gentil;
SP;3556206;Valinhos;
SP;3556305;Valparaíso;
SP;3556354;Vargem;
SP;3556404;Vargem Grande do Sul;
SP;3556453;Vargem Grande Paulista;
SP;3556503;Várzea Paulista;
SP;3556602;Vera Cruz;
SP;3556701;Vinhedo;Benedito Storani/Distrito Industrial
SP;3556701;Vinhedo;Bosque
SP;3556701;Vinhedo;Buracão
SP;3556701;Vinhedo;Cachoeira
SP;3556701;Vinhedo;Caixa D'água
SP;3556701;Vinhedo;Capela
SP;3556701;Vinhedo;Centro
SP;3556701;Vinhedo;Do Moinho
SP;3556701;Vinhedo;João XXIII
SP;3556701;Vinhedo;Marambaia
SP;3556701;Vinhedo;Nova Vinhedo
SP;3556701;Vinhedo;Observatório
SP;3556701;Vinhedo;Paiol Velho
SP;3556701;Vinhedo;Pinheirinho
SP;3556701;Vinhedo;Santa Cândida
SP;3556701;Vinhedo;Santa Claudina
SP;3556701;Vinhedo;Santa Rosa
SP;3556701;Vinhedo;São Joaquim
SP;3556701;Vinhedo;Vista Alegre
SP;3556800;Viradouro;
SP;3556909;Vista Alegre do Alto;
SP;3556958;Vitória Brasil;
SP;3557006;Votorantim;
SP;3557105;Votuporanga;
SP;3557154;Zacarias;
TO;1700251;Abreulândia;
TO;1700301;Aguiarnópolis;
TO;1700350;Aliança do Tocantins;
TO;1700400;Almas;
TO;1700707;Alvorada;
TO;1701002;Ananás;
TO;1701051;Angico;
TO;1701101;Aparecida do Rio Negro;
TO;1701309;Aragominas;
TO;1701903;Araguacema;
TO;1702000;Araguaçu;
TO;1702109;Araguaína;
TO;1702158;Araguanã;
TO;1702208;Araguatins;
TO;1702307;Arapoema;
TO;1702406;Arraias;
TO;1702554;Augustinópolis;
TO;1702703;Aurora do Tocantins;
TO;1702901;Axixá do Tocantins;
TO;1703008;Babaçulândia;
TO;1703057;Bandeirantes do Tocantins;
TO;1703073;Barra do Ouro;
TO;1703107;Barrolândia;
TO;1703206;Bernardo Sayão;
TO;1703305;Bom Jesus do Tocantins;
TO;1703602;Brasilândia do Tocantins;
TO;1703701;Brejinho de Nazaré;
TO;1703800;Buriti do Tocantins;
TO;1703826;Cachoeirinha;
TO;1703842;Campos Lindos;
TO;1703867;Cariri do Tocantins;
TO;1703883;Carmolândia;
TO;1703891;Carrasco Bonito;
TO;1703909;Caseara;
TO;1704105;Centenário;
TO;1705102;Chapada da Natividade;
TO;1704600;Chapada de Areia;
TO;1705508;Colinas do Tocantins;
TO;1716703;Colméia;
TO;1705557;Combinado;
TO;1705607;Conceição do Tocantins;
TO;1706001;Couto Magalhães;
TO;1706100;Cristalândia;
TO;1706258;Crixás do Tocantins;
TO;1706506;Darcinópolis;
TO;1707009;Dianópolis;
TO;1707108;Divinópolis do Tocantins;
TO;1707207;Dois Irmãos do Tocantins;
TO;1707306;Dueré;
TO;1707405;Esperantina;
TO;1707553;Fátima;
TO;1707652;Figueirópolis;
TO;1707702;Filadélfia;
TO;1708205;Formoso do Araguaia;
TO;1708304;Goianorte;
TO;1709005;Goiatins;
TO;1709302;Guaraí;
TO;1709500;Gurupi;
TO;1709807;Ipueiras;
TO;1710508;Itacajá;
TO;1710706;Itaguatins;
TO;1710904;Itapiratins;
TO;1711100;Itaporã do Tocantins;
TO;1711506;Jaú do Tocantins;
TO;1711803;Juarina;
TO;1711902;Lagoa da Confusão;
TO;1711951;Lagoa do Tocantins;
TO;1712009;Lajeado;
TO;1712157;Lavandeira;
TO;1712405;Lizarda;
TO;1712454;Luzinópolis;
TO;1712504;Marianópolis do Tocantins;
TO;1712702;Mateiros;
TO;1712801;Maurilândia do Tocantins;
TO;1713205;Miracema do Tocantins;
TO;1713304;Miranorte;
TO;1713601;Monte do Carmo;
TO;1713700;Monte Santo do Tocantins;
TO;1713957;Muricilândia;
TO;1714203;Natividade;
TO;1714302;Nazaré;
TO;1714880;Nova Olinda;
TO;1715002;Nova Rosalândia;
TO;1715101;Novo Acordo;
TO;1715150;Novo Alegre;
TO;1715259;Novo Jardim;
TO;1715507;Oliveira de Fátima;
TO;1721000;Palmas;
TO;1715705;Palmeirante;
TO;1713809;Palmeiras do Tocantins;
TO;1715754;Palmeirópolis;
TO;1716109;Paraíso do Tocantins;
TO;1716208;Paranã;
TO;1716307;Pau D'Arco;
TO;1716505;Pedro Afonso;
TO;1716604;Peixe;
TO;1716653;Pequizeiro;
TO;1717008;Pindorama do Tocantins;
TO;1717206;Piraquê;
TO;1717503;Pium;
TO;1717800;Ponte Alta do Bom Jesus;
TO;1717909;Ponte Alta do Tocantins;
TO;1718006;Porto Alegre do Tocantins;
TO;1718204;Porto Nacional;
TO;1718303;Praia Norte;
TO;1718402;Presidente Kennedy;
TO;1718451;Pugmil;
TO;1718501;Recursolândia;
TO;1718550;Riachinho;
TO;1718659;Rio da Conceição;
TO;1718709;Rio dos Bois;
TO;1718758;Rio Sono;
TO;1718808;Sampaio;
TO;1718840;Sandolândia;
TO;1718865;Santa Fé do Araguaia;
TO;1718881;Santa Maria do Tocantins;
TO;1718899;Santa Rita do Tocantins;
TO;1718907;Santa Rosa do Tocantins;
TO;1719004;Santa Tereza do Tocantins;
TO;1720002;Santa Terezinha do Tocantins;
TO;1720101;São Bento do Tocantins;
TO;1720150;São Félix do Tocantins;
TO;1720200;São Miguel do Tocantins;
TO;1720259;São Salvador do Tocantins;
TO;1720309;São Sebastião do Tocantins;
TO;1720499;São Valério;
TO;1720655;Silvanópolis;
TO;1720804;Sítio Novo do Tocantins;
TO;1720853;Sucupira;
TO;1708254;Tabocão;
TO;1720903;Taguatinga;
TO;1720937;Taipas do Tocantins;
TO;1720978;Talismã;
TO;1721109;Tocantínia;
TO;1721208;Tocantinópolis;
TO;1721257;Tupirama;
TO;1721307;Tupiratins;
TO;1722081;Wanderlândia;
TO;1722107;Xambioá;
